-- MySQL dump 10.13  Distrib 8.0.42, for Win64 (x86_64)
--
-- Host: 127.0.0.1    Database: crm
-- ------------------------------------------------------
-- Server version	11.6.2-MariaDB

/*!40101 SET @OLD_CHARACTER_SET_CLIENT=@@CHARACTER_SET_CLIENT */;
/*!40101 SET @OLD_CHARACTER_SET_RESULTS=@@CHARACTER_SET_RESULTS */;
/*!40101 SET @OLD_COLLATION_CONNECTION=@@COLLATION_CONNECTION */;
/*!50503 SET NAMES utf8mb4 */;
/*!40103 SET @OLD_TIME_ZONE=@@TIME_ZONE */;
/*!40103 SET TIME_ZONE='+00:00' */;
/*!40014 SET @OLD_UNIQUE_CHECKS=@@UNIQUE_CHECKS, UNIQUE_CHECKS=0 */;
/*!40014 SET @OLD_FOREIGN_KEY_CHECKS=@@FOREIGN_KEY_CHECKS, FOREIGN_KEY_CHECKS=0 */;
/*!40101 SET @OLD_SQL_MODE=@@SQL_MODE, SQL_MODE='NO_AUTO_VALUE_ON_ZERO' */;
/*!40111 SET @OLD_SQL_NOTES=@@SQL_NOTES, SQL_NOTES=0 */;

--
-- Table structure for table `accounts_city`
--

DROP TABLE IF EXISTS `accounts_city`;
/*!40101 SET @saved_cs_client     = @@character_set_client */;
/*!50503 SET character_set_client = utf8mb4 */;
CREATE TABLE `accounts_city` (
  `id` bigint(20) NOT NULL AUTO_INCREMENT,
  `city_name` varchar(255) NOT NULL,
  `state_id` bigint(20) DEFAULT NULL,
  PRIMARY KEY (`id`),
  KEY `accounts_city_state_id_4ea0890d_fk_accounts_state_id` (`state_id`),
  CONSTRAINT `accounts_city_state_id_4ea0890d_fk_accounts_state_id` FOREIGN KEY (`state_id`) REFERENCES `accounts_state` (`id`)
) ENGINE=InnoDB AUTO_INCREMENT=24 DEFAULT CHARSET=utf8mb4 COLLATE=utf8mb4_unicode_ci;
/*!40101 SET character_set_client = @saved_cs_client */;

--
-- Dumping data for table `accounts_city`
--

LOCK TABLES `accounts_city` WRITE;
/*!40000 ALTER TABLE `accounts_city` DISABLE KEYS */;
INSERT INTO `accounts_city` VALUES (1,'Coimbatore',1),(2,'Chennai',1),(3,'Thiruvananthapuram',2),(5,'Salem',1),(12,'Trichy',1),(15,'Tiruppur',1),(16,'Pollachi',1),(17,'Karur',1),(18,'Erode',1),(19,'Ooty',1),(20,'Delhi',17),(21,'Mumbai',18),(22,'Pune',18),(23,'Hyderabad',4);
/*!40000 ALTER TABLE `accounts_city` ENABLE KEYS */;
UNLOCK TABLES;

--
-- Table structure for table `accounts_contact_status`
--

DROP TABLE IF EXISTS `accounts_contact_status`;
/*!40101 SET @saved_cs_client     = @@character_set_client */;
/*!50503 SET character_set_client = utf8mb4 */;
CREATE TABLE `accounts_contact_status` (
  `id` bigint(20) NOT NULL AUTO_INCREMENT,
  `status` varchar(255) NOT NULL,
  `description` longtext DEFAULT NULL,
  `is_active` tinyint(1) NOT NULL,
  PRIMARY KEY (`id`)
) ENGINE=InnoDB AUTO_INCREMENT=15 DEFAULT CHARSET=utf8mb4 COLLATE=utf8mb4_unicode_ci;
/*!40101 SET character_set_client = @saved_cs_client */;

--
-- Dumping data for table `accounts_contact_status`
--

LOCK TABLES `accounts_contact_status` WRITE;
/*!40000 ALTER TABLE `accounts_contact_status` DISABLE KEYS */;
INSERT INTO `accounts_contact_status` VALUES (1,'Not contacted','',0),(2,'Contacted','',1),(3,'open','',0),(4,'new status',NULL,0),(5,'Not Answering',NULL,1),(6,'Line busy',NULL,1),(7,'new one',NULL,0),(8,'onces',NULL,0),(9,'test',NULL,0),(10,'abcs',NULL,0),(11,'ccc',NULL,0),(12,'Switched off',NULL,1),(13,'Out of network',NULL,1),(14,'Not Exist',NULL,1);
/*!40000 ALTER TABLE `accounts_contact_status` ENABLE KEYS */;
UNLOCK TABLES;

--
-- Table structure for table `accounts_country`
--

DROP TABLE IF EXISTS `accounts_country`;
/*!40101 SET @saved_cs_client     = @@character_set_client */;
/*!50503 SET character_set_client = utf8mb4 */;
CREATE TABLE `accounts_country` (
  `id` bigint(20) NOT NULL AUTO_INCREMENT,
  `country_name` varchar(255) NOT NULL,
  `currency_short` varchar(15) DEFAULT NULL,
  `currency_full` varchar(55) DEFAULT NULL,
  `currency_active` tinyint(1) NOT NULL,
  `country_code` varchar(15) DEFAULT NULL,
  PRIMARY KEY (`id`)
) ENGINE=InnoDB AUTO_INCREMENT=3 DEFAULT CHARSET=utf8mb4 COLLATE=utf8mb4_unicode_ci;
/*!40101 SET character_set_client = @saved_cs_client */;

--
-- Dumping data for table `accounts_country`
--

LOCK TABLES `accounts_country` WRITE;
/*!40000 ALTER TABLE `accounts_country` DISABLE KEYS */;
INSERT INTO `accounts_country` VALUES (1,'India','Ind','Rs',1,'+91'),(2,'United States of America','USA',NULL,0,NULL);
/*!40000 ALTER TABLE `accounts_country` ENABLE KEYS */;
UNLOCK TABLES;

--
-- Table structure for table `accounts_focus_segment`
--

DROP TABLE IF EXISTS `accounts_focus_segment`;
/*!40101 SET @saved_cs_client     = @@character_set_client */;
/*!50503 SET character_set_client = utf8mb4 */;
CREATE TABLE `accounts_focus_segment` (
  `id` bigint(20) NOT NULL AUTO_INCREMENT,
  `focus_segment` varchar(255) NOT NULL,
  `description` longtext DEFAULT NULL,
  `is_active` tinyint(1) NOT NULL,
  `vertical_id` bigint(20) NOT NULL,
  PRIMARY KEY (`id`),
  KEY `accounts_focus_segme_vertical_id_e099ce7d_fk_accounts_` (`vertical_id`),
  CONSTRAINT `accounts_focus_segme_vertical_id_e099ce7d_fk_accounts_` FOREIGN KEY (`vertical_id`) REFERENCES `accounts_vertical` (`id`)
) ENGINE=InnoDB AUTO_INCREMENT=24 DEFAULT CHARSET=utf8mb4 COLLATE=utf8mb4_unicode_ci;
/*!40101 SET character_set_client = @saved_cs_client */;

--
-- Dumping data for table `accounts_focus_segment`
--

LOCK TABLES `accounts_focus_segment` WRITE;
/*!40000 ALTER TABLE `accounts_focus_segment` DISABLE KEYS */;
INSERT INTO `accounts_focus_segment` VALUES (7,'Textiles','',0,6),(8,'Fashions','',1,11),(9,'Machine Accessories','',1,9),(10,'Cutting','',0,6),(11,'Pumps','',1,6),(12,'Foods','',1,7),(13,'Healthcares','',1,7),(14,'Constructions','',1,7),(15,'Architects','',1,10),(16,'Jewellery','',1,10),(17,'Educations Institutions','',0,11),(18,'IT Services','',0,10),(19,'dee',NULL,0,6),(20,'dsf',NULL,0,7),(21,'testing',NULL,0,9),(22,'dfw',NULL,0,10),(23,'ccc',NULL,0,11);
/*!40000 ALTER TABLE `accounts_focus_segment` ENABLE KEYS */;
UNLOCK TABLES;

--
-- Table structure for table `accounts_lead_source`
--

DROP TABLE IF EXISTS `accounts_lead_source`;
/*!40101 SET @saved_cs_client     = @@character_set_client */;
/*!50503 SET character_set_client = utf8mb4 */;
CREATE TABLE `accounts_lead_source` (
  `id` bigint(20) NOT NULL AUTO_INCREMENT,
  `source` varchar(255) NOT NULL,
  `description` longtext DEFAULT NULL,
  `is_active` tinyint(1) NOT NULL,
  PRIMARY KEY (`id`)
) ENGINE=InnoDB AUTO_INCREMENT=16 DEFAULT CHARSET=utf8mb4 COLLATE=utf8mb4_unicode_ci;
/*!40101 SET character_set_client = @saved_cs_client */;

--
-- Dumping data for table `accounts_lead_source`
--

LOCK TABLES `accounts_lead_source` WRITE;
/*!40000 ALTER TABLE `accounts_lead_source` DISABLE KEYS */;
INSERT INTO `accounts_lead_source` VALUES (1,'Social Media Ads','Social',1),(2,'Webinars and Events','Events',1),(3,'Search Engine Optimization','Search Engine',1),(4,'Cold Calling','Cold Calling',1),(5,'Industry Publications','Industry Publications',1),(6,'Referrals and Word of Mouth','Referrals and Word of Mouth',1),(13,'FB leads',NULL,1),(14,'Google Organic leads',NULL,1),(15,'SM Organic Leads',NULL,1);
/*!40000 ALTER TABLE `accounts_lead_source` ENABLE KEYS */;
UNLOCK TABLES;

--
-- Table structure for table `accounts_lead_source_from`
--

DROP TABLE IF EXISTS `accounts_lead_source_from`;
/*!40101 SET @saved_cs_client     = @@character_set_client */;
/*!50503 SET character_set_client = utf8mb4 */;
CREATE TABLE `accounts_lead_source_from` (
  `id` bigint(20) NOT NULL AUTO_INCREMENT,
  `source_from` varchar(255) NOT NULL,
  `description` longtext DEFAULT NULL,
  `is_active` tinyint(1) NOT NULL,
  `source_id` bigint(20) DEFAULT NULL,
  PRIMARY KEY (`id`),
  KEY `accounts_lead_source_source_id_e2f11b17_fk_accounts_` (`source_id`),
  CONSTRAINT `accounts_lead_source_source_id_e2f11b17_fk_accounts_` FOREIGN KEY (`source_id`) REFERENCES `accounts_lead_source` (`id`)
) ENGINE=InnoDB AUTO_INCREMENT=4 DEFAULT CHARSET=utf8mb4 COLLATE=utf8mb4_unicode_ci;
/*!40101 SET character_set_client = @saved_cs_client */;

--
-- Dumping data for table `accounts_lead_source_from`
--

LOCK TABLES `accounts_lead_source_from` WRITE;
/*!40000 ALTER TABLE `accounts_lead_source_from` DISABLE KEYS */;
INSERT INTO `accounts_lead_source_from` VALUES (1,'Industry Publications','Industry Publications',1,1),(2,'Industry Publications edit','lead_sources_from',1,1),(3,'lead sourcee',NULL,1,NULL);
/*!40000 ALTER TABLE `accounts_lead_source_from` ENABLE KEYS */;
UNLOCK TABLES;

--
-- Table structure for table `accounts_log_stage`
--

DROP TABLE IF EXISTS `accounts_log_stage`;
/*!40101 SET @saved_cs_client     = @@character_set_client */;
/*!50503 SET character_set_client = utf8mb4 */;
CREATE TABLE `accounts_log_stage` (
  `id` bigint(20) NOT NULL AUTO_INCREMENT,
  `stage` varchar(255) NOT NULL,
  `description` longtext DEFAULT NULL,
  `is_active` tinyint(1) NOT NULL,
  PRIMARY KEY (`id`)
) ENGINE=InnoDB AUTO_INCREMENT=20 DEFAULT CHARSET=utf8mb4 COLLATE=utf8mb4_unicode_ci;
/*!40101 SET character_set_client = @saved_cs_client */;

--
-- Dumping data for table `accounts_log_stage`
--

LOCK TABLES `accounts_log_stage` WRITE;
/*!40000 ALTER TABLE `accounts_log_stage` DISABLE KEYS */;
INSERT INTO `accounts_log_stage` VALUES (1,'Stage 0','',0),(2,'Stage 2','',0),(3,'Stage 3','',0),(4,'new',NULL,0),(5,'new',NULL,0),(6,'new log edit',NULL,0),(7,'new',NULL,0),(8,'new 1',NULL,0),(9,'newww',NULL,0),(10,'create new',NULL,0),(11,'ree',NULL,0),(12,'geee',NULL,0),(13,'hyyy',NULL,0),(14,'Done',NULL,1),(15,'satge 5',NULL,0),(16,'new',NULL,0),(17,'ccc',NULL,0),(18,'name',NULL,0),(19,'Test',NULL,0);
/*!40000 ALTER TABLE `accounts_log_stage` ENABLE KEYS */;
UNLOCK TABLES;

--
-- Table structure for table `accounts_market_segment`
--

DROP TABLE IF EXISTS `accounts_market_segment`;
/*!40101 SET @saved_cs_client     = @@character_set_client */;
/*!50503 SET character_set_client = utf8mb4 */;
CREATE TABLE `accounts_market_segment` (
  `id` bigint(20) NOT NULL AUTO_INCREMENT,
  `market_segment` varchar(255) NOT NULL,
  `description` longtext DEFAULT NULL,
  `is_active` tinyint(1) NOT NULL,
  PRIMARY KEY (`id`)
) ENGINE=InnoDB AUTO_INCREMENT=19 DEFAULT CHARSET=utf8mb4 COLLATE=utf8mb4_unicode_ci;
/*!40101 SET character_set_client = @saved_cs_client */;

--
-- Dumping data for table `accounts_market_segment`
--

LOCK TABLES `accounts_market_segment` WRITE;
/*!40000 ALTER TABLE `accounts_market_segment` DISABLE KEYS */;
INSERT INTO `accounts_market_segment` VALUES (3,'Middle Income','',1),(4,'Lower Income','',1),(5,'Upper Income','',1),(7,'new edit',NULL,0),(8,'newgv',NULL,0),(9,'Testing',NULL,0),(10,'sdfdsf',NULL,0),(11,'sdfsdf',NULL,0),(12,'sdfdfsd',NULL,0),(13,'sdfsdf',NULL,0),(14,'sdfsdf',NULL,0),(15,'sdfsd',NULL,0),(16,'dsfds',NULL,0),(17,'sdfdsf',NULL,0),(18,'cccc',NULL,0);
/*!40000 ALTER TABLE `accounts_market_segment` ENABLE KEYS */;
UNLOCK TABLES;

--
-- Table structure for table `accounts_salutation`
--

DROP TABLE IF EXISTS `accounts_salutation`;
/*!40101 SET @saved_cs_client     = @@character_set_client */;
/*!50503 SET character_set_client = utf8mb4 */;
CREATE TABLE `accounts_salutation` (
  `id` bigint(20) NOT NULL AUTO_INCREMENT,
  `salutation` varchar(15) NOT NULL,
  `is_active` tinyint(1) NOT NULL,
  PRIMARY KEY (`id`)
) ENGINE=InnoDB AUTO_INCREMENT=10 DEFAULT CHARSET=utf8mb4 COLLATE=utf8mb4_unicode_ci;
/*!40101 SET character_set_client = @saved_cs_client */;

--
-- Dumping data for table `accounts_salutation`
--

LOCK TABLES `accounts_salutation` WRITE;
/*!40000 ALTER TABLE `accounts_salutation` DISABLE KEYS */;
INSERT INTO `accounts_salutation` VALUES (1,'Mr.',0),(2,'Mrs.',1),(3,'Ms.',1),(4,'Dr.',1),(5,'Er.',1),(6,'mrs',0),(7,'dr',0),(8,'hyyu',0),(9,'Mr',0);
/*!40000 ALTER TABLE `accounts_salutation` ENABLE KEYS */;
UNLOCK TABLES;

--
-- Table structure for table `accounts_stage`
--

DROP TABLE IF EXISTS `accounts_stage`;
/*!40101 SET @saved_cs_client     = @@character_set_client */;
/*!50503 SET character_set_client = utf8mb4 */;
CREATE TABLE `accounts_stage` (
  `id` bigint(20) NOT NULL AUTO_INCREMENT,
  `stage` varchar(255) NOT NULL,
  `description` longtext DEFAULT NULL,
  `probability` int(11) NOT NULL,
  `is_active` tinyint(1) NOT NULL,
  PRIMARY KEY (`id`)
) ENGINE=InnoDB AUTO_INCREMENT=28 DEFAULT CHARSET=utf8mb4 COLLATE=utf8mb4_unicode_ci;
/*!40101 SET character_set_client = @saved_cs_client */;

--
-- Dumping data for table `accounts_stage`
--

LOCK TABLES `accounts_stage` WRITE;
/*!40000 ALTER TABLE `accounts_stage` DISABLE KEYS */;
INSERT INTO `accounts_stage` VALUES (16,'Prospecting','',20,0),(17,'Qualification','',30,1),(18,'Needs analysis','',40,1),(19,'Value proposition','',50,1),(20,'Decision makers','',60,1),(21,'Perception analysis','',70,1),(22,'Proposal','',80,1),(23,'Negotiation and commitment','',90,1),(24,'Closed won','',100,1),(25,'Closed lostt','',0,0),(26,'test','',20,0),(27,'cc','cc',20,0);
/*!40000 ALTER TABLE `accounts_stage` ENABLE KEYS */;
UNLOCK TABLES;

--
-- Table structure for table `accounts_state`
--

DROP TABLE IF EXISTS `accounts_state`;
/*!40101 SET @saved_cs_client     = @@character_set_client */;
/*!50503 SET character_set_client = utf8mb4 */;
CREATE TABLE `accounts_state` (
  `id` bigint(20) NOT NULL AUTO_INCREMENT,
  `state_name` varchar(255) NOT NULL,
  `country_id` bigint(20) NOT NULL,
  PRIMARY KEY (`id`),
  KEY `accounts_state_country_id_39e7b64f_fk_accounts_country_id` (`country_id`),
  CONSTRAINT `accounts_state_country_id_39e7b64f_fk_accounts_country_id` FOREIGN KEY (`country_id`) REFERENCES `accounts_country` (`id`)
) ENGINE=InnoDB AUTO_INCREMENT=19 DEFAULT CHARSET=utf8mb4 COLLATE=utf8mb4_unicode_ci;
/*!40101 SET character_set_client = @saved_cs_client */;

--
-- Dumping data for table `accounts_state`
--

LOCK TABLES `accounts_state` WRITE;
/*!40000 ALTER TABLE `accounts_state` DISABLE KEYS */;
INSERT INTO `accounts_state` VALUES (1,'Tamilnadu',1),(2,'Kerala',1),(3,'Karnataka',1),(4,'Telangana',1),(5,'Texas',2),(6,'Florida',2),(7,'California',2),(9,'Pune',1),(17,'Delhi',1),(18,'Maharashtra',1);
/*!40000 ALTER TABLE `accounts_state` ENABLE KEYS */;
UNLOCK TABLES;

--
-- Table structure for table `accounts_tag`
--

DROP TABLE IF EXISTS `accounts_tag`;
/*!40101 SET @saved_cs_client     = @@character_set_client */;
/*!50503 SET character_set_client = utf8mb4 */;
CREATE TABLE `accounts_tag` (
  `id` bigint(20) NOT NULL AUTO_INCREMENT,
  `tag` varchar(255) NOT NULL,
  `description` longtext DEFAULT NULL,
  `is_active` tinyint(1) NOT NULL,
  PRIMARY KEY (`id`)
) ENGINE=InnoDB AUTO_INCREMENT=30 DEFAULT CHARSET=utf8mb4 COLLATE=utf8mb4_unicode_ci;
/*!40101 SET character_set_client = @saved_cs_client */;

--
-- Dumping data for table `accounts_tag`
--

LOCK TABLES `accounts_tag` WRITE;
/*!40000 ALTER TABLE `accounts_tag` DISABLE KEYS */;
INSERT INTO `accounts_tag` VALUES (1,'Severe Followup needed','',1),(2,'High Priority','',1),(3,'Don\'t not Contact','',1),(4,'new edit',NULL,0),(5,'tag',NULL,0),(6,'aaa',NULL,0),(7,'ewdew',NULL,0),(8,'ewd',NULL,0),(9,'w',NULL,0),(10,'dwddw',NULL,0),(11,'dwwd',NULL,0),(12,'wdw',NULL,0),(13,'dddd',NULL,0),(14,'dww',NULL,0),(15,'testing',NULL,0),(16,'ew',NULL,0),(17,'wef',NULL,0),(18,'efw',NULL,0),(19,'efw',NULL,0),(20,'ef',NULL,0),(21,'f',NULL,0),(22,'e',NULL,0),(23,'f',NULL,0),(24,'cccc',NULL,0),(25,'Follow up',NULL,1),(26,'Not Now',NULL,1),(27,'Not Interested',NULL,1),(28,'If needed will call back',NULL,1),(29,'no response',NULL,1);
/*!40000 ALTER TABLE `accounts_tag` ENABLE KEYS */;
UNLOCK TABLES;

--
-- Table structure for table `accounts_teams`
--

DROP TABLE IF EXISTS `accounts_teams`;
/*!40101 SET @saved_cs_client     = @@character_set_client */;
/*!50503 SET character_set_client = utf8mb4 */;
CREATE TABLE `accounts_teams` (
  `id` bigint(20) NOT NULL AUTO_INCREMENT,
  `bdm_user_id` int(11) NOT NULL,
  PRIMARY KEY (`id`),
  UNIQUE KEY `accounts_teams_bdm_user_id_a7db182f_uniq` (`bdm_user_id`),
  CONSTRAINT `accounts_teams_bdm_user_id_a7db182f_fk_auth_user_id` FOREIGN KEY (`bdm_user_id`) REFERENCES `auth_user` (`id`)
) ENGINE=InnoDB AUTO_INCREMENT=7 DEFAULT CHARSET=utf8mb4 COLLATE=utf8mb4_unicode_ci;
/*!40101 SET character_set_client = @saved_cs_client */;

--
-- Dumping data for table `accounts_teams`
--

LOCK TABLES `accounts_teams` WRITE;
/*!40000 ALTER TABLE `accounts_teams` DISABLE KEYS */;
INSERT INTO `accounts_teams` VALUES (4,10);
/*!40000 ALTER TABLE `accounts_teams` ENABLE KEYS */;
UNLOCK TABLES;

--
-- Table structure for table `accounts_teams_bde_user`
--

DROP TABLE IF EXISTS `accounts_teams_bde_user`;
/*!40101 SET @saved_cs_client     = @@character_set_client */;
/*!50503 SET character_set_client = utf8mb4 */;
CREATE TABLE `accounts_teams_bde_user` (
  `id` bigint(20) NOT NULL AUTO_INCREMENT,
  `teams_id` bigint(20) NOT NULL,
  `user_id` int(11) NOT NULL,
  PRIMARY KEY (`id`),
  UNIQUE KEY `accounts_teams_bde_user_teams_id_user_id_6492ddbe_uniq` (`teams_id`,`user_id`),
  KEY `accounts_teams_bde_user_user_id_d9f30332_fk_auth_user_id` (`user_id`),
  CONSTRAINT `accounts_teams_bde_user_teams_id_f5938761_fk_accounts_teams_id` FOREIGN KEY (`teams_id`) REFERENCES `accounts_teams` (`id`),
  CONSTRAINT `accounts_teams_bde_user_user_id_d9f30332_fk_auth_user_id` FOREIGN KEY (`user_id`) REFERENCES `auth_user` (`id`)
) ENGINE=InnoDB AUTO_INCREMENT=38 DEFAULT CHARSET=utf8mb4 COLLATE=utf8mb4_unicode_ci;
/*!40101 SET character_set_client = @saved_cs_client */;

--
-- Dumping data for table `accounts_teams_bde_user`
--

LOCK TABLES `accounts_teams_bde_user` WRITE;
/*!40000 ALTER TABLE `accounts_teams_bde_user` DISABLE KEYS */;
INSERT INTO `accounts_teams_bde_user` VALUES (36,4,11),(37,4,24);
/*!40000 ALTER TABLE `accounts_teams_bde_user` ENABLE KEYS */;
UNLOCK TABLES;

--
-- Table structure for table `accounts_user_group`
--

DROP TABLE IF EXISTS `accounts_user_group`;
/*!40101 SET @saved_cs_client     = @@character_set_client */;
/*!50503 SET character_set_client = utf8mb4 */;
CREATE TABLE `accounts_user_group` (
  `id` bigint(20) NOT NULL AUTO_INCREMENT,
  `group_id` int(11) NOT NULL,
  `user_id` int(11) NOT NULL,
  PRIMARY KEY (`id`),
  KEY `accounts_user_group_group_id_6b5ea533_fk_auth_group_id` (`group_id`),
  KEY `accounts_user_group_user_id_5e08a261_fk_auth_user_id` (`user_id`),
  CONSTRAINT `accounts_user_group_group_id_6b5ea533_fk_auth_group_id` FOREIGN KEY (`group_id`) REFERENCES `auth_group` (`id`),
  CONSTRAINT `accounts_user_group_user_id_5e08a261_fk_auth_user_id` FOREIGN KEY (`user_id`) REFERENCES `auth_user` (`id`)
) ENGINE=InnoDB AUTO_INCREMENT=13 DEFAULT CHARSET=utf8mb4 COLLATE=utf8mb4_unicode_ci;
/*!40101 SET character_set_client = @saved_cs_client */;

--
-- Dumping data for table `accounts_user_group`
--

LOCK TABLES `accounts_user_group` WRITE;
/*!40000 ALTER TABLE `accounts_user_group` DISABLE KEYS */;
INSERT INTO `accounts_user_group` VALUES (9,2,10),(11,4,12),(12,3,11);
/*!40000 ALTER TABLE `accounts_user_group` ENABLE KEYS */;
UNLOCK TABLES;

--
-- Table structure for table `accounts_vertical`
--

DROP TABLE IF EXISTS `accounts_vertical`;
/*!40101 SET @saved_cs_client     = @@character_set_client */;
/*!50503 SET character_set_client = utf8mb4 */;
CREATE TABLE `accounts_vertical` (
  `id` bigint(20) NOT NULL AUTO_INCREMENT,
  `vertical` varchar(255) NOT NULL,
  `description` longtext DEFAULT NULL,
  `is_active` tinyint(1) NOT NULL,
  PRIMARY KEY (`id`)
) ENGINE=InnoDB AUTO_INCREMENT=18 DEFAULT CHARSET=utf8mb4 COLLATE=utf8mb4_unicode_ci;
/*!40101 SET character_set_client = @saved_cs_client */;

--
-- Dumping data for table `accounts_vertical`
--

LOCK TABLES `accounts_vertical` WRITE;
/*!40000 ALTER TABLE `accounts_vertical` DISABLE KEYS */;
INSERT INTO `accounts_vertical` VALUES (6,'Manufacturing','',1),(7,'Healthcare','',1),(9,'Real Estate','',1),(10,'Jewellery','',1),(11,'Educations Institutions','',1),(12,'IT','',0),(13,'verticals',NULL,0),(14,'new vertical',NULL,0),(15,'newzax',NULL,0),(16,'new verticals',NULL,0),(17,'aaa',NULL,0);
/*!40000 ALTER TABLE `accounts_vertical` ENABLE KEYS */;
UNLOCK TABLES;

--
-- Table structure for table `auth_group`
--

DROP TABLE IF EXISTS `auth_group`;
/*!40101 SET @saved_cs_client     = @@character_set_client */;
/*!50503 SET character_set_client = utf8mb4 */;
CREATE TABLE `auth_group` (
  `id` int(11) NOT NULL AUTO_INCREMENT,
  `name` varchar(150) NOT NULL,
  PRIMARY KEY (`id`),
  UNIQUE KEY `name` (`name`)
) ENGINE=InnoDB AUTO_INCREMENT=6 DEFAULT CHARSET=utf8mb4 COLLATE=utf8mb4_unicode_ci;
/*!40101 SET character_set_client = @saved_cs_client */;

--
-- Dumping data for table `auth_group`
--

LOCK TABLES `auth_group` WRITE;
/*!40000 ALTER TABLE `auth_group` DISABLE KEYS */;
INSERT INTO `auth_group` VALUES (1,'Admin'),(3,'BDE'),(2,'BDM'),(5,'DM'),(4,'TM');
/*!40000 ALTER TABLE `auth_group` ENABLE KEYS */;
UNLOCK TABLES;

--
-- Table structure for table `auth_group_permissions`
--

DROP TABLE IF EXISTS `auth_group_permissions`;
/*!40101 SET @saved_cs_client     = @@character_set_client */;
/*!50503 SET character_set_client = utf8mb4 */;
CREATE TABLE `auth_group_permissions` (
  `id` bigint(20) NOT NULL AUTO_INCREMENT,
  `group_id` int(11) NOT NULL,
  `permission_id` int(11) NOT NULL,
  PRIMARY KEY (`id`),
  UNIQUE KEY `auth_group_permissions_group_id_permission_id_0cd325b0_uniq` (`group_id`,`permission_id`),
  KEY `auth_group_permissio_permission_id_84c5c92e_fk_auth_perm` (`permission_id`),
  CONSTRAINT `auth_group_permissio_permission_id_84c5c92e_fk_auth_perm` FOREIGN KEY (`permission_id`) REFERENCES `auth_permission` (`id`),
  CONSTRAINT `auth_group_permissions_group_id_b120cbf9_fk_auth_group_id` FOREIGN KEY (`group_id`) REFERENCES `auth_group` (`id`)
) ENGINE=InnoDB DEFAULT CHARSET=utf8mb4 COLLATE=utf8mb4_unicode_ci;
/*!40101 SET character_set_client = @saved_cs_client */;

--
-- Dumping data for table `auth_group_permissions`
--

LOCK TABLES `auth_group_permissions` WRITE;
/*!40000 ALTER TABLE `auth_group_permissions` DISABLE KEYS */;
/*!40000 ALTER TABLE `auth_group_permissions` ENABLE KEYS */;
UNLOCK TABLES;

--
-- Table structure for table `auth_permission`
--

DROP TABLE IF EXISTS `auth_permission`;
/*!40101 SET @saved_cs_client     = @@character_set_client */;
/*!50503 SET character_set_client = utf8mb4 */;
CREATE TABLE `auth_permission` (
  `id` int(11) NOT NULL AUTO_INCREMENT,
  `name` varchar(255) NOT NULL,
  `content_type_id` int(11) NOT NULL,
  `codename` varchar(100) NOT NULL,
  PRIMARY KEY (`id`),
  UNIQUE KEY `auth_permission_content_type_id_codename_01ab375a_uniq` (`content_type_id`,`codename`),
  CONSTRAINT `auth_permission_content_type_id_2f476e4b_fk_django_co` FOREIGN KEY (`content_type_id`) REFERENCES `django_content_type` (`id`)
) ENGINE=InnoDB AUTO_INCREMENT=173 DEFAULT CHARSET=utf8mb4 COLLATE=utf8mb4_unicode_ci;
/*!40101 SET character_set_client = @saved_cs_client */;

--
-- Dumping data for table `auth_permission`
--

LOCK TABLES `auth_permission` WRITE;
/*!40000 ALTER TABLE `auth_permission` DISABLE KEYS */;
INSERT INTO `auth_permission` VALUES (1,'Can add log entry',1,'add_logentry'),(2,'Can change log entry',1,'change_logentry'),(3,'Can delete log entry',1,'delete_logentry'),(4,'Can view log entry',1,'view_logentry'),(5,'Can add permission',2,'add_permission'),(6,'Can change permission',2,'change_permission'),(7,'Can delete permission',2,'delete_permission'),(8,'Can view permission',2,'view_permission'),(9,'Can add group',3,'add_group'),(10,'Can change group',3,'change_group'),(11,'Can delete group',3,'delete_group'),(12,'Can view group',3,'view_group'),(13,'Can add user',4,'add_user'),(14,'Can change user',4,'change_user'),(15,'Can delete user',4,'delete_user'),(16,'Can view user',4,'view_user'),(17,'Can add content type',5,'add_contenttype'),(18,'Can change content type',5,'change_contenttype'),(19,'Can delete content type',5,'delete_contenttype'),(20,'Can view content type',5,'view_contenttype'),(21,'Can add session',6,'add_session'),(22,'Can change session',6,'change_session'),(23,'Can delete session',6,'delete_session'),(24,'Can view session',6,'view_session'),(25,'Can add blacklisted token',7,'add_blacklistedtoken'),(26,'Can change blacklisted token',7,'change_blacklistedtoken'),(27,'Can delete blacklisted token',7,'delete_blacklistedtoken'),(28,'Can view blacklisted token',7,'view_blacklistedtoken'),(29,'Can add outstanding token',8,'add_outstandingtoken'),(30,'Can change outstanding token',8,'change_outstandingtoken'),(31,'Can delete outstanding token',8,'delete_outstandingtoken'),(32,'Can view outstanding token',8,'view_outstandingtoken'),(33,'Can add contact_ status',9,'add_contact_status'),(34,'Can change contact_ status',9,'change_contact_status'),(35,'Can delete contact_ status',9,'delete_contact_status'),(36,'Can view contact_ status',9,'view_contact_status'),(37,'Can add country',10,'add_country'),(38,'Can change country',10,'change_country'),(39,'Can delete country',10,'delete_country'),(40,'Can view country',10,'view_country'),(41,'Can add lead_ source',11,'add_lead_source'),(42,'Can change lead_ source',11,'change_lead_source'),(43,'Can delete lead_ source',11,'delete_lead_source'),(44,'Can view lead_ source',11,'view_lead_source'),(45,'Can add log_ stage',12,'add_log_stage'),(46,'Can change log_ stage',12,'change_log_stage'),(47,'Can delete log_ stage',12,'delete_log_stage'),(48,'Can view log_ stage',12,'view_log_stage'),(49,'Can add market_ segment',13,'add_market_segment'),(50,'Can change market_ segment',13,'change_market_segment'),(51,'Can delete market_ segment',13,'delete_market_segment'),(52,'Can view market_ segment',13,'view_market_segment'),(53,'Can add salutation',14,'add_salutation'),(54,'Can change salutation',14,'change_salutation'),(55,'Can delete salutation',14,'delete_salutation'),(56,'Can view salutation',14,'view_salutation'),(57,'Can add stage',15,'add_stage'),(58,'Can change stage',15,'change_stage'),(59,'Can delete stage',15,'delete_stage'),(60,'Can view stage',15,'view_stage'),(61,'Can add tag',16,'add_tag'),(62,'Can change tag',16,'change_tag'),(63,'Can delete tag',16,'delete_tag'),(64,'Can view tag',16,'view_tag'),(65,'Can add vertical',17,'add_vertical'),(66,'Can change vertical',17,'change_vertical'),(67,'Can delete vertical',17,'delete_vertical'),(68,'Can view vertical',17,'view_vertical'),(69,'Can add state',18,'add_state'),(70,'Can change state',18,'change_state'),(71,'Can delete state',18,'delete_state'),(72,'Can view state',18,'view_state'),(73,'Can add user_ group',19,'add_user_group'),(74,'Can change user_ group',19,'change_user_group'),(75,'Can delete user_ group',19,'delete_user_group'),(76,'Can view user_ group',19,'view_user_group'),(77,'Can add focus_ segment',20,'add_focus_segment'),(78,'Can change focus_ segment',20,'change_focus_segment'),(79,'Can delete focus_ segment',20,'delete_focus_segment'),(80,'Can view focus_ segment',20,'view_focus_segment'),(81,'Can add lead_ source_ from',21,'add_lead_source_from'),(82,'Can change lead_ source_ from',21,'change_lead_source_from'),(83,'Can delete lead_ source_ from',21,'delete_lead_source_from'),(84,'Can view lead_ source_ from',21,'view_lead_source_from'),(85,'Can add city',22,'add_city'),(86,'Can change city',22,'change_city'),(87,'Can delete city',22,'delete_city'),(88,'Can view city',22,'view_city'),(89,'Can add teams',23,'add_teams'),(90,'Can change teams',23,'change_teams'),(91,'Can delete teams',23,'delete_teams'),(92,'Can view teams',23,'view_teams'),(93,'Can add department',24,'add_department'),(94,'Can change department',24,'change_department'),(95,'Can delete department',24,'delete_department'),(96,'Can view department',24,'view_department'),(97,'Can add designation',25,'add_designation'),(98,'Can change designation',25,'change_designation'),(99,'Can delete designation',25,'delete_designation'),(100,'Can view designation',25,'view_designation'),(101,'Can add email_ communication',26,'add_email_communication'),(102,'Can change email_ communication',26,'change_email_communication'),(103,'Can delete email_ communication',26,'delete_email_communication'),(104,'Can view email_ communication',26,'view_email_communication'),(105,'Can add employee',27,'add_employee'),(106,'Can change employee',27,'change_employee'),(107,'Can delete employee',27,'delete_employee'),(108,'Can view employee',27,'view_employee'),(109,'Can add lead',28,'add_lead'),(110,'Can change lead',28,'change_lead'),(111,'Can delete lead',28,'delete_lead'),(112,'Can view lead',28,'view_lead'),(113,'Can add contact',29,'add_contact'),(114,'Can change contact',29,'change_contact'),(115,'Can delete contact',29,'delete_contact'),(116,'Can view contact',29,'view_contact'),(117,'Can add lead_ assignment',30,'add_lead_assignment'),(118,'Can change lead_ assignment',30,'change_lead_assignment'),(119,'Can delete lead_ assignment',30,'delete_lead_assignment'),(120,'Can view lead_ assignment',30,'view_lead_assignment'),(121,'Can add log',31,'add_log'),(122,'Can change log',31,'change_log'),(123,'Can delete log',31,'delete_log'),(124,'Can view log',31,'view_log'),(125,'Can add opportunity',32,'add_opportunity'),(126,'Can change opportunity',32,'change_opportunity'),(127,'Can delete opportunity',32,'delete_opportunity'),(128,'Can view opportunity',32,'view_opportunity'),(129,'Can add note',33,'add_note'),(130,'Can change note',33,'change_note'),(131,'Can delete note',33,'delete_note'),(132,'Can view note',33,'view_note'),(133,'Can add opportunity_ stage',34,'add_opportunity_stage'),(134,'Can change opportunity_ stage',34,'change_opportunity_stage'),(135,'Can delete opportunity_ stage',34,'delete_opportunity_stage'),(136,'Can view opportunity_ stage',34,'view_opportunity_stage'),(137,'Can add task',35,'add_task'),(138,'Can change task',35,'change_task'),(139,'Can delete task',35,'delete_task'),(140,'Can view task',35,'view_task'),(141,'Can add task_ assignment',36,'add_task_assignment'),(142,'Can change task_ assignment',36,'change_task_assignment'),(143,'Can delete task_ assignment',36,'delete_task_assignment'),(144,'Can view task_ assignment',36,'view_task_assignment'),(145,'Can add notification',37,'add_notification'),(146,'Can change notification',37,'change_notification'),(147,'Can delete notification',37,'delete_notification'),(148,'Can view notification',37,'view_notification'),(149,'Can add lead_ status',38,'add_lead_status'),(150,'Can change lead_ status',38,'change_lead_status'),(151,'Can delete lead_ status',38,'delete_lead_status'),(152,'Can view lead_ status',38,'view_lead_status'),(153,'Can add lead_ bucket',39,'add_lead_bucket'),(154,'Can change lead_ bucket',39,'change_lead_bucket'),(155,'Can delete lead_ bucket',39,'delete_lead_bucket'),(156,'Can view lead_ bucket',39,'view_lead_bucket'),(157,'Can add opportunity_ status',40,'add_opportunity_status'),(158,'Can change opportunity_ status',40,'change_opportunity_status'),(159,'Can delete opportunity_ status',40,'delete_opportunity_status'),(160,'Can view opportunity_ status',40,'view_opportunity_status'),(161,'Can add opportunity_ name',41,'add_opportunity_name'),(162,'Can change opportunity_ name',41,'change_opportunity_name'),(163,'Can delete opportunity_ name',41,'delete_opportunity_name'),(164,'Can view opportunity_ name',41,'view_opportunity_name'),(165,'Can add task conversation log',42,'add_taskconversationlog'),(166,'Can change task conversation log',42,'change_taskconversationlog'),(167,'Can delete task conversation log',42,'delete_taskconversationlog'),(168,'Can view task conversation log',42,'view_taskconversationlog'),(169,'Can add contact_ assignment',43,'add_contact_assignment'),(170,'Can change contact_ assignment',43,'change_contact_assignment'),(171,'Can delete contact_ assignment',43,'delete_contact_assignment'),(172,'Can view contact_ assignment',43,'view_contact_assignment');
/*!40000 ALTER TABLE `auth_permission` ENABLE KEYS */;
UNLOCK TABLES;

--
-- Table structure for table `auth_user`
--

DROP TABLE IF EXISTS `auth_user`;
/*!40101 SET @saved_cs_client     = @@character_set_client */;
/*!50503 SET character_set_client = utf8mb4 */;
CREATE TABLE `auth_user` (
  `id` int(11) NOT NULL AUTO_INCREMENT,
  `password` varchar(128) NOT NULL,
  `last_login` datetime(6) DEFAULT NULL,
  `is_superuser` tinyint(1) NOT NULL,
  `username` varchar(150) NOT NULL,
  `first_name` varchar(150) NOT NULL,
  `last_name` varchar(150) NOT NULL,
  `email` varchar(254) NOT NULL,
  `is_staff` tinyint(1) NOT NULL,
  `is_active` tinyint(1) NOT NULL,
  `date_joined` datetime(6) NOT NULL,
  PRIMARY KEY (`id`),
  UNIQUE KEY `username` (`username`)
) ENGINE=InnoDB AUTO_INCREMENT=25 DEFAULT CHARSET=utf8mb4 COLLATE=utf8mb4_unicode_ci;
/*!40101 SET character_set_client = @saved_cs_client */;

--
-- Dumping data for table `auth_user`
--

LOCK TABLES `auth_user` WRITE;
/*!40000 ALTER TABLE `auth_user` DISABLE KEYS */;
INSERT INTO `auth_user` VALUES (1,'pbkdf2_sha256$870000$mU3F2a1fnAnWLBEnE2PPL0$B6rimwRFZwIZyF9ad+cjOqWZ6E3NublTNrz+5q2SK1Q=','2025-04-24 11:03:31.756832',1,'admin','admin','a','subbu@irepute.in',1,1,'2024-10-15 17:08:39.000000'),(10,'pbkdf2_sha256$870000$dpgVeCR4zTG4P4gJrrQt4U$XTh0C9PjIcaLTv2zjWpV43gmjCXCCgfnvoRw1nUGf6Q=',NULL,0,'manikandan','Manikandan','G','manikandan.repute@gmail.com',0,1,'2024-11-14 09:09:32.000000'),(11,'pbkdf2_sha256$870000$FGjcMMGcT1LhnjuZTVvoXM$dOLHRM7sV2jNr/hjH8nUNtg9Z5gBIkNQ4Up03dCP8MI=',NULL,0,'ramu','Ramu','R','ramu@irepute.co.in',0,1,'2024-11-14 09:21:12.000000'),(12,'pbkdf2_sha256$870000$zR8p2uhnS7lApCPdtMVY5P$M19KN4JDxLbNa0XvU2fr/TUG/cIAe8iqIvhnExCBE+0=',NULL,0,'dimple','Dimple','D','dimple.s@irepute.co.in',0,1,'2024-11-14 09:21:29.000000'),(16,'pbkdf2_sha256$870000$ngDWBLs99BdXUrLi3iWMQH$oiQbqVT7YODloialPc/4W0TENolSzgjAT2J21OVJtWQ=',NULL,0,'media@irepute.co.in','DM','Member','media@irepute.co.in',0,1,'2024-12-11 09:03:17.000000'),(18,'pbkdf2_sha256$870000$yut51LyyK0yVSSakhPozky$9a2kaSZvMRDNR1Qrw15eFaEFigYHl43DqAelXYYwyxM=',NULL,0,'kiruthiga.s@irepute.co.in','Kiruthiga','S','kiruthiga.s@irepute.co.in',0,1,'2025-01-06 05:59:58.000000'),(24,'pbkdf2_sha256$870000$jjApcPeHcJ3Nncxoxt8Hed$v5biqTCVBGO3D/4TquO+MvnVgmPzkgcIxeFlxVizEhM=',NULL,0,'venkateshan@irepute.co.in','Venkateshan','','venkateshan@irepute.co.in',0,1,'2025-03-21 06:53:54.000000');
/*!40000 ALTER TABLE `auth_user` ENABLE KEYS */;
UNLOCK TABLES;

--
-- Table structure for table `auth_user_groups`
--

DROP TABLE IF EXISTS `auth_user_groups`;
/*!40101 SET @saved_cs_client     = @@character_set_client */;
/*!50503 SET character_set_client = utf8mb4 */;
CREATE TABLE `auth_user_groups` (
  `id` bigint(20) NOT NULL AUTO_INCREMENT,
  `user_id` int(11) NOT NULL,
  `group_id` int(11) NOT NULL,
  PRIMARY KEY (`id`),
  UNIQUE KEY `auth_user_groups_user_id_group_id_94350c0c_uniq` (`user_id`,`group_id`),
  KEY `auth_user_groups_group_id_97559544_fk_auth_group_id` (`group_id`),
  CONSTRAINT `auth_user_groups_group_id_97559544_fk_auth_group_id` FOREIGN KEY (`group_id`) REFERENCES `auth_group` (`id`),
  CONSTRAINT `auth_user_groups_user_id_6a12ed8b_fk_auth_user_id` FOREIGN KEY (`user_id`) REFERENCES `auth_user` (`id`)
) ENGINE=InnoDB AUTO_INCREMENT=8 DEFAULT CHARSET=utf8mb4 COLLATE=utf8mb4_unicode_ci;
/*!40101 SET character_set_client = @saved_cs_client */;

--
-- Dumping data for table `auth_user_groups`
--

LOCK TABLES `auth_user_groups` WRITE;
/*!40000 ALTER TABLE `auth_user_groups` DISABLE KEYS */;
INSERT INTO `auth_user_groups` VALUES (1,1,1),(2,10,2),(3,11,3),(4,12,4),(5,16,5),(6,18,4),(7,24,3);
/*!40000 ALTER TABLE `auth_user_groups` ENABLE KEYS */;
UNLOCK TABLES;

--
-- Table structure for table `auth_user_user_permissions`
--

DROP TABLE IF EXISTS `auth_user_user_permissions`;
/*!40101 SET @saved_cs_client     = @@character_set_client */;
/*!50503 SET character_set_client = utf8mb4 */;
CREATE TABLE `auth_user_user_permissions` (
  `id` bigint(20) NOT NULL AUTO_INCREMENT,
  `user_id` int(11) NOT NULL,
  `permission_id` int(11) NOT NULL,
  PRIMARY KEY (`id`),
  UNIQUE KEY `auth_user_user_permissions_user_id_permission_id_14a6b632_uniq` (`user_id`,`permission_id`),
  KEY `auth_user_user_permi_permission_id_1fbb5f2c_fk_auth_perm` (`permission_id`),
  CONSTRAINT `auth_user_user_permi_permission_id_1fbb5f2c_fk_auth_perm` FOREIGN KEY (`permission_id`) REFERENCES `auth_permission` (`id`),
  CONSTRAINT `auth_user_user_permissions_user_id_a95ead1b_fk_auth_user_id` FOREIGN KEY (`user_id`) REFERENCES `auth_user` (`id`)
) ENGINE=InnoDB DEFAULT CHARSET=utf8mb4 COLLATE=utf8mb4_unicode_ci;
/*!40101 SET character_set_client = @saved_cs_client */;

--
-- Dumping data for table `auth_user_user_permissions`
--

LOCK TABLES `auth_user_user_permissions` WRITE;
/*!40000 ALTER TABLE `auth_user_user_permissions` DISABLE KEYS */;
/*!40000 ALTER TABLE `auth_user_user_permissions` ENABLE KEYS */;
UNLOCK TABLES;

--
-- Table structure for table `django_admin_log`
--

DROP TABLE IF EXISTS `django_admin_log`;
/*!40101 SET @saved_cs_client     = @@character_set_client */;
/*!50503 SET character_set_client = utf8mb4 */;
CREATE TABLE `django_admin_log` (
  `id` int(11) NOT NULL AUTO_INCREMENT,
  `action_time` datetime(6) NOT NULL,
  `object_id` longtext DEFAULT NULL,
  `object_repr` varchar(200) NOT NULL,
  `action_flag` smallint(5) unsigned NOT NULL CHECK (`action_flag` >= 0),
  `change_message` longtext NOT NULL,
  `content_type_id` int(11) DEFAULT NULL,
  `user_id` int(11) NOT NULL,
  PRIMARY KEY (`id`),
  KEY `django_admin_log_content_type_id_c4bce8eb_fk_django_co` (`content_type_id`),
  KEY `django_admin_log_user_id_c564eba6_fk_auth_user_id` (`user_id`),
  CONSTRAINT `django_admin_log_content_type_id_c4bce8eb_fk_django_co` FOREIGN KEY (`content_type_id`) REFERENCES `django_content_type` (`id`),
  CONSTRAINT `django_admin_log_user_id_c564eba6_fk_auth_user_id` FOREIGN KEY (`user_id`) REFERENCES `auth_user` (`id`)
) ENGINE=InnoDB AUTO_INCREMENT=23 DEFAULT CHARSET=utf8mb4 COLLATE=utf8mb4_unicode_ci;
/*!40101 SET character_set_client = @saved_cs_client */;

--
-- Dumping data for table `django_admin_log`
--

LOCK TABLES `django_admin_log` WRITE;
/*!40000 ALTER TABLE `django_admin_log` DISABLE KEYS */;
INSERT INTO `django_admin_log` VALUES (1,'2025-04-08 04:46:48.521946','375','Karur Cotton Mills (p) Ltd owner kiruthiga.s@irepute.co.in',3,'',28,1),(2,'2025-04-08 04:58:09.597376','1947','Unnamed Contact',2,'[{\"changed\": {\"fields\": [\"Is primary\"]}}]',29,1),(3,'2025-04-17 05:20:57.365408','2303','Unnamed Contact',2,'[{\"changed\": {\"fields\": [\"Is primary\"]}}]',29,1),(4,'2025-04-21 08:55:35.352736','197','apple',2,'[]',29,1),(5,'2025-04-21 08:55:49.675198','197','apple',3,'',29,1),(6,'2025-04-21 08:56:04.866370','200','rapido',3,'',29,1),(7,'2025-04-21 08:59:12.573229','265','Skool Fun',3,'',29,1),(8,'2025-04-21 09:00:01.826143','193','Skool Fun owner manikandan',3,'',28,1),(9,'2025-04-21 09:00:52.877165','229','poco owner manikandan',3,'',28,1),(10,'2025-04-21 09:01:11.396027','230','meetup owner manikandan',3,'',28,1),(11,'2025-04-21 09:01:40.038798','241','zenlounge owner manikandan',2,'[]',28,1),(12,'2025-04-21 09:02:10.708654','222','Web Design',3,'',32,1),(13,'2025-04-21 09:02:29.655701','223','Web Design',3,'',32,1),(14,'2025-04-21 09:03:32.103086','224','Web Design',3,'',32,1),(15,'2025-04-21 09:04:00.541410','257','teter',3,'',29,1),(16,'2025-04-21 09:04:13.989289','255','teasuk',3,'',29,1),(17,'2025-04-21 10:15:55.032815','214','Task for Alaguraj',3,'',35,1),(18,'2025-04-21 10:16:12.237010','212','Task for Alaguraj',3,'',35,1),(19,'2025-04-21 10:16:34.325256','206','Task for Krithika',3,'',35,1),(20,'2025-04-21 10:17:35.888495','197','Task for Krithika',3,'',35,1),(21,'2025-04-21 10:17:46.989723','200','Task for Krithika',3,'',35,1),(22,'2025-04-21 10:19:11.885657','242','Task for Dharsini',3,'',35,1);
/*!40000 ALTER TABLE `django_admin_log` ENABLE KEYS */;
UNLOCK TABLES;

--
-- Table structure for table `django_content_type`
--

DROP TABLE IF EXISTS `django_content_type`;
/*!40101 SET @saved_cs_client     = @@character_set_client */;
/*!50503 SET character_set_client = utf8mb4 */;
CREATE TABLE `django_content_type` (
  `id` int(11) NOT NULL AUTO_INCREMENT,
  `app_label` varchar(100) NOT NULL,
  `model` varchar(100) NOT NULL,
  PRIMARY KEY (`id`),
  UNIQUE KEY `django_content_type_app_label_model_76bd3d3b_uniq` (`app_label`,`model`)
) ENGINE=InnoDB AUTO_INCREMENT=43 DEFAULT CHARSET=utf8mb4 COLLATE=utf8mb4_unicode_ci;
/*!40101 SET character_set_client = @saved_cs_client */;

--
-- Dumping data for table `django_content_type`
--

LOCK TABLES `django_content_type` WRITE;
/*!40000 ALTER TABLE `django_content_type` DISABLE KEYS */;
INSERT INTO `django_content_type` VALUES (22,'accounts','city'),(9,'accounts','contact_status'),(10,'accounts','country'),(20,'accounts','focus_segment'),(11,'accounts','lead_source'),(21,'accounts','lead_source_from'),(12,'accounts','log_stage'),(13,'accounts','market_segment'),(14,'accounts','salutation'),(15,'accounts','stage'),(18,'accounts','state'),(16,'accounts','tag'),(23,'accounts','teams'),(19,'accounts','user_group'),(17,'accounts','vertical'),(1,'admin','logentry'),(3,'auth','group'),(2,'auth','permission'),(4,'auth','user'),(5,'contenttypes','contenttype'),(29,'lead','contact'),(24,'lead','department'),(25,'lead','designation'),(26,'lead','email_communication'),(27,'lead','employee'),(28,'lead','lead'),(30,'lead','lead_assignment'),(39,'lead','lead_bucket'),(38,'lead','lead_status'),(31,'lead','log'),(33,'lead','note'),(37,'lead','notification'),(32,'lead','opportunity'),(41,'lead','opportunity_name'),(34,'lead','opportunity_stage'),(40,'lead','opportunity_status'),(35,'lead','task'),(36,'lead','task_assignment'),(42,'lead','taskconversationlog'),(6,'sessions','session'),(7,'token_blacklist','blacklistedtoken'),(8,'token_blacklist','outstandingtoken');
/*!40000 ALTER TABLE `django_content_type` ENABLE KEYS */;
UNLOCK TABLES;

--
-- Table structure for table `django_migrations`
--

DROP TABLE IF EXISTS `django_migrations`;
/*!40101 SET @saved_cs_client     = @@character_set_client */;
/*!50503 SET character_set_client = utf8mb4 */;
CREATE TABLE `django_migrations` (
  `id` bigint(20) NOT NULL AUTO_INCREMENT,
  `app` varchar(255) NOT NULL,
  `name` varchar(255) NOT NULL,
  `applied` datetime(6) NOT NULL,
  PRIMARY KEY (`id`)
) ENGINE=InnoDB AUTO_INCREMENT=139 DEFAULT CHARSET=utf8mb4 COLLATE=utf8mb4_unicode_ci;
/*!40101 SET character_set_client = @saved_cs_client */;

--
-- Dumping data for table `django_migrations`
--

LOCK TABLES `django_migrations` WRITE;
/*!40000 ALTER TABLE `django_migrations` DISABLE KEYS */;
INSERT INTO `django_migrations` VALUES (1,'contenttypes','0001_initial','2025-04-05 07:20:59.847287'),(2,'auth','0001_initial','2025-04-05 07:21:00.130467'),(3,'contenttypes','0002_remove_content_type_name','2025-04-05 07:21:00.191864'),(4,'auth','0002_alter_permission_name_max_length','2025-04-05 07:21:00.226803'),(5,'auth','0003_alter_user_email_max_length','2025-04-05 07:21:00.247325'),(6,'auth','0004_alter_user_username_opts','2025-04-05 07:21:00.262771'),(7,'auth','0005_alter_user_last_login_null','2025-04-05 07:21:00.290639'),(8,'auth','0006_require_contenttypes_0002','2025-04-05 07:21:00.292574'),(9,'auth','0007_alter_validators_add_error_messages','2025-04-05 07:21:00.303959'),(10,'auth','0008_alter_user_username_max_length','2025-04-05 07:21:00.325985'),(11,'auth','0009_alter_user_last_name_max_length','2025-04-05 07:21:00.348848'),(12,'auth','0010_alter_group_name_max_length','2025-04-05 07:21:00.371944'),(13,'auth','0011_update_proxy_permissions','2025-04-05 07:21:00.385223'),(14,'auth','0012_alter_user_first_name_max_length','2025-04-05 07:21:00.407232'),(15,'accounts','0001_initial','2025-04-05 07:21:00.600985'),(16,'accounts','0002_lead_source_from','2025-04-05 07:21:00.611087'),(17,'accounts','0003_lead_source_from_source','2025-04-05 07:21:00.637306'),(18,'accounts','0004_city','2025-04-05 07:21:00.671829'),(19,'accounts','0005_teams','2025-04-05 07:21:00.731679'),(20,'accounts','0006_remove_teams_bde_user_teams_bde_user','2025-04-05 07:21:01.188968'),(21,'accounts','0007_alter_stage_probability','2025-04-05 07:21:01.208056'),(22,'accounts','0008_alter_teams_bdm_user','2025-04-05 07:21:01.721285'),(23,'accounts','0009_alter_stage_probability','2025-04-05 07:21:01.760809'),(24,'admin','0001_initial','2025-04-05 07:21:01.830109'),(25,'admin','0002_logentry_remove_auto_add','2025-04-05 07:21:01.846550'),(26,'admin','0003_logentry_add_action_flag_choices','2025-04-05 07:21:01.867975'),(27,'lead','0001_initial','2025-04-05 07:21:03.418162'),(28,'lead','0002_alter_contact_email_id_alter_lead_company_email_and_more','2025-04-05 07:21:03.661397'),(29,'lead','0003_alter_contact_email_id_alter_lead_company_email','2025-04-05 07:21:03.815851'),(30,'lead','0004_alter_lead_assignment_assigned_on','2025-04-05 07:21:03.865937'),(31,'lead','0005_alter_contact_created_on','2025-04-05 07:21:03.918713'),(32,'lead','0006_alter_log_created_on_alter_note_note_on_and_more','2025-04-05 07:21:04.120615'),(33,'lead','0007_opportunity_lead','2025-04-05 07:21:04.201745'),(34,'lead','0008_task_log_task_tasktype','2025-04-05 07:21:04.347155'),(35,'lead','0009_alter_opportunity_stage_date','2025-04-05 07:21:04.418230'),(36,'lead','0010_alter_lead_tags','2025-04-05 07:21:04.479260'),(37,'lead','0011_alter_lead_tags','2025-04-05 07:21:04.534975'),(38,'lead','0012_notification','2025-04-05 07:21:04.623439'),(39,'lead','0013_lead_assinged_to_lead_lead_type','2025-04-05 07:21:04.833210'),(40,'lead','0014_contact_is_primary_log_lead_log_opportunity','2025-04-05 07:21:05.070064'),(41,'lead','0015_opportunity_primary_contact','2025-04-05 07:21:05.176100'),(42,'lead','0016_alter_contact_is_primary','2025-04-05 07:21:05.231072'),(43,'lead','0017_alter_contact_status','2025-04-05 07:21:05.735299'),(44,'lead','0018_alter_contact_lead_source','2025-04-05 07:21:06.009865'),(45,'lead','0019_rename_assinged_to_lead_assigned_to','2025-04-05 07:21:06.439425'),(46,'lead','0020_remove_contact_lead_source_lead_lead_source_and_more','2025-04-05 07:21:06.889918'),(47,'lead','0021_lead_department','2025-04-05 07:21:06.982330'),(48,'lead','0022_remove_opportunity_stage','2025-04-05 07:21:07.476481'),(49,'lead','0023_opportunity_stage','2025-04-05 07:21:07.563815'),(50,'lead','0024_lead_status_lead_lead_status','2025-04-05 07:21:07.661004'),(51,'lead','0025_alter_log_contact_alter_log_logtype_and_more','2025-04-05 07:21:08.027359'),(52,'lead','0026_alter_log_contact','2025-04-05 07:21:08.503178'),(53,'lead','0027_alter_opportunity_lead','2025-04-05 07:21:08.787227'),(54,'lead','0028_alter_opportunity_lead','2025-04-05 07:21:09.102276'),(55,'lead','0029_lead_bucket_opportunity_lead_bucket','2025-04-05 07:21:09.219673'),(56,'lead','0030_contact_is_archive_alter_contact_lead_and_more','2025-04-05 07:21:09.804150'),(57,'lead','0031_remove_lead_company_email_remove_lead_company_number_and_more','2025-04-05 07:21:10.011854'),(58,'lead','0032_contact_lead_source','2025-04-05 07:21:10.101075'),(59,'lead','0033_alter_contact_department','2025-04-05 07:21:10.242356'),(60,'lead','0034_task_remark','2025-04-05 07:21:10.317287'),(61,'lead','0035_lead_remark_lead_status_date','2025-04-05 07:21:10.664743'),(62,'lead','0036_lead_address_lead_city','2025-04-05 07:21:10.812233'),(63,'lead','0037_alter_lead_city','2025-04-05 07:21:11.002942'),(64,'lead','0038_remove_lead_city','2025-04-05 07:21:11.466260'),(65,'lead','0039_lead_city','2025-04-05 07:21:11.558146'),(66,'lead','0040_alter_lead_city','2025-04-05 07:21:11.619332'),(67,'lead','0041_contact_lead_source_from','2025-04-05 07:21:11.710865'),(68,'lead','0042_opportunity_remark','2025-04-05 07:21:11.792850'),(69,'lead','0043_alter_opportunity_owner','2025-04-05 07:21:12.110128'),(70,'lead','0044_alter_opportunity_currency_type','2025-04-05 07:21:12.567116'),(71,'lead','0045_alter_task_task_date_time','2025-04-05 07:21:12.637164'),(72,'lead','0046_alter_contact_lead_alter_log_contact','2025-04-05 07:21:12.773123'),(73,'lead','0047_remove_log_logtype_log_lead_log_status','2025-04-05 07:21:13.134927'),(74,'lead','0048_alter_task_assignment_task','2025-04-05 07:21:13.201733'),(75,'lead','0049_contact_company_name','2025-04-05 07:21:13.282562'),(76,'lead','0050_contact_source_from_alter_contact_company_name_and_more','2025-04-05 07:21:13.495515'),(77,'lead','0051_log_log_type','2025-04-05 07:21:13.566982'),(78,'lead','0052_rename_tasktype_task_task_creation_type_and_more','2025-04-05 07:21:13.767962'),(79,'lead','0053_department_is_active','2025-04-05 07:21:13.811964'),(80,'lead','0054_lead_status_is_active','2025-04-05 07:21:13.844775'),(81,'lead','0055_alter_contact_email_id_alter_contact_name_and_more','2025-04-05 07:21:14.047717'),(82,'lead','0056_alter_contact_email_id','2025-04-05 07:21:14.489582'),(83,'lead','0057_alter_contact_name','2025-04-05 07:21:14.706092'),(84,'lead','0058_alter_contact_name','2025-04-05 07:21:14.804970'),(85,'lead','0059_opportunity_status_remove_lead_lead_status_and_more','2025-04-05 07:21:15.610233'),(86,'lead','0060_lead_lead_status','2025-04-05 07:21:15.705626'),(87,'lead','0061_log_opportunity_status','2025-04-05 07:21:15.799692'),(88,'lead','0062_remove_log_opportunity_status_alter_log_log_stage','2025-04-05 07:21:16.522466'),(89,'lead','0063_log_opportunity_status','2025-04-05 07:21:16.628664'),(90,'lead','0064_opportunity_name_alter_opportunity_lead_and_more','2025-04-05 07:21:16.810740'),(91,'lead','0065_alter_opportunity_name','2025-04-05 07:21:16.970688'),(92,'lead','0066_opportunity_status_date','2025-04-05 07:21:17.082701'),(93,'lead','0067_alter_lead_address_alter_lead_city_and_more','2025-04-05 07:21:19.444858'),(94,'lead','0068_alter_lead_assigned_to','2025-04-05 07:21:19.767130'),(95,'lead','0069_taskconversationlog','2025-04-05 07:21:19.882965'),(96,'lead','0070_taskconversationlog_viewed','2025-04-05 07:21:19.956706'),(97,'lead','0071_alter_taskconversationlog_task','2025-04-05 07:21:20.205622'),(98,'lead','0072_remove_taskconversationlog_viewed_and_more','2025-04-05 07:21:20.395432'),(99,'lead','0073_alter_opportunity_opportunity_status','2025-04-05 07:21:20.874831'),(100,'lead','0074_alter_log_opportunity_status','2025-04-05 07:21:21.225576'),(101,'lead','0075_alter_log_opportunity_status_and_more','2025-04-05 07:21:21.889838'),(102,'lead','0076_alter_log_opportunity_status_and_more','2025-04-05 07:21:22.617057'),(103,'lead','0077_opportunity_opportunity_keyword','2025-04-05 07:21:22.697142'),(104,'lead','0078_alter_opportunity_status_date','2025-04-05 07:21:22.756488'),(105,'lead','0079_alter_opportunity_status_date','2025-04-05 07:21:22.848178'),(106,'lead','0080_alter_opportunity_status_date','2025-04-05 07:21:23.019456'),(107,'lead','0081_alter_opportunity_opportunity_value','2025-04-05 07:21:23.128107'),(108,'lead','0082_contact_secondary_phone_number','2025-04-05 07:21:23.206074'),(109,'lead','0083_alter_lead_address_alter_lead_city_and_more','2025-04-05 07:21:24.609163'),(110,'lead','0084_notification_conversation_notification_lead_and_more','2025-04-05 07:21:25.049709'),(111,'lead','0085_notification_assigned_by','2025-04-05 07:21:25.161758'),(112,'lead','0086_contact_updated_on','2025-04-05 07:21:25.229717'),(113,'lead','0087_alter_contact_updated_on','2025-04-05 07:21:25.373971'),(114,'lead','0088_alter_contact_created_on','2025-04-05 07:21:25.499910'),(115,'lead','0086_contact_assignment','2025-04-05 07:21:25.649773'),(116,'lead','0089_merge_20250401_1212','2025-04-05 07:21:25.652335'),(117,'lead','0090_alter_contact_assignment_contact','2025-04-05 07:21:26.479980'),(118,'lead','0091_alter_contact_assignment_assigned_by_and_more','2025-04-05 07:21:27.018345'),(119,'lead','0092_delete_contact_assignment','2025-04-05 07:21:27.028475'),(120,'lead','0093_notification_contact','2025-04-05 07:21:27.135987'),(121,'lead','0094_contact_assigned_to','2025-04-05 07:21:27.238594'),(122,'lead','0090_alter_contact_created_on','2025-04-05 07:21:27.342812'),(123,'lead','0095_merge_20250401_1436','2025-04-05 07:21:27.344978'),(124,'lead','0096_alter_contact_created_on','2025-04-05 07:21:27.443655'),(125,'lead','0097_alter_contact_created_on','2025-04-05 07:21:27.537868'),(126,'lead','0098_alter_contact_created_on','2025-04-05 07:21:27.662014'),(127,'sessions','0001_initial','2025-04-05 07:21:27.687052'),(128,'token_blacklist','0001_initial','2025-04-05 07:21:27.886042'),(129,'token_blacklist','0002_outstandingtoken_jti_hex','2025-04-05 07:21:27.966833'),(130,'token_blacklist','0003_auto_20171017_2007','2025-04-05 07:21:28.040066'),(131,'token_blacklist','0004_auto_20171017_2013','2025-04-05 07:21:28.128631'),(132,'token_blacklist','0005_remove_outstandingtoken_jti','2025-04-05 07:21:28.212181'),(133,'token_blacklist','0006_auto_20171017_2113','2025-04-05 07:21:28.301447'),(134,'token_blacklist','0007_auto_20171017_2214','2025-04-05 07:21:29.032142'),(135,'token_blacklist','0008_migrate_to_bigautofield','2025-04-05 07:21:29.567295'),(136,'token_blacklist','0010_fix_migrate_to_bigautofield','2025-04-05 07:21:29.643733'),(137,'token_blacklist','0011_linearizes_history','2025-04-05 07:21:29.646564'),(138,'token_blacklist','0012_alter_outstandingtoken_user','2025-04-05 07:21:29.901064');
/*!40000 ALTER TABLE `django_migrations` ENABLE KEYS */;
UNLOCK TABLES;

--
-- Table structure for table `django_session`
--

DROP TABLE IF EXISTS `django_session`;
/*!40101 SET @saved_cs_client     = @@character_set_client */;
/*!50503 SET character_set_client = utf8mb4 */;
CREATE TABLE `django_session` (
  `session_key` varchar(40) NOT NULL,
  `session_data` longtext NOT NULL,
  `expire_date` datetime(6) NOT NULL,
  PRIMARY KEY (`session_key`),
  KEY `django_session_expire_date_a5c62663` (`expire_date`)
) ENGINE=InnoDB DEFAULT CHARSET=utf8mb4 COLLATE=utf8mb4_unicode_ci;
/*!40101 SET character_set_client = @saved_cs_client */;

--
-- Dumping data for table `django_session`
--

LOCK TABLES `django_session` WRITE;
/*!40000 ALTER TABLE `django_session` DISABLE KEYS */;
INSERT INTO `django_session` VALUES ('9tvdcjioa1vpsub1v0udkglscxe2ijsa','.eJxVjMsOwiAQRf-FtSGMPKQu3fcbyDAMUjWQlHZl_HdD0oVu7znnvkXAfSth77yGJYmrAHH63SLSk-sA6YH13iS1uq1LlEORB-1ybolft8P9OyjYy6jJoHIZcfIatQPvU2TyNjpzmSCCBjbKJXaQUXuFiiwBApDDc1aWxOcL7zo4EA:1u7uMd:OHBI-XaIdnXpCWdVbZX13qmXZtjimgyArsXacfsN0uI','2025-05-08 11:03:31.761437'),('ekndjrn2v3xwuv19g7hr4vb8u3y0ehiz','.eJxVjMsOwiAQRf-FtSGMPKQu3fcbyDAMUjWQlHZl_HdD0oVu7znnvkXAfSth77yGJYmrAHH63SLSk-sA6YH13iS1uq1LlEORB-1ybolft8P9OyjYy6jJoHIZcfIatQPvU2TyNjpzmSCCBjbKJXaQUXuFiiwBApDDc1aWxOcL7zo4EA:1u2TTC:4Qb0rrFgvz6UV2r0_P7HUfV3k0PeBDO-AVbnLZHZhSg','2025-04-23 11:19:50.382387'),('lypfqugv36obyk8vp4lqca0ozi6e90jz','.eJxVjMsOwiAQRf-FtSGMPKQu3fcbyDAMUjWQlHZl_HdD0oVu7znnvkXAfSth77yGJYmrAHH63SLSk-sA6YH13iS1uq1LlEORB-1ybolft8P9OyjYy6jJoHIZcfIatQPvU2TyNjpzmSCCBjbKJXaQUXuFiiwBApDDc1aWxOcL7zo4EA:1u2kMP:MeCuRIYzeUTCGu6PqYb751jnp_bJh7kSePf_NtsHAqE','2025-04-24 05:21:57.231723'),('sqcs12yiz768gpzwztzxwqrjp36oilm1','.eJxVjMsOwiAQRf-FtSGMPKQu3fcbyDAMUjWQlHZl_HdD0oVu7znnvkXAfSth77yGJYmrAHH63SLSk-sA6YH13iS1uq1LlEORB-1ybolft8P9OyjYy6jJoHIZcfIatQPvU2TyNjpzmSCCBjbKJXaQUXuFiiwBApDDc1aWxOcL7zo4EA:1u20qJ:Q0Y8tDA17Lnn0uLqctOWwsM35zGrbskyWLa3mpFYReE','2025-04-22 04:45:47.995501'),('uzz9t8owzj0hc81lljxjpxsfmmabb3ft','.eJxVjMsOwiAQRf-FtSGMPKQu3fcbyDAMUjWQlHZl_HdD0oVu7znnvkXAfSth77yGJYmrAHH63SLSk-sA6YH13iS1uq1LlEORB-1ybolft8P9OyjYy6jJoHIZcfIatQPvU2TyNjpzmSCCBjbKJXaQUXuFiiwBApDDc1aWxOcL7zo4EA:1u5HWi:3iSPLBhuTGYF7eviq1Zfd_73E59H0EL5q5jK6WP5PLI','2025-05-01 05:11:04.979641');
/*!40000 ALTER TABLE `django_session` ENABLE KEYS */;
UNLOCK TABLES;

--
-- Table structure for table `lead_contact`
--

DROP TABLE IF EXISTS `lead_contact`;
/*!40101 SET @saved_cs_client     = @@character_set_client */;
/*!50503 SET character_set_client = utf8mb4 */;
CREATE TABLE `lead_contact` (
  `id` bigint(20) NOT NULL AUTO_INCREMENT,
  `name` varchar(255) DEFAULT NULL,
  `designation` varchar(255) DEFAULT NULL,
  `department_id` bigint(20) DEFAULT NULL,
  `phone_number` varchar(25) DEFAULT NULL,
  `email_id` varchar(255) DEFAULT NULL,
  `created_on` datetime(6) NOT NULL,
  `is_active` tinyint(1) NOT NULL,
  `created_by_id` int(11) NOT NULL,
  `status_id` bigint(20) DEFAULT NULL,
  `lead_id` bigint(20) DEFAULT NULL,
  `is_primary` tinyint(1) NOT NULL,
  `is_archive` tinyint(1) NOT NULL,
  `remark` longtext DEFAULT NULL,
  `lead_source_id` bigint(20) DEFAULT NULL,
  `lead_source_from_id` bigint(20) DEFAULT NULL,
  `company_name` varchar(255) DEFAULT NULL,
  `source_from` longtext DEFAULT NULL,
  `secondary_phone_number` varchar(25) DEFAULT NULL,
  `updated_on` datetime(6) DEFAULT NULL,
  `assigned_to_id` int(11) DEFAULT NULL,
  PRIMARY KEY (`id`),
  UNIQUE KEY `lead_contact_company_name_f116faa8_uniq` (`company_name`),
  UNIQUE KEY `lead_contact_phone_number_5fb15a8b_uniq` (`phone_number`),
  KEY `lead_contact_created_by_id_f2e66d36_fk_auth_user_id` (`created_by_id`),
  KEY `lead_contact_status_id_17f86ba7_fk_accounts_contact_status_id` (`status_id`),
  KEY `lead_contact_lead_id_9da71467_fk_lead_lead_id` (`lead_id`),
  KEY `lead_contact_lead_source_id_eee60438_fk_accounts_lead_source_id` (`lead_source_id`),
  KEY `lead_contact_department_id_ecf578b9` (`department_id`),
  KEY `lead_contact_lead_source_from_id_52060ed8_fk_accounts_` (`lead_source_from_id`),
  KEY `lead_contact_assigned_to_id_9f0d90b2_fk_auth_user_id` (`assigned_to_id`),
  CONSTRAINT `lead_contact_assigned_to_id_9f0d90b2_fk_auth_user_id` FOREIGN KEY (`assigned_to_id`) REFERENCES `auth_user` (`id`),
  CONSTRAINT `lead_contact_created_by_id_f2e66d36_fk_auth_user_id` FOREIGN KEY (`created_by_id`) REFERENCES `auth_user` (`id`),
  CONSTRAINT `lead_contact_department_id_ecf578b9_fk_lead_department_id` FOREIGN KEY (`department_id`) REFERENCES `lead_department` (`id`),
  CONSTRAINT `lead_contact_lead_id_9da71467_fk_lead_lead_id` FOREIGN KEY (`lead_id`) REFERENCES `lead_lead` (`id`),
  CONSTRAINT `lead_contact_lead_source_from_id_52060ed8_fk_accounts_` FOREIGN KEY (`lead_source_from_id`) REFERENCES `accounts_lead_source_from` (`id`),
  CONSTRAINT `lead_contact_lead_source_id_eee60438_fk_accounts_lead_source_id` FOREIGN KEY (`lead_source_id`) REFERENCES `accounts_lead_source` (`id`),
  CONSTRAINT `lead_contact_status_id_17f86ba7_fk_accounts_contact_status_id` FOREIGN KEY (`status_id`) REFERENCES `accounts_contact_status` (`id`)
) ENGINE=InnoDB AUTO_INCREMENT=2492 DEFAULT CHARSET=utf8mb4 COLLATE=utf8mb4_unicode_ci;
/*!40101 SET character_set_client = @saved_cs_client */;

--
-- Dumping data for table `lead_contact`
--

LOCK TABLES `lead_contact` WRITE;
/*!40000 ALTER TABLE `lead_contact` DISABLE KEYS */;
INSERT INTO `lead_contact` VALUES (169,'Abhay Kumar','Owner',1,'554656','crm13@gmail.com','2025-01-16 00:00:00.000000',1,11,2,161,1,0,'He needs 4-page brochure',1,NULL,'Abhay linings Extrusion','Inbound lead',NULL,NULL,NULL),(171,'Vignesh','AGM',2,'1212431241','crm15@gmail.com','2025-01-16 00:00:00.000000',1,12,2,162,1,0,NULL,1,NULL,'The giggle store','Inbound Lead - Marketplace Amazon',NULL,NULL,NULL),(172,'Kumaravel Kaliannan','Owner',2,'9585037577','crm16@gmail.com','2025-01-16 00:00:00.000000',1,12,2,93,0,0,'16/01/2025- still at the Expo will return after 20 th jan to India , 24/12/2024- busy in fair will get in touch after definitly , you do website also ? share me profile will get back',4,NULL,'Ponni Fab','Outbound Lead - from Heim textil Expo data',NULL,NULL,NULL),(183,'Krithika','CSE',1,'243455646','crm27@gmail.com','2025-01-21 00:00:00.000000',1,18,2,165,1,0,NULL,1,NULL,'TCS','tcs.com',NULL,NULL,NULL),(184,'Kannan','CEO',2,'6546546456','crm28@gmail.com','2025-01-21 00:00:00.000000',1,18,2,166,1,0,'Waiting For Payment from Client',4,NULL,'Eternal Renewables','Google',NULL,NULL,NULL),(185,'Vijay','IT',3,'544657','crm29@gmail.com','2025-01-21 00:00:00.000000',1,18,2,168,1,0,'New Contact Created.',1,NULL,'Omega','Facebook',NULL,NULL,NULL),(186,'Alaguraj','IT',1,'656546','crm30@gmail.com','2025-01-21 00:00:00.000000',1,18,5,169,1,0,'This is New Contacts',1,NULL,'NTT Data','Facebook',NULL,NULL,NULL),(190,NULL,NULL,NULL,NULL,NULL,'2025-01-31 00:00:00.000000',1,12,NULL,NULL,0,0,NULL,4,NULL,'ATL',NULL,NULL,NULL,NULL),(191,NULL,NULL,NULL,NULL,NULL,'2025-01-31 00:00:00.000000',1,12,NULL,NULL,0,0,NULL,6,NULL,'karpagam',NULL,NULL,NULL,NULL),(195,'banker','manager',3,'1234656778','123@gmail.com','2025-01-31 00:00:00.000000',1,1,2,185,1,0,'remark',6,NULL,'fssai','details',NULL,NULL,NULL),(202,'star','seo',1,'2345678912','123@gmail.com','2025-01-31 00:00:00.000000',1,10,5,179,1,0,'remarks',6,NULL,'star link','detail',NULL,NULL,NULL),(209,'Alagu raj','Testing',3,'3445566534','alaguraj259@gmail.com','2025-01-31 00:00:00.000000',1,11,5,182,1,0,'Testing',3,NULL,'huawei','testing',NULL,NULL,NULL),(211,'jesy','dm',2,'1234567899','abc@gmail.com','2025-01-31 00:00:00.000000',1,18,2,170,0,0,'remarks',5,NULL,NULL,'details',NULL,NULL,NULL),(212,'jesica','dm',2,'1234567892','abc@gmail.com','2025-01-31 00:00:00.000000',1,18,2,170,0,0,'remarks',5,NULL,NULL,'details',NULL,NULL,NULL),(213,'jesi','developer',2,'1234567865','123@gmail.com','2025-01-31 00:00:00.000000',1,18,5,170,0,0,'remarks',5,NULL,NULL,'details',NULL,NULL,NULL),(214,'jesi','developer',2,'1234567841','123@gmail.com','2025-01-31 00:00:00.000000',1,18,5,170,0,0,'remarks',5,NULL,NULL,'details',NULL,NULL,NULL),(218,'peter','bde',2,'0987654321','fgd@gmail.com','2025-01-31 00:00:00.000000',1,18,2,185,0,0,'remarks',5,NULL,NULL,'details',NULL,NULL,NULL),(219,'Gopal',NULL,NULL,'9444666123',NULL,'2025-01-31 00:00:00.000000',1,11,NULL,226,1,0,'Static',NULL,NULL,'GM Scaffolding',NULL,NULL,NULL,NULL),(220,'Prithvi',NULL,NULL,'8183838363',NULL,'2025-01-31 00:00:00.000000',1,11,NULL,228,1,0,'Logo',NULL,NULL,'BLIMU PVT LTD',NULL,NULL,NULL,NULL),(221,'Srinivasan',NULL,NULL,'9994076990',NULL,'2025-01-31 00:00:00.000000',1,11,NULL,NULL,0,0,'CMS',NULL,NULL,'Tirumalai spinning mills',NULL,NULL,NULL,NULL),(222,'Swetha',NULL,NULL,'8489922906',NULL,'2025-01-31 00:00:00.000000',1,11,NULL,227,1,0,'CMS',NULL,NULL,'BKS Textiles',NULL,NULL,NULL,NULL),(223,'Jaga',NULL,NULL,'9585528735',NULL,'2025-01-31 00:00:00.000000',1,11,NULL,NULL,0,0,'Brochure',NULL,NULL,'GOMATHA International',NULL,NULL,NULL,NULL),(224,'Nandhini',NULL,NULL,'9597019032',NULL,'2025-01-31 00:00:00.000000',1,11,NULL,225,1,0,'Static',NULL,NULL,'NVM Diet and Lifestyle clinic',NULL,NULL,NULL,NULL),(225,'Sepia sekar',NULL,NULL,'9659973059',NULL,'2025-01-31 00:00:00.000000',1,11,NULL,NULL,0,0,'Branding',NULL,NULL,'PRATICA A FABRICS',NULL,NULL,NULL,NULL),(226,'Saravanan',NULL,NULL,'9384054859',NULL,'2025-01-31 00:00:00.000000',1,11,NULL,224,1,0,'Static',NULL,NULL,'Farm metrix',NULL,NULL,NULL,NULL),(227,'Sivaramakrishnan',NULL,NULL,'9486234304',NULL,'2025-01-31 00:00:00.000000',1,11,NULL,223,1,0,'Static',NULL,NULL,'SJK Machine tools G-MAK',NULL,NULL,NULL,NULL),(228,'Prabhakaran Director','Director',3,'9047911222','info@magnummills.com','2025-01-31 00:00:00.000000',1,11,2,197,1,0,'CMS',1,NULL,NULL,'google ads',NULL,NULL,NULL),(229,'Sasikumar',NULL,NULL,'9788778666',NULL,'2025-01-31 00:00:00.000000',1,11,NULL,221,1,0,'Logo',NULL,NULL,'NSK Pollutry',NULL,NULL,NULL,NULL),(230,'Ganesh',NULL,NULL,'7401504558',NULL,'2025-01-31 00:00:00.000000',1,11,NULL,NULL,0,0,'Amazon analytics',NULL,NULL,'GRD Solutions',NULL,NULL,NULL,NULL),(231,'Gokul Ragupathi',NULL,NULL,'9600204898',NULL,'2025-01-31 00:00:00.000000',1,11,NULL,NULL,0,0,'Meta Ad',NULL,NULL,'AirMyCart',NULL,NULL,NULL,NULL),(232,'masethung',NULL,NULL,'9791982999',NULL,'2025-01-31 00:00:00.000000',1,11,NULL,NULL,0,0,'Linked in',NULL,NULL,'Bull Agro Implements',NULL,NULL,NULL,NULL),(233,'Arun',NULL,NULL,'9994155441',NULL,'2025-01-31 00:00:00.000000',1,11,NULL,NULL,0,0,'Static',NULL,NULL,'Kango Packaging Solutions',NULL,NULL,NULL,NULL),(234,'Chandrasekar',NULL,NULL,'9994962359',NULL,'2025-01-31 00:00:00.000000',1,11,NULL,NULL,0,0,'Static',NULL,NULL,'Tekno Plastic Systems',NULL,NULL,NULL,NULL),(235,'Sandhya',NULL,NULL,'9500981629',NULL,'2025-01-31 00:00:00.000000',1,11,NULL,NULL,0,0,'CMS',NULL,NULL,'UK textiles',NULL,NULL,NULL,NULL),(237,'Barani',NULL,NULL,'8524800817',NULL,'2025-01-31 00:00:00.000000',1,11,NULL,NULL,0,0,'Web portal',NULL,NULL,'Rock stars india',NULL,NULL,NULL,NULL),(238,'KANMANI V',NULL,NULL,'8760333999',NULL,'2025-01-31 00:00:00.000000',1,11,NULL,NULL,0,0,'SEO',NULL,NULL,'RAPTOR TECHNOLOGIES',NULL,NULL,NULL,NULL),(239,'krishnakumar',NULL,NULL,'9846128448',NULL,'2025-01-31 00:00:00.000000',1,11,NULL,NULL,0,0,'Static website - Zing',NULL,NULL,'Krypton energy',NULL,NULL,NULL,NULL),(240,'Ambika Branch manager','BDM',3,'7339553666','coimbatore@banaraswala.com','2025-01-31 00:00:00.000000',1,11,2,196,1,0,'Meta PPC',4,NULL,'Banaraswala Mesh Pvt ltd','Ramu Cols call',NULL,NULL,NULL),(241,'Dharsini',NULL,NULL,'8825580075',NULL,'2025-01-31 00:00:00.000000',1,11,NULL,NULL,0,0,'Social media marketing',NULL,NULL,'Knobs shop',NULL,NULL,NULL,NULL),(242,'Owner',NULL,NULL,'9003322152',NULL,'2025-01-31 00:00:00.000000',1,11,NULL,NULL,0,0,'Meta PPC',NULL,NULL,'BRINDAVANAM GROUP- Brindavanam Financial Solutions',NULL,NULL,NULL,NULL),(243,'Praveen Kumarr, CEO',NULL,NULL,'9894330020',NULL,'2025-01-31 00:00:00.000000',1,11,NULL,NULL,0,0,'Static',NULL,NULL,'BALAJI DIAMOND TOOLS',NULL,NULL,NULL,NULL),(244,'Dharshana moorthy',NULL,NULL,'9566046946',NULL,'2025-01-31 00:00:00.000000',1,11,NULL,NULL,0,0,'Static',NULL,NULL,'Twinkido',NULL,NULL,NULL,NULL),(245,'Mathiyalagan',NULL,NULL,'904246434',NULL,'2025-01-31 00:00:00.000000',1,11,NULL,NULL,0,0,'CMS website, DM',NULL,NULL,'Jagannath Properties',NULL,NULL,NULL,NULL),(246,'Kanagaraju',NULL,NULL,'9842965400',NULL,'2025-01-31 00:00:00.000000',1,11,NULL,NULL,0,0,'Logo & Corporate kit',NULL,NULL,'Nila Eggs center',NULL,NULL,NULL,NULL),(247,'Sureshkumar M',NULL,NULL,'8072604504',NULL,'2025-01-31 00:00:00.000000',1,11,NULL,NULL,0,0,'CMS website',NULL,NULL,'SASA Publications',NULL,NULL,NULL,NULL),(248,'Kesavan ammaiappan',NULL,NULL,'9159559999',NULL,'2025-01-31 00:00:00.000000',1,11,NULL,NULL,0,0,'Logo & E commerce',NULL,NULL,'Anju Fabrics',NULL,NULL,NULL,NULL),(250,'Developer','Dev',2,'1234567890','developer@gmail.com','2025-02-01 00:00:00.000000',1,10,2,190,1,0,'Testing',3,NULL,'Testing','Testing',NULL,NULL,NULL),(266,'Nadanasabapathy Balasubramaniam','CEO',2,'9894021095','prabhu@cliftonexport.com','2025-02-04 00:00:00.000000',1,18,2,194,1,0,NULL,4,NULL,'Clifton Export Private Limited','Google',NULL,'2025-04-05 05:52:53.942023',NULL),(267,'swathi','director',NULL,'9087873051','swathi@luckshmifab.in','2025-02-04 00:00:00.000000',1,10,2,242,1,0,NULL,1,NULL,'filmode',NULL,NULL,NULL,NULL),(268,'Eternal Renewables',NULL,1,NULL,NULL,'2025-02-04 00:00:00.000000',1,11,3,166,1,0,'',NULL,NULL,'Eternal','',NULL,NULL,NULL),(269,'Mohan','Partner',2,'9943977490','admin@maestroengineers.com','2025-02-06 00:00:00.000000',1,18,2,195,1,0,'Brochures & Corporate Videos',4,NULL,'Maestro Engineers','Google',NULL,NULL,NULL),(270,'Prabhu','Owner',2,'9842433435',NULL,'2025-02-06 00:00:00.000000',1,18,2,NULL,0,0,'Asking DM details',4,NULL,'AYYAN TRADERS','Google',NULL,NULL,NULL),(276,NULL,NULL,NULL,NULL,NULL,'2025-02-06 00:00:00.000000',1,1,NULL,205,1,0,NULL,NULL,NULL,'papercrafts',NULL,NULL,NULL,NULL),(287,'Sneha',NULL,NULL,'9385966577',NULL,'2025-02-08 00:00:00.000000',1,11,2,216,1,0,'Meeting held , Waiting for Inputs',4,NULL,'Suman Jewelry',NULL,NULL,NULL,NULL),(288,'KATHIRESAN THANGAVEL','MD',3,'9843064095','kath@tvkexports.com','2025-02-08 00:00:00.000000',1,18,2,217,1,0,'Ask company details',4,NULL,'TVK Exports','Google',NULL,'2025-03-20 06:22:29.456281',NULL),(289,'Sumit Srimal','MD',1,'9894402848','sales@asterblume.com','2025-02-08 00:00:00.000000',1,18,2,NULL,0,0,'Call back feb 22',4,NULL,'Asterblume Living Private Limited','Google',NULL,NULL,NULL),(290,'Ranjith Raghav','JMD',3,'8903609979',NULL,'2025-02-08 00:00:00.000000',1,11,2,218,1,0,'Feb 2nd week he will update about proposal',4,NULL,'Toplight Fabrics Pvt Ltd','Bharat Tex 2025 data , Ramu\'s cold call',NULL,NULL,NULL),(291,'Gokulam','Owner',3,'9443049590','gokulammetals25@gmail.com','2025-02-08 00:00:00.000000',1,18,2,220,1,0,'Call back March 31st',4,NULL,'Gokulam Metals','Google',NULL,NULL,NULL),(292,'Suresh','MD',NULL,'9360656789',NULL,'2025-02-08 00:00:00.000000',1,11,2,219,1,0,'08.02.25th he will update',4,NULL,'Europea Engineering Works',NULL,NULL,NULL,NULL),(293,'Alagu',NULL,NULL,'63646 37517',NULL,'2025-02-08 00:00:00.000000',1,18,NULL,NULL,0,0,'Followup',NULL,NULL,'Misa Ventures India',NULL,NULL,NULL,NULL),(294,'Pranesh',NULL,NULL,'9042885585',NULL,'2025-02-08 00:00:00.000000',1,18,NULL,NULL,0,0,'noneed',NULL,NULL,'Vaigai Agarbathies',NULL,NULL,NULL,NULL),(295,'Ramu',NULL,NULL,'6381826084',NULL,'2025-02-08 00:00:00.000000',1,18,NULL,NULL,0,0,'Switchoff',NULL,NULL,'Feel Good perfumes',NULL,NULL,NULL,NULL),(296,'A R Kumar',NULL,NULL,'9443342783',NULL,'2025-02-08 00:00:00.000000',1,18,NULL,NULL,0,0,'Busy',NULL,NULL,'Jheeva Rekhaa Textiles',NULL,NULL,NULL,NULL),(297,'Satyabrata Mishra',NULL,NULL,'9810420490',NULL,'2025-02-08 00:00:00.000000',1,18,NULL,NULL,0,0,'Ring',NULL,NULL,'Ls Mills Limited',NULL,NULL,NULL,NULL),(298,'Shiju T',NULL,NULL,'9871046444',NULL,'2025-02-08 00:00:00.000000',1,18,NULL,NULL,0,0,'Busy',NULL,NULL,'Freudenberg Performance Materials India Private Limited',NULL,NULL,NULL,NULL),(299,'Mohanasundaram N',NULL,NULL,'9442236379',NULL,'2025-02-08 00:00:00.000000',1,18,NULL,NULL,0,0,'Not interested',NULL,NULL,'Christy Fabric Private Limited',NULL,NULL,NULL,NULL),(300,'Niket Lulla',NULL,NULL,'9003746953',NULL,'2025-02-08 00:00:00.000000',1,18,NULL,NULL,0,0,'Busy',NULL,NULL,'A N Associates',NULL,NULL,NULL,NULL),(301,'Bharat Gogia',NULL,NULL,'9363000203',NULL,'2025-02-08 00:00:00.000000',1,18,NULL,NULL,0,0,'call after 12.30',NULL,NULL,'Adsons Apparels',NULL,NULL,NULL,NULL),(302,'Senthilkumar Kandhasamy',NULL,NULL,'9677495111',NULL,'2025-02-08 00:00:00.000000',1,18,NULL,NULL,0,0,'Send A mail concern person not avialable out of station',NULL,NULL,'Aic Nifttea Incubation Centre For Textiles And Apparels',NULL,NULL,NULL,NULL),(303,'Durairaj Rajarathinavelu',NULL,NULL,'9894240555',NULL,'2025-02-08 00:00:00.000000',1,18,NULL,NULL,0,0,'Share details need call',NULL,NULL,'Amarjothi Spinning Mills Ltd',NULL,NULL,NULL,NULL),(304,'Sakthiprapbhu S',NULL,NULL,'9344583838',NULL,'2025-02-08 00:00:00.000000',1,18,NULL,NULL,0,0,'Ring',NULL,NULL,'Amazing Exportcorporation',NULL,NULL,NULL,NULL),(305,'Bala Marimuthu',NULL,NULL,'8925961750',NULL,'2025-02-08 00:00:00.000000',1,18,NULL,NULL,0,0,'Busy',NULL,NULL,'Ambertex Universale Export Pvt Ltd',NULL,NULL,NULL,NULL),(306,'Rajkumar Ramasamy',NULL,NULL,'9843090045',NULL,'2025-02-08 00:00:00.000000',1,18,NULL,NULL,0,0,'Busy',NULL,NULL,'Best Corporation Private Limited',NULL,NULL,NULL,NULL),(307,'Guru Pazha Saravanakumar',NULL,NULL,'9865253215',NULL,'2025-02-08 00:00:00.000000',1,18,NULL,NULL,0,0,'Busy',NULL,NULL,'Best Mills Pvt Limited',NULL,NULL,NULL,NULL),(308,'Boopathiraj Chinnusamy',NULL,NULL,'9952233332',NULL,'2025-02-08 00:00:00.000000',1,18,NULL,NULL,0,0,'Share details need call',NULL,NULL,'Bps Exports',NULL,NULL,NULL,NULL),(309,'Shanmugam Ram',NULL,NULL,'9842438235',NULL,'2025-02-08 00:00:00.000000',1,18,NULL,NULL,0,0,'Requirements in Corporate videos details shared',NULL,NULL,'Clothing Connections',NULL,NULL,NULL,NULL),(310,'Gopinath Chinnasamy',NULL,NULL,'8939965056','enquiry@credenceinspection.com','2025-02-08 00:00:00.000000',1,18,2,NULL,0,0,'Share details need call',4,NULL,'Credence Inspection Services Private Limited','Google',NULL,NULL,NULL),(311,'Hitesh Thakkar',NULL,NULL,'9443713156',NULL,'2025-02-08 00:00:00.000000',1,18,2,222,1,0,'Shared to ramu for zing budget is 25k for website',4,NULL,'Imperial Textiles',NULL,NULL,NULL,NULL),(312,'Babu','HR',3,'9659499506',NULL,'2025-02-08 00:00:00.000000',1,18,2,357,1,0,'March 17th He will update for Meeting',4,NULL,'ARUN HOSPITAL','Google',NULL,'2025-03-17 12:29:59.077261',NULL),(313,'Subramani',NULL,NULL,'9940710813',NULL,'2025-02-08 00:00:00.000000',1,18,2,NULL,0,0,'Share details discuss with his son & call back 2weeks later 26thfeb',4,NULL,'PMS Textile','google',NULL,NULL,NULL),(314,'XX',NULL,NULL,'9003950599',NULL,'2025-02-08 00:00:00.000000',1,18,2,NULL,0,0,'Ask to share corporate videos',4,NULL,'Cotton Concepts','google',NULL,NULL,NULL),(315,'Shiva',NULL,NULL,'9677718750',NULL,'2025-02-08 00:00:00.000000',1,18,2,NULL,0,0,'Share details MD in out of country call Monday  afternoon',4,NULL,'Poppys Knit Wear Pvt Ltd','google',NULL,NULL,NULL),(316,'Vishak',NULL,NULL,'9383445625',NULL,'2025-02-10 00:00:00.000000',1,18,2,NULL,0,0,NULL,4,NULL,'Cherusserikalam Group','Google',NULL,NULL,NULL),(317,'Pon Saravana Kumar',NULL,NULL,'8012532502',NULL,'2025-02-10 00:00:00.000000',1,18,2,NULL,0,0,NULL,4,NULL,'L S Mills Limited','google',NULL,NULL,NULL),(318,'Sandesh',NULL,NULL,'7999764196',NULL,'2025-02-10 00:00:00.000000',1,18,2,NULL,0,0,NULL,4,NULL,'Sandesh yarn','Google',NULL,NULL,NULL),(321,'Alagu Raj',NULL,NULL,NULL,NULL,'2025-02-11 00:00:00.000000',1,10,NULL,236,1,0,NULL,NULL,NULL,'vodofone',NULL,NULL,NULL,NULL),(324,NULL,NULL,NULL,NULL,NULL,'2025-02-11 00:00:00.000000',1,11,NULL,233,1,0,NULL,NULL,NULL,'State Bank of India',NULL,NULL,NULL,NULL),(325,NULL,NULL,NULL,NULL,NULL,'2025-02-11 00:00:00.000000',1,11,NULL,234,1,0,NULL,NULL,NULL,'ICICI Bank',NULL,NULL,NULL,NULL),(330,'viji narayanan','founder',NULL,'19373613149',NULL,'2025-02-11 00:00:00.000000',1,10,2,241,1,0,NULL,NULL,NULL,'zenlounge',NULL,NULL,NULL,NULL),(331,'balamurugan','director',NULL,'9704623646',NULL,'2025-02-11 00:00:00.000000',1,10,NULL,NULL,0,0,'Requirement for brochure',NULL,NULL,'hp cotton',NULL,NULL,NULL,NULL),(333,'CB',NULL,2,'9842440334',NULL,'2025-02-13 00:00:00.000000',1,18,2,NULL,0,0,'Ask to send a mail',4,NULL,'C B Tex','Google',NULL,NULL,NULL),(335,'Itco',NULL,2,'9945086387',NULL,'2025-02-14 00:00:00.000000',1,18,2,NULL,0,0,'Call back on Monday 17th Feb',4,NULL,'Itco Industries Limited','Google',NULL,NULL,NULL),(336,'Vishal',NULL,3,'9566687186',NULL,'2025-02-14 00:00:00.000000',1,18,2,NULL,0,0,'Share details need call',4,NULL,'Renganayaki Papers Pvt Ltd','Gooogle',NULL,NULL,NULL),(338,'Alagu Raj',NULL,NULL,NULL,NULL,'2025-02-20 00:00:00.000000',1,11,NULL,245,1,0,NULL,NULL,NULL,'kia',NULL,NULL,NULL,NULL),(387,'Senthil Kumar karapusamy',NULL,NULL,'9994448575',NULL,'2025-03-03 00:00:00.000000',1,12,NULL,NULL,0,0,NULL,NULL,NULL,'Advanced Clothing Concepts',NULL,NULL,NULL,NULL),(388,'shivam',NULL,NULL,'9787651000',NULL,'2025-03-03 00:00:00.000000',1,12,NULL,308,1,0,NULL,NULL,NULL,'Godawari Home Decor',NULL,NULL,NULL,NULL),(389,'alen',NULL,NULL,'084387 54511',NULL,'2025-03-03 00:00:00.000000',1,12,NULL,NULL,0,0,NULL,NULL,NULL,'Smit Homes',NULL,NULL,NULL,NULL),(392,'Anoop VK Shroff',NULL,NULL,'9843128000',NULL,'2025-03-03 00:00:00.000000',1,18,NULL,NULL,0,0,'Ring',NULL,NULL,'Shroff Textile Exports',NULL,NULL,NULL,NULL),(394,'Pratik Kiran Gala',NULL,NULL,'9320807171.0',NULL,'2025-03-03 00:00:00.000000',1,12,NULL,NULL,0,0,'he is looking for single page website want someone near agency in mumbai share cost and details',NULL,NULL,'Mahesh Textiles',NULL,NULL,NULL,NULL),(395,'Kunal Narendra Agrawal',NULL,NULL,'9022996995.0',NULL,'2025-03-03 00:00:00.000000',1,12,NULL,NULL,0,0,'can you call me in 10 mins told our services - cb',NULL,NULL,'Olive Tex Silk Mills Private Limited',NULL,NULL,NULL,NULL),(396,'Jyoti Das',NULL,NULL,'9820802499.0',NULL,'2025-03-03 00:00:00.000000',1,12,NULL,NULL,0,0,'Na',NULL,NULL,'Jyo Shop Llp',NULL,NULL,NULL,NULL),(397,'Dhruv Suraj Gupta',NULL,NULL,'9820049598.0',NULL,'2025-03-03 00:00:00.000000',1,12,NULL,NULL,0,0,'already have someonne to handle',NULL,NULL,'Bombay Vintage Clothing Llp',NULL,NULL,NULL,NULL),(398,'Dharampal Poddar',NULL,NULL,'9821118929.0',NULL,'2025-03-03 00:00:00.000000',1,12,NULL,NULL,0,0,'Na',NULL,NULL,'Pannatex Garments',NULL,NULL,NULL,NULL),(399,'Rahul Vinod Gupta',NULL,NULL,'9920265202.0',NULL,'2025-03-03 00:00:00.000000',1,12,NULL,NULL,0,0,'asked to share watsup will available online in watsupp',NULL,NULL,'Kavira Fashions',NULL,NULL,NULL,NULL),(400,'Vivek Gadia',NULL,NULL,'9820130101.0',NULL,'2025-03-03 00:00:00.000000',1,12,NULL,NULL,0,0,'Not required already doing',NULL,NULL,'Meridian Clothing Company Pvt Ltd',NULL,NULL,NULL,NULL),(401,'Daksh Goyal',NULL,NULL,'7889189228.0',NULL,'2025-03-03 00:00:00.000000',1,12,NULL,NULL,0,0,'Na',NULL,NULL,'Aym Syntex Ltd',NULL,NULL,NULL,NULL),(402,'Siddhant Shivratan Biyani',NULL,NULL,'9819951080.0',NULL,'2025-03-03 00:00:00.000000',1,12,NULL,NULL,0,0,'not required',NULL,NULL,'Baleshwar Synfab Llp',NULL,NULL,NULL,NULL),(403,'Najender Singh Rathore',NULL,NULL,'9819798499.0',NULL,'2025-03-03 00:00:00.000000',1,12,NULL,NULL,0,0,'not interested',NULL,NULL,'Saam Textiles Pvt Ltd',NULL,NULL,NULL,NULL),(404,'Dinesh Kumar Modi',NULL,NULL,'9930892581.0',NULL,'2025-03-03 00:00:00.000000',1,12,NULL,NULL,0,0,'Na',NULL,NULL,'Banbury Exports (A Division Of Banbury Impex Private Limited)',NULL,NULL,NULL,NULL),(405,'Ankit Kawar',NULL,NULL,'9987900008.0',NULL,'2025-03-03 00:00:00.000000',1,12,NULL,NULL,0,0,'NA',NULL,NULL,'V-Tex Overseas Private Limited',NULL,NULL,NULL,NULL),(406,'Yash Jain',NULL,NULL,'9022110000.0',NULL,'2025-03-03 00:00:00.000000',1,12,NULL,NULL,0,0,'Na',NULL,NULL,'D Badami Fashion Connection Llp',NULL,NULL,NULL,NULL),(407,'Manish Poddar',NULL,NULL,'9341214129.0',NULL,'2025-03-03 00:00:00.000000',1,12,NULL,NULL,0,0,'pitched for corporate video he told yess looking for asked cal 20 mins - cb',NULL,NULL,'D.N.H. Spinners Pvt Ltd',NULL,NULL,NULL,NULL),(408,'Ankit Jaichand Jain',NULL,NULL,'9029784150.0',NULL,'2025-03-03 00:00:00.000000',1,12,NULL,NULL,0,0,'disconnected after intro',NULL,NULL,'Mukut Mani Creation Pvt.Ltd.',NULL,NULL,NULL,NULL),(409,'Divyakumar Sunilkumar Siraslewala',NULL,NULL,'9867181918.0',NULL,'2025-03-03 00:00:00.000000',1,12,NULL,NULL,0,0,'preeti told she will share it to concern person they will contact',NULL,NULL,'Divya Global Pvt Ltd',NULL,NULL,NULL,NULL),(410,'Mangesh Dattaram Jadhav',NULL,NULL,'9820503039.0',NULL,'2025-03-03 00:00:00.000000',1,12,NULL,NULL,0,0,'NA',NULL,NULL,'Dodhia Synthetics Limited',NULL,NULL,NULL,NULL),(411,'Nikhil Narendra Agarwal',NULL,NULL,'9819542846.0',NULL,'2025-03-03 00:00:00.000000',1,12,NULL,NULL,0,0,'line busy',NULL,NULL,'Duratex Silk Mills Pvt Ltd',NULL,NULL,NULL,NULL),(412,'Sandeep Rajkumar Shorewala',NULL,NULL,'9833558749.0',NULL,'2025-03-03 00:00:00.000000',1,12,NULL,NULL,0,0,'na',NULL,NULL,'Emgee Velvets Private Limited',NULL,NULL,NULL,NULL),(413,'Anuradha Lakra',NULL,NULL,'9891448702.0',NULL,'2025-03-03 00:00:00.000000',1,12,NULL,NULL,0,0,'lline busy',NULL,NULL,'Encot Fabrics Private Limited',NULL,NULL,NULL,NULL),(414,'Khush Mukesh Savla',NULL,NULL,'9833230517.0',NULL,'2025-03-03 00:00:00.000000',1,12,NULL,NULL,0,0,'not at the movement share me details in case need',NULL,NULL,'Savla Fabrics Llp',NULL,NULL,NULL,NULL),(415,'Harpreet Kothari',NULL,NULL,'9820518682.0',NULL,'2025-03-03 00:00:00.000000',1,12,NULL,NULL,0,0,'line busy',NULL,NULL,'Anabir Designs Pvt. Ltd.',NULL,NULL,NULL,NULL),(416,'Rohit Sethia',NULL,NULL,'9920304096.0',NULL,'2025-03-03 00:00:00.000000',1,12,NULL,NULL,0,0,'line busy',NULL,NULL,'Ginza Industries Ltd.',NULL,NULL,NULL,NULL),(417,'Amit Vijay Narke',NULL,NULL,'9820085620.0',NULL,'2025-03-03 00:00:00.000000',1,12,NULL,NULL,0,0,'client told to watsup details can\'t talk right now',NULL,NULL,'Purecotz Ecolifestyles Pvt. Ltd.',NULL,NULL,NULL,NULL),(418,'Anuj Biyani',NULL,NULL,'9987368866.0',NULL,'2025-03-03 00:00:00.000000',1,12,NULL,NULL,0,0,'Na',NULL,NULL,'Golden Fibres Llp',NULL,NULL,NULL,NULL),(419,'Nishi Rajat Vora',NULL,NULL,'9820594995.0',NULL,'2025-03-03 00:00:00.000000',1,12,NULL,NULL,0,0,'line busy',NULL,NULL,'Fashion Accessories India Pvt Ltd',NULL,NULL,NULL,NULL),(420,'Jay Jayesh Shah',NULL,NULL,'9920092323.0',NULL,'2025-03-03 00:00:00.000000',1,12,NULL,NULL,0,0,'NA',NULL,NULL,'Meera Cotton & Synthetic Mills Pvt Ltd',NULL,NULL,NULL,NULL),(421,'Aman Dinesh Jain',NULL,NULL,'9820017023.0',NULL,'2025-03-03 00:00:00.000000',1,12,NULL,NULL,0,0,'not required',NULL,NULL,'Alisha Fashions',NULL,NULL,NULL,NULL),(422,'Bipin Maganlal Sheth',NULL,NULL,'9821062532.0',NULL,'2025-03-03 00:00:00.000000',1,12,NULL,NULL,0,0,'share watsupp if need',NULL,NULL,'Jainam Enterprise',NULL,NULL,NULL,NULL),(423,'Nandhagopal',NULL,NULL,'9943943221',NULL,'2025-03-03 00:00:00.000000',1,18,NULL,NULL,0,0,'Busy',NULL,NULL,'Power On Wheelz',NULL,NULL,NULL,NULL),(424,'Jayaraj',NULL,NULL,'9843614445',NULL,'2025-03-03 00:00:00.000000',1,18,NULL,NULL,0,0,'Share details need call',NULL,NULL,'Geometrics',NULL,NULL,NULL,NULL),(425,'Mahalingam',NULL,NULL,'9894614860',NULL,'2025-03-03 00:00:00.000000',1,18,NULL,NULL,0,0,'Busy',NULL,NULL,'Best Forgings India',NULL,NULL,NULL,NULL),(427,'Ramanan',NULL,NULL,'9787773255',NULL,'2025-03-04 00:00:00.000000',1,11,NULL,NULL,0,0,'line busy 2times',NULL,NULL,'CLASSIK COOLING TOWERS',NULL,NULL,NULL,NULL),(428,'Venugopal',NULL,NULL,'9842256190',NULL,'2025-03-04 00:00:00.000000',1,11,NULL,NULL,0,0,'no need',NULL,NULL,'Best Engineering Company',NULL,NULL,NULL,NULL),(429,'Suresh',NULL,NULL,'9600903331',NULL,'2025-03-04 00:00:00.000000',1,11,NULL,NULL,0,0,'not ans 2 times',NULL,NULL,'BEST PUMPS (INDIA) PVT. LTD.',NULL,NULL,NULL,NULL),(430,'Babbu',NULL,NULL,'98949 54818 | 93633 61189',NULL,'2025-03-04 00:00:00.000000',1,11,NULL,NULL,0,0,'not ans 2 times',NULL,NULL,'BKS Engineers',NULL,NULL,NULL,NULL),(431,'Annamalai',NULL,NULL,'99422 14111',NULL,'2025-03-04 00:00:00.000000',1,11,NULL,NULL,0,0,'not ans 2 times',NULL,NULL,'Akshara Water Treatment',NULL,NULL,NULL,NULL),(432,'Rajini Prakash',NULL,NULL,'94426 40804',NULL,'2025-03-04 00:00:00.000000',1,11,NULL,NULL,0,0,'april month 1st week want call , vendor contract will over lets see',NULL,NULL,'Alpha Power',NULL,NULL,NULL,NULL),(433,'Muthu',NULL,NULL,'9842249582',NULL,'2025-03-04 00:00:00.000000',1,11,NULL,NULL,0,0,'owner out of town, call next week',NULL,NULL,'Aquatreat Corporation',NULL,NULL,NULL,NULL),(434,'Vivek','Partner',NULL,'8807233844',NULL,'2025-03-04 00:00:00.000000',1,11,2,306,1,0,'meeting Indurekha , Suresh , vivek have came our office',4,NULL,'Astro Tamil',NULL,NULL,NULL,NULL),(435,'Priya shankar',NULL,NULL,'98400 58469',NULL,'2025-03-04 00:00:00.000000',1,11,NULL,NULL,0,0,'she asked portfolio & later discuss , shared to her',NULL,NULL,'TRISTARR HORTITECH',NULL,NULL,NULL,NULL),(436,'Nishanth',NULL,NULL,'9442733601',NULL,'2025-03-04 00:00:00.000000',1,11,NULL,NULL,0,0,'if need will call back',NULL,NULL,'Qualfis Foodz Pvt Ltd.,',NULL,NULL,NULL,NULL),(437,'Moorthy',NULL,NULL,'94440 20561',NULL,'2025-03-04 00:00:00.000000',1,12,NULL,NULL,0,0,'',NULL,NULL,'Fusan Organics','',NULL,NULL,NULL),(438,'Vimal',NULL,NULL,'8300501080',NULL,'2025-03-04 00:00:00.000000',1,18,NULL,NULL,0,0,'Share details need call',NULL,NULL,'Vimal Sone Interior',NULL,NULL,NULL,NULL),(439,'Prabakaran',NULL,NULL,'99946 88865',NULL,'2025-03-04 00:00:00.000000',1,18,NULL,NULL,0,0,NULL,NULL,NULL,'AVN FURN COMPANY',NULL,NULL,NULL,NULL),(440,'Sathish',NULL,NULL,'9655764455',NULL,'2025-03-04 00:00:00.000000',1,18,NULL,NULL,0,0,'Share details call April 1st week',NULL,NULL,'Ricco Interiors',NULL,NULL,NULL,NULL),(443,'Krishna kumar',NULL,NULL,'9944414878',NULL,'2025-03-04 00:00:00.000000',1,11,2,247,1,0,'asked update',NULL,NULL,NULL,NULL,NULL,NULL,NULL),(444,'G.R.S.HOSIERY MILLS',NULL,NULL,'9842213800',NULL,'2025-03-04 00:00:00.000000',1,11,2,248,1,0,'WA follow up',NULL,NULL,NULL,NULL,NULL,NULL,NULL),(445,'Vishal',NULL,NULL,'9487845007',NULL,'2025-03-04 00:00:00.000000',1,11,2,249,1,0,'WA follow up',NULL,NULL,NULL,NULL,NULL,NULL,NULL),(446,'Ravi',NULL,NULL,'9894955588',NULL,'2025-03-04 00:00:00.000000',1,11,2,250,1,0,'WA follow up',NULL,NULL,NULL,NULL,NULL,NULL,NULL),(447,'Selvaraju aadhikeshexports',NULL,NULL,'9994618052',NULL,'2025-03-04 00:00:00.000000',1,11,2,251,1,0,'WA follow up',NULL,NULL,NULL,NULL,NULL,NULL,NULL),(448,'Veni',NULL,NULL,'9245576338',NULL,'2025-03-04 00:00:00.000000',1,11,2,252,1,0,'WA follow up',NULL,NULL,NULL,NULL,NULL,NULL,NULL),(449,'Babu',NULL,NULL,'9942289300',NULL,'2025-03-04 00:00:00.000000',1,11,2,253,1,0,'he asked update',NULL,NULL,NULL,NULL,NULL,NULL,NULL),(450,'dr.mohamed ghouse(Cafe Jammd Up)',NULL,NULL,'8928696860',NULL,'2025-03-04 00:00:00.000000',1,11,2,255,1,0,'he asked WA for the details',NULL,NULL,NULL,NULL,NULL,NULL,NULL),(451,'arun(DDD TRAVELS N TOURS )',NULL,NULL,'9092220117',NULL,'2025-03-04 00:00:00.000000',1,11,2,256,1,0,'he asked WA the details, sick now',NULL,NULL,NULL,NULL,NULL,NULL,NULL),(452,'Salman. Malik 2526(Salman. Malik. 2526)',NULL,NULL,'9344247932',NULL,'2025-03-04 00:00:00.000000',1,11,2,257,1,0,'not ans',NULL,NULL,NULL,NULL,NULL,NULL,NULL),(453,'SANKAR(SANKARS ENTERPRISES)',NULL,NULL,'8903109441',NULL,'2025-03-04 00:00:00.000000',1,11,2,258,1,0,'he dont know but asked WA details',NULL,NULL,NULL,NULL,NULL,NULL,NULL),(454,'Rithish Rajamanickam(Student )',NULL,NULL,'6374112829',NULL,'2025-03-04 00:00:00.000000',1,11,2,259,1,0,'not ans',NULL,NULL,NULL,NULL,NULL,NULL,NULL),(455,'SUNDAR Aditi Travels Madurai (Travels Agency)(Aditi Tours and Travels )',NULL,NULL,'9894929612',NULL,'2025-03-04 00:00:00.000000',1,11,2,260,1,0,'in home may be given, ask & update',NULL,NULL,NULL,NULL,NULL,NULL,NULL),(456,'Sivakumar (Mithra Events )',NULL,NULL,'8072352437',NULL,'2025-03-04 00:00:00.000000',1,11,2,261,1,0,'asked logo cost & details to WA.',NULL,NULL,NULL,NULL,NULL,NULL,NULL),(457,'Boopathy Rajan(Hari s)',NULL,NULL,'9170929968',NULL,'2025-03-04 00:00:00.000000',1,11,2,262,1,0,'Incoming calls stopped',NULL,NULL,NULL,NULL,NULL,NULL,NULL),(458,'Srivatsan Thiyagarajan(Mayan Ads)',NULL,NULL,'8110080022',NULL,'2025-03-04 00:00:00.000000',1,11,2,263,1,0,'same service provider, he dont know',NULL,NULL,NULL,NULL,NULL,NULL,NULL),(459,'Yuvaa SathyaRaj(Yusha )',NULL,NULL,'8838772812',NULL,'2025-03-04 00:00:00.000000',1,11,2,264,1,0,'not ans',NULL,NULL,NULL,NULL,NULL,NULL,NULL),(460,'Mangalaswaran T(Meenus Designers Madurai )',NULL,NULL,'8667789298',NULL,'2025-03-04 00:00:00.000000',1,11,2,265,1,0,'she dont know , asked deatils to WA',NULL,NULL,NULL,NULL,NULL,NULL,NULL),(461,'Asha prathiba(Squash apps )',NULL,NULL,'9952778827',NULL,'2025-03-04 00:00:00.000000',1,11,2,266,1,0,'asked PPC and other DM services',NULL,NULL,NULL,NULL,NULL,NULL,NULL),(462,'Sri Deepam Silvers(Sri Deepam Silvers)',NULL,NULL,'9003801066',NULL,'2025-03-04 00:00:00.000000',1,11,2,267,1,0,'he dont know the enquiry, by mistake may be',NULL,NULL,NULL,NULL,NULL,NULL,NULL),(463,'S.prakash777out Prakash(Prakash)',NULL,NULL,'8489089494',NULL,'2025-03-04 00:00:00.000000',1,11,2,268,1,0,'kids may given , no need',NULL,NULL,NULL,NULL,NULL,NULL,NULL),(464,'Srinidish K(JAI AMARJOTHI STEELS )',NULL,NULL,'9751011811',NULL,'2025-03-04 00:00:00.000000',1,11,2,269,1,0,'no need right now',NULL,NULL,NULL,NULL,NULL,NULL,NULL),(465,'Ashinjs Ashinjs(Fish)',NULL,NULL,'7418317947',NULL,'2025-03-04 00:00:00.000000',1,11,2,270,1,0,'he cut the call',NULL,NULL,NULL,NULL,NULL,NULL,NULL),(466,'Vasanthkumar (SMS COLLECTION )',NULL,NULL,'9344898219',NULL,'2025-03-04 00:00:00.000000',1,11,2,271,1,0,'not ans',NULL,NULL,NULL,NULL,NULL,NULL,NULL),(467,'Kannan P(Exotica)',NULL,NULL,'9843011999',NULL,'2025-03-04 00:00:00.000000',1,11,2,272,1,0,'no need right now',NULL,NULL,NULL,NULL,NULL,NULL,NULL),(468,'Arul Balan(Arul Balan)',NULL,NULL,'9944647020',NULL,'2025-03-04 00:00:00.000000',1,11,2,273,1,0,'kids may given , no need',NULL,NULL,NULL,NULL,NULL,NULL,NULL),(469,'Raja(Miracle Photography)',NULL,NULL,'9585195960',NULL,'2025-03-04 00:00:00.000000',1,11,2,274,1,0,'asked logo cost & details to WA.',NULL,NULL,NULL,NULL,NULL,NULL,NULL),(470,'Shivdass Vava(Hotel Vavas)',NULL,NULL,'6374218483',NULL,'2025-03-04 00:00:00.000000',1,11,2,275,1,0,'December 10th want to call him. Logo design',NULL,NULL,NULL,NULL,NULL,NULL,NULL),(471,'Hari Hari(Hari)',NULL,NULL,'9344207502',NULL,'2025-03-04 00:00:00.000000',1,11,2,276,1,0,'not ans',NULL,NULL,NULL,NULL,NULL,NULL,NULL),(472,'Sakthi Sureesh(Sss association )',NULL,NULL,'9698436811',NULL,'2025-03-04 00:00:00.000000',1,11,2,277,1,0,'Line busy',NULL,NULL,NULL,NULL,NULL,NULL,NULL),(473,'Muthu Kumar (Pm Life Science )',NULL,NULL,'9842289005',NULL,'2025-03-04 00:00:00.000000',1,11,2,278,1,0,'Line busy',NULL,NULL,NULL,NULL,NULL,NULL,NULL),(474,'Bharathi (N Veedu developers)',NULL,NULL,'9943095550',NULL,'2025-03-04 00:00:00.000000',1,11,2,279,1,0,'Logo , Website cost asked, will update',NULL,NULL,NULL,NULL,NULL,NULL,NULL),(475,'S. GNANARAJ(Fashiondeals)',NULL,NULL,'9092078984',NULL,'2025-03-04 00:00:00.000000',1,11,2,280,1,0,'not exist',NULL,NULL,NULL,NULL,NULL,NULL,NULL),(476,'Leo(The Cake Box)',NULL,NULL,'8438601784',NULL,'2025-03-04 00:00:00.000000',1,11,2,281,1,0,'want to know GMB, Logo cost asked if need will call back.',NULL,NULL,NULL,NULL,NULL,NULL,NULL),(477,'Surya Sp(Sva)',NULL,NULL,'8675535569',NULL,'2025-03-04 00:00:00.000000',1,11,2,282,1,0,'Logo cost asked, will update once partner accept',NULL,NULL,NULL,NULL,NULL,NULL,NULL),(478,'Senthur(Sathyamtextiles)',NULL,NULL,'9790340064',NULL,'2025-03-04 00:00:00.000000',1,11,2,283,1,0,'30.11.23 cost informed he will discuss & update',NULL,NULL,NULL,NULL,NULL,NULL,NULL),(479,'Senthilnayaki',NULL,NULL,'9787735557',NULL,'2025-03-04 00:00:00.000000',1,11,2,284,1,0,'Inbound Deal won',NULL,NULL,NULL,NULL,NULL,NULL,NULL),(480,'Pooja',NULL,NULL,'8766261243',NULL,'2025-03-04 00:00:00.000000',1,11,2,285,1,0,'Inbound Deal won',NULL,NULL,NULL,NULL,NULL,NULL,NULL),(481,'Abhay Kumar',NULL,NULL,'9843030837',NULL,'2025-03-04 00:00:00.000000',1,11,2,161,1,0,'Inbound Deal won',NULL,NULL,NULL,NULL,NULL,NULL,NULL),(482,'Srinivas',NULL,NULL,'7502271806',NULL,'2025-03-04 00:00:00.000000',1,11,2,287,1,0,'Inbound Deal won',NULL,NULL,NULL,NULL,NULL,NULL,NULL),(483,'Gowtham',NULL,NULL,'9626404604',NULL,'2025-03-04 00:00:00.000000',1,11,2,288,1,0,'Inbound Deal won',NULL,NULL,NULL,NULL,NULL,NULL,NULL),(484,'Vishnu',NULL,NULL,'9600902332',NULL,'2025-03-04 00:00:00.000000',1,11,2,246,1,0,'Inbound Deal won',NULL,NULL,NULL,NULL,NULL,NULL,NULL),(485,'DINESHKUMAR',NULL,NULL,'8056586123',NULL,'2025-03-04 00:00:00.000000',1,11,2,290,1,0,'Inbound Deal won',NULL,NULL,NULL,NULL,NULL,NULL,NULL),(486,'Yara Ruthrapathy',NULL,NULL,'9443447775',NULL,'2025-03-04 00:00:00.000000',1,11,2,292,1,0,'Inbound Deal won',NULL,NULL,NULL,NULL,NULL,NULL,NULL),(487,'Agilan G',NULL,NULL,'NULL',NULL,'2025-03-04 00:00:00.000000',1,11,2,293,1,0,'Inbound Deal won',NULL,NULL,NULL,NULL,NULL,NULL,NULL),(488,'logo',NULL,NULL,'6380920374',NULL,'2025-03-04 00:00:00.000000',1,11,2,295,1,0,'Inbound Deal won',NULL,NULL,NULL,NULL,NULL,NULL,NULL),(489,'Website & Design',NULL,NULL,'9786684456',NULL,'2025-03-04 00:00:00.000000',1,11,2,296,1,0,'Inbound Deal won',NULL,NULL,NULL,NULL,NULL,NULL,NULL),(490,'Sethu',NULL,NULL,'7305872688',NULL,'2025-03-04 00:00:00.000000',1,11,2,300,1,0,'Inbound Deal won',NULL,NULL,NULL,NULL,NULL,NULL,NULL),(491,'Praveen Kumar',NULL,NULL,'9686083069',NULL,'2025-03-04 00:00:00.000000',1,11,2,301,1,0,'Inbound Deal won',NULL,NULL,NULL,NULL,NULL,NULL,NULL),(493,'Prem Ramchandani',NULL,NULL,'77384 22235',NULL,'2025-03-04 00:00:00.000000',1,12,NULL,NULL,0,0,'not reachable',NULL,NULL,'Hdr Import Export Pvt Ltd',NULL,NULL,NULL,NULL),(494,'Jitendra Kumar Lalchand Nawani',NULL,NULL,'9892425500.0',NULL,'2025-03-04 00:00:00.000000',1,12,NULL,NULL,0,0,'not looking for now',NULL,NULL,'Harbour Trendz Private Limited',NULL,NULL,NULL,NULL),(495,'Dhaval Dodhia',NULL,NULL,'9819037223.0',NULL,'2025-03-04 00:00:00.000000',1,12,NULL,NULL,0,0,'not required',NULL,NULL,'Jainam Silk Mills',NULL,NULL,NULL,NULL),(496,'Vafa Shahzad',NULL,NULL,'9223399148.0',NULL,'2025-03-04 00:00:00.000000',1,12,NULL,NULL,0,0,'NA',NULL,NULL,'Kamadgiri Fashion Ltd',NULL,NULL,NULL,NULL),(497,'Mahesh Girdhar Jhawar',NULL,NULL,'8806086300.0',NULL,'2025-03-04 00:00:00.000000',1,12,NULL,NULL,0,0,'share details if need will say',NULL,NULL,'Kamal Synthetics',NULL,NULL,NULL,NULL),(498,'Naresh Jain',NULL,NULL,'9820122250.0',NULL,'2025-03-04 00:00:00.000000',1,12,NULL,NULL,0,0,'share me your links asked for plans told will see hiw you have done it',NULL,NULL,'S R Design Studio',NULL,NULL,NULL,NULL),(499,'Mahesh Kumar Agarwal',NULL,NULL,'9769539989.0',NULL,'2025-03-04 00:00:00.000000',1,12,NULL,NULL,0,0,'not required',NULL,NULL,'Snehal Creation Inc',NULL,NULL,NULL,NULL),(500,'Niti Singhal',NULL,NULL,'9926013500.0',NULL,'2025-03-04 00:00:00.000000',1,12,NULL,NULL,0,0,'NA',NULL,NULL,'Twee',NULL,NULL,NULL,NULL),(501,'Akshay Ashwin Nahar',NULL,NULL,'9004450002.0',NULL,'2025-03-04 00:00:00.000000',1,12,NULL,NULL,0,0,'Not required',NULL,NULL,'Nahar Textiles Pvt Ltd',NULL,NULL,NULL,NULL),(502,'Manish Kantilal Shah',NULL,NULL,'9323192678.0',NULL,'2025-03-04 00:00:00.000000',1,12,NULL,NULL,0,0,'can me later busy',NULL,NULL,'Kk Silk Mills Ltd',NULL,NULL,NULL,NULL),(503,'Rishabh Shorewala',NULL,NULL,'9819755337.0',NULL,'2025-03-04 00:00:00.000000',1,12,NULL,NULL,0,0,'got someone in mumbai',NULL,NULL,'Klass Velvets Pvt Ltd',NULL,NULL,NULL,NULL),(504,'Siddharth Kusumgar',NULL,NULL,'7777055023.0',NULL,'2025-03-04 00:00:00.000000',1,12,NULL,NULL,0,0,'not required',NULL,NULL,'Kusumgar Private Limited',NULL,NULL,NULL,NULL),(505,'Gaurav Dilip Tibrewala',NULL,NULL,'9833014125.0',NULL,'2025-03-04 00:00:00.000000',1,12,NULL,NULL,0,0,'not answered',NULL,NULL,'L D Silk Mills',NULL,NULL,NULL,NULL),(506,'Saurabh Umesh Lahoti',NULL,NULL,'9820307810.0',NULL,'2025-03-04 00:00:00.000000',1,12,NULL,NULL,0,0,'disconnected',NULL,NULL,'Lahoti Overseas Limited',NULL,NULL,NULL,NULL),(507,'Karan Kumarpal Jain',NULL,NULL,'9820686838.0',NULL,'2025-03-04 00:00:00.000000',1,12,NULL,NULL,0,0,'NA',NULL,NULL,'Mahavir Textiles',NULL,NULL,NULL,NULL),(508,'Surabhi Ramesh Naik',NULL,NULL,'9820498207.0',NULL,'2025-03-04 00:00:00.000000',1,12,NULL,NULL,0,0,'line busy',NULL,NULL,'Argento Home Products Llp',NULL,NULL,NULL,NULL),(509,'Mr Piyush Navalkishore',NULL,NULL,'9892090987.0',NULL,'2025-03-04 00:00:00.000000',1,12,NULL,NULL,0,0,'line busy',NULL,NULL,'M/S Shree Polyester Industries Pvt Ltd',NULL,NULL,NULL,NULL),(510,'Gopal Bajranglal Agarwal',NULL,NULL,'9768757777.0',NULL,'2025-03-04 00:00:00.000000',1,12,NULL,NULL,0,0,'Na',NULL,NULL,'Maa Ashish Textiles Industries Pvt. Ltd.',NULL,NULL,NULL,NULL),(511,'Sorabh Kishan Agarwal',NULL,NULL,'9324572292.0',NULL,'2025-03-04 00:00:00.000000',1,12,NULL,NULL,0,0,'NA',NULL,NULL,'Mahi Exports',NULL,NULL,NULL,NULL),(512,'Prreeti Jaiin Nainutia',NULL,NULL,'8450910847.0',NULL,'2025-03-04 00:00:00.000000',1,12,NULL,NULL,0,0,'share details will get back - cb',NULL,NULL,'Nirmoha Fashion House Pvt Ltd',NULL,NULL,NULL,NULL),(513,'Nitin Singh',NULL,NULL,'9004864170.0',NULL,'2025-03-04 00:00:00.000000',1,12,NULL,NULL,0,0,'NA',NULL,NULL,'Nagreeka Exports Limited',NULL,NULL,NULL,NULL),(514,'Basudev Sadh',NULL,NULL,'9821841115.0',NULL,'2025-03-04 00:00:00.000000',1,12,NULL,NULL,0,0,'disconnected after intro',NULL,NULL,'Permeshwar Exports',NULL,NULL,NULL,NULL),(515,'Kamal Kumar Johari',NULL,NULL,'9167676877.0',NULL,'2025-03-04 00:00:00.000000',1,12,NULL,NULL,0,0,'we have in house team',NULL,NULL,'Nobel Hygiene Private Limited',NULL,NULL,NULL,NULL),(516,'Ajay Inderlal Trivedi',NULL,NULL,'9323129060.0',NULL,'2025-03-04 00:00:00.000000',1,12,NULL,372,1,0,'20/03/2025- busy in working days can you call me saturday will dsicuss , 11/03/2025- Sanskar asked to share proposal for static website and watsupp marketing -cb ,he gave number ajay , ajay gave number of sanskar he told he looking for website share me your detials will cehck and get back',NULL,NULL,'Gangotri Textile Mills',NULL,NULL,'2025-04-01 12:36:20.781720',NULL),(517,'Shreekunj Chandak',NULL,NULL,'9082125942.0',NULL,'2025-03-04 00:00:00.000000',1,12,NULL,NULL,0,0,'asked to share profile in info mail will talk next week just came from travel so tired',NULL,NULL,'Mamoc Fashions Llp',NULL,NULL,NULL,NULL),(518,'Vipul Suresh Pithadia',NULL,NULL,'7021000165.0',NULL,'2025-03-04 00:00:00.000000',1,12,NULL,NULL,0,0,'Not required',NULL,NULL,'Clothing Culture Private Limited',NULL,NULL,NULL,NULL),(519,'Pankaj Shyamsunder Seth',NULL,NULL,'9987267082.0',NULL,'2025-03-04 00:00:00.000000',1,12,NULL,NULL,0,0,'not required',NULL,NULL,'Orbit Exports Ltd',NULL,NULL,NULL,NULL),(520,'Manoj Purushottamdas Patodia',NULL,NULL,'9820000982.0',NULL,'2025-03-04 00:00:00.000000',1,12,NULL,NULL,0,0,'NA',NULL,NULL,'Patodia Overseas Exports Llp',NULL,NULL,NULL,NULL),(521,'Bhavik Shah',NULL,NULL,'8657532119.0',NULL,'2025-03-04 00:00:00.000000',1,12,NULL,NULL,0,0,'NA',NULL,NULL,'Perfect Filaments Limited',NULL,NULL,NULL,NULL),(522,'Richa Shrimali',NULL,NULL,'9892707141.0',NULL,'2025-03-04 00:00:00.000000',1,12,NULL,NULL,0,0,'NA',NULL,NULL,'Pinak Texport Pvt Ltd',NULL,NULL,NULL,NULL),(523,'Akshay Suri',NULL,NULL,'8104766572.0',NULL,'2025-03-04 00:00:00.000000',1,12,NULL,NULL,0,0,'she tald sir will come tom cb tom morning',NULL,NULL,'Poojan International / Jagdamba Fabrics',NULL,NULL,NULL,NULL),(524,'Kapil Narendra Gupta',NULL,NULL,'9820013539.0',NULL,'2025-03-04 00:00:00.000000',1,12,NULL,NULL,0,0,'not required',NULL,NULL,'Topller Lifestyle Fashions Pvt Ltd',NULL,NULL,NULL,NULL),(525,'Gunangadpal Singh Arora',NULL,NULL,'9619303777.0',NULL,'2025-03-04 00:00:00.000000',1,12,NULL,NULL,0,0,'cb tom',NULL,NULL,'Angadpal Industries Pvt Ltd',NULL,NULL,NULL,NULL),(526,'Paras Shikharchand Jain',NULL,NULL,'9320140849.0',NULL,'2025-03-04 00:00:00.000000',1,12,NULL,NULL,0,0,'call you back busy',NULL,NULL,'Rajesh Rayon Silk Mills Ltd',NULL,NULL,NULL,NULL),(527,'Aashik Atul Ambawat',NULL,NULL,'9773396977.0',NULL,'2025-03-04 00:00:00.000000',1,12,NULL,NULL,0,0,'not required',NULL,NULL,'Rajhans Synthetics',NULL,NULL,NULL,NULL),(528,'Vivek Prem Kamal',NULL,NULL,'9821053709.0',NULL,'2025-03-04 00:00:00.000000',1,12,NULL,NULL,0,0,'NA',NULL,NULL,'Empilon Fabrics Private Limited',NULL,NULL,NULL,NULL),(529,'Sanjay Balchand Kothari',NULL,NULL,'9892540731.0',NULL,'2025-03-04 00:00:00.000000',1,12,NULL,NULL,0,0,'share details in Watsupp',NULL,NULL,'Ranjit Fab India Llp',NULL,NULL,NULL,NULL),(530,'Kamal Choudhary',NULL,NULL,'9820021023.0',NULL,'2025-03-04 00:00:00.000000',1,12,NULL,NULL,0,0,'NA',NULL,NULL,'Choudhary Garments',NULL,NULL,NULL,NULL),(531,'Manoj Sajnani',NULL,NULL,'9930401842.0',NULL,'2025-03-04 00:00:00.000000',1,12,NULL,NULL,0,0,'manojj gave number of mr vijay -9096703381 ,  vijay didn\'t picked - cb',NULL,NULL,'Rishab World Pvt. Ltd',NULL,NULL,NULL,NULL),(532,'Shailendar Parsram Chhugani',NULL,NULL,'9820327722.0',NULL,'2025-03-04 00:00:00.000000',1,12,NULL,NULL,0,0,'share details currently have no plan if need',NULL,NULL,'Shailendar Traders',NULL,NULL,NULL,NULL),(533,'Viraj Vikram Jobalia',NULL,NULL,'9650205574.0',NULL,'2025-03-04 00:00:00.000000',1,12,NULL,NULL,0,0,'NA',NULL,NULL,'Ruetex Textile Private Limited',NULL,NULL,NULL,NULL),(534,'Pankaj Madhusudan Ruia',NULL,NULL,'9322297893.0',NULL,'2025-03-04 00:00:00.000000',1,12,NULL,NULL,0,0,'not required',NULL,NULL,'Ruia Fabrics Private Limited',NULL,NULL,NULL,NULL),(535,'Mihir Valia',NULL,NULL,'9819764333.0',NULL,'2025-03-04 00:00:00.000000',1,12,NULL,NULL,0,0,'need some in local',NULL,NULL,'Kism Textile Private Limited',NULL,NULL,NULL,NULL),(536,'Darshil Mayur Chheda',NULL,NULL,'9819530708.0',NULL,'2025-03-04 00:00:00.000000',1,12,NULL,NULL,0,0,'we don\'t want',NULL,NULL,'Focus Prints Llp',NULL,NULL,NULL,NULL),(537,'Namrata Kothari',NULL,NULL,'9820977787.0',NULL,'2025-03-04 00:00:00.000000',1,12,NULL,NULL,0,0,'send me email will see and revert travelling so',NULL,NULL,'Linear Design',NULL,NULL,NULL,NULL),(538,'Mahendra Pukhraj Jain',NULL,NULL,'9322233848.0',NULL,'2025-03-04 00:00:00.000000',1,12,NULL,NULL,0,0,'20/03/2025- haven\'t reached office yet will call  you back , 19/03- was busy these days will check tom cb afternoon , 13/03/2025- line busy , pitched for basic website he said share profile will update , he said yes we can have a basic website',NULL,NULL,'Samosaran Yarns Private Limited',NULL,NULL,'2025-03-25 05:21:54.968000',NULL),(539,'Jitender','Owner',NULL,'919654654796','jitender30000@gmail.com','2025-03-04 00:00:00.000000',1,12,NULL,NULL,0,0,'asked for product catalogue 10 products   and and brand content',NULL,NULL,'JDX Store','Inbound Lead',NULL,NULL,NULL),(540,'Dhinesh',NULL,NULL,'9751437020',NULL,'2025-03-05 00:00:00.000000',1,11,2,NULL,0,0,'10.03.25	follow up on WA\n06.03.25	asked him on WA meeting time\n05.03.25	meeting postponed he will update / he needs SEO & DM meeting fixed at 3.30pm \n04.03.25 he asked to meet tomorrow afternoon, WA sent',NULL,NULL,'Unimaxx Architects & Interiors','',NULL,'2025-03-26 10:17:29.760837',NULL),(541,'Prakash',NULL,NULL,'9787748087',NULL,'2025-03-05 00:00:00.000000',1,11,NULL,NULL,0,0,'if need will call back , asked WA sent',NULL,NULL,'Cuboid Architecture',NULL,NULL,'2025-03-14 04:40:08.281405',NULL),(543,NULL,NULL,NULL,'4049638525',NULL,'2025-03-05 00:00:00.000000',1,11,NULL,NULL,0,0,'Computer voice asked to email for collaboration as vendor',NULL,NULL,'Owm Architecture',NULL,NULL,'2025-03-13 00:00:00.000000',NULL),(544,NULL,NULL,NULL,'7708282200',NULL,'2025-03-05 00:00:00.000000',1,11,NULL,NULL,0,0,'no need',NULL,NULL,'Archi Media',NULL,NULL,'2025-03-14 04:47:28.641836',NULL),(545,NULL,NULL,NULL,'4222313541',NULL,'2025-03-05 00:00:00.000000',1,11,NULL,NULL,0,0,'not ans',NULL,NULL,'Swaminathan & Associates',NULL,NULL,NULL,NULL),(546,NULL,NULL,NULL,'9629922994',NULL,'2025-03-05 00:00:00.000000',1,11,NULL,NULL,0,0,'no need',NULL,NULL,'MS Associates',NULL,NULL,NULL,NULL),(547,NULL,NULL,NULL,'9095159999',NULL,'2025-03-05 00:00:00.000000',1,11,NULL,NULL,0,0,'not ans',NULL,NULL,'Invent Architects',NULL,NULL,NULL,NULL),(548,NULL,NULL,NULL,'9994411844',NULL,'2025-03-05 00:00:00.000000',1,11,NULL,NULL,0,0,'no need',NULL,NULL,'ICON architects',NULL,NULL,NULL,NULL),(549,NULL,NULL,NULL,'9944277447',NULL,'2025-03-05 00:00:00.000000',1,11,NULL,NULL,0,0,'if need will call back',NULL,NULL,'Arivudai Nambi, Architect',NULL,NULL,NULL,NULL),(550,NULL,NULL,NULL,'9842208572',NULL,'2025-03-05 00:00:00.000000',1,11,NULL,NULL,0,0,'no need',NULL,NULL,'InnerSpace Architects',NULL,NULL,NULL,NULL),(551,NULL,NULL,NULL,'9843333999',NULL,'2025-03-05 00:00:00.000000',1,11,NULL,NULL,0,0,'he is meeting, wll call back if need',NULL,NULL,'BuilDTecH Architects & Interior Designers',NULL,NULL,NULL,NULL),(552,NULL,NULL,NULL,'8105778991',NULL,'2025-03-05 00:00:00.000000',1,11,NULL,NULL,0,0,'line busy',NULL,NULL,'Hued Stories',NULL,NULL,NULL,NULL),(553,NULL,NULL,NULL,'9944954802',NULL,'2025-03-05 00:00:00.000000',1,11,NULL,NULL,0,0,'line busy',NULL,NULL,'Innout Architecture and Interiors',NULL,NULL,NULL,NULL),(554,NULL,NULL,NULL,'9043147645',NULL,'2025-03-05 00:00:00.000000',1,11,NULL,NULL,0,0,'no need',NULL,NULL,'G Design Studio',NULL,NULL,NULL,NULL),(555,NULL,NULL,NULL,'96291 66193',NULL,'2025-03-05 00:00:00.000000',1,11,NULL,NULL,0,0,'line busy',NULL,NULL,'Space language architects',NULL,NULL,NULL,NULL),(556,NULL,NULL,NULL,'82201 95099',NULL,'2025-03-05 00:00:00.000000',1,11,NULL,NULL,0,0,'no need',NULL,NULL,'WARP Architects',NULL,NULL,NULL,NULL),(557,NULL,NULL,NULL,'9626138412',NULL,'2025-03-05 00:00:00.000000',1,11,NULL,NULL,0,0,'tomorrow morning will call back WA sent',NULL,NULL,'Straightwall Architects',NULL,NULL,NULL,NULL),(558,NULL,NULL,NULL,'9629265750',NULL,'2025-03-05 00:00:00.000000',1,11,NULL,NULL,0,0,'his friend doing DM, no need',NULL,NULL,'Nanayam Architects',NULL,NULL,NULL,NULL),(559,NULL,NULL,NULL,'8190968826',NULL,'2025-03-05 00:00:00.000000',1,11,NULL,NULL,0,0,'switched off',NULL,NULL,'Dot2form architects & interiors',NULL,NULL,NULL,NULL),(560,NULL,NULL,NULL,'9943251453',NULL,'2025-03-05 00:00:00.000000',1,11,NULL,NULL,0,0,'switched off',NULL,NULL,'Beads Architects',NULL,NULL,NULL,NULL),(561,NULL,NULL,NULL,'6385644730',NULL,'2025-03-05 00:00:00.000000',1,11,NULL,NULL,0,0,'line busy',NULL,NULL,'Ray Architects',NULL,NULL,NULL,NULL),(562,NULL,NULL,NULL,'81482 75191',NULL,'2025-03-05 00:00:00.000000',1,11,NULL,NULL,0,0,'no need',NULL,NULL,'Wallcodee',NULL,NULL,NULL,NULL),(563,NULL,NULL,NULL,'9486931472',NULL,'2025-03-05 00:00:00.000000',1,11,NULL,NULL,0,0,'out of service',NULL,NULL,'KARTHIGEETA & ASSOCIATES',NULL,NULL,NULL,NULL),(564,NULL,NULL,NULL,'9566831259',NULL,'2025-03-05 00:00:00.000000',1,11,NULL,NULL,0,0,'no need',NULL,NULL,'MASONRY OF ARCHITECTS',NULL,NULL,NULL,NULL),(565,NULL,NULL,NULL,NULL,NULL,'2025-03-05 00:00:00.000000',1,12,2,310,1,0,NULL,4,NULL,'Suman Jewellery',NULL,NULL,NULL,NULL),(566,NULL,NULL,NULL,'9994021005 | 9600790004',NULL,'2025-03-05 00:00:00.000000',1,18,NULL,NULL,0,0,'Share details need call',NULL,NULL,'Homik Interior Industries',NULL,NULL,NULL,NULL),(567,NULL,NULL,NULL,'98943 39516',NULL,'2025-03-05 00:00:00.000000',1,18,NULL,NULL,0,0,'Share details need call',NULL,NULL,'Vibgiyor Wood Creations',NULL,NULL,NULL,NULL),(568,NULL,NULL,NULL,'94894 58801',NULL,'2025-03-05 00:00:00.000000',1,18,NULL,NULL,0,0,'No idea',NULL,NULL,'Inscape India',NULL,NULL,NULL,NULL),(569,NULL,NULL,NULL,'97877 30344',NULL,'2025-03-05 00:00:00.000000',1,18,NULL,NULL,0,0,'busy',NULL,NULL,'Idea interiors',NULL,NULL,NULL,NULL),(570,NULL,NULL,NULL,'97916 77748',NULL,'2025-03-05 00:00:00.000000',1,18,NULL,NULL,0,0,'Ring',NULL,NULL,'7Space Interiors',NULL,NULL,NULL,NULL),(571,NULL,NULL,NULL,'90922 81111',NULL,'2025-03-05 00:00:00.000000',1,18,NULL,NULL,0,0,'Share details need call',NULL,NULL,'maxinteriors',NULL,NULL,NULL,NULL),(572,NULL,NULL,NULL,'94296 90414 | 80157 63686',NULL,'2025-03-05 00:00:00.000000',1,18,NULL,NULL,0,0,'Share details need call',NULL,NULL,'WALL FOUR',NULL,NULL,NULL,NULL),(573,NULL,NULL,NULL,'80730 80681',NULL,'2025-03-05 00:00:00.000000',1,18,NULL,NULL,0,0,'Out of Service',NULL,NULL,'Zika Designs',NULL,NULL,NULL,NULL),(574,NULL,NULL,NULL,'93848 02024',NULL,'2025-03-05 00:00:00.000000',1,18,NULL,NULL,0,0,'Share details need call',NULL,NULL,'Bharathi Interiors',NULL,NULL,NULL,NULL),(575,NULL,NULL,NULL,'99940 07620',NULL,'2025-03-05 00:00:00.000000',1,18,NULL,NULL,0,0,'Out of Service',NULL,NULL,'CG Interiors',NULL,NULL,NULL,NULL),(576,NULL,NULL,NULL,'70107 01604',NULL,'2025-03-05 00:00:00.000000',1,18,NULL,NULL,0,0,'Ring',NULL,NULL,'FINELOOK INTERIOR',NULL,NULL,NULL,NULL),(577,NULL,NULL,NULL,'77088 18006',NULL,'2025-03-05 00:00:00.000000',1,18,NULL,NULL,0,0,'Share details need call',NULL,NULL,'Bellezza Interiors',NULL,NULL,NULL,NULL),(578,NULL,NULL,NULL,'98433 57120',NULL,'2025-03-05 00:00:00.000000',1,18,NULL,NULL,0,0,'Ring',NULL,NULL,'Sulochana Interiors',NULL,NULL,NULL,NULL),(579,NULL,NULL,NULL,'95854 07777',NULL,'2025-03-05 00:00:00.000000',1,18,NULL,NULL,0,0,'Ring',NULL,NULL,'Purple wood Interiors',NULL,NULL,NULL,NULL),(580,NULL,NULL,NULL,'96555 51886',NULL,'2025-03-05 00:00:00.000000',1,18,NULL,NULL,0,0,'No need',NULL,NULL,'ROYAL INTERIOR',NULL,NULL,NULL,NULL),(581,NULL,NULL,NULL,'99654 90003',NULL,'2025-03-05 00:00:00.000000',1,18,NULL,NULL,0,0,'Share details Inform to his manager & call',NULL,NULL,'Smart Home',NULL,NULL,NULL,NULL),(582,NULL,NULL,NULL,'97904 41839',NULL,'2025-03-05 00:00:00.000000',1,18,NULL,NULL,0,0,'Share details need call',NULL,NULL,'Dream Interiors',NULL,NULL,NULL,NULL),(583,NULL,NULL,NULL,'99430 66411',NULL,'2025-03-05 00:00:00.000000',1,18,NULL,NULL,0,0,'Share details need call',NULL,NULL,'Terazzo India',NULL,NULL,NULL,NULL),(584,NULL,NULL,NULL,'93612 91269',NULL,'2025-03-05 00:00:00.000000',1,18,NULL,NULL,0,0,'Having team',NULL,NULL,'Ply & Lam Interiors',NULL,NULL,NULL,NULL),(586,'Sivakumar',NULL,NULL,'97866 31065',NULL,'2025-03-05 00:00:00.000000',1,11,NULL,NULL,0,0,'not ans',NULL,NULL,'Aquasel Engineering',NULL,NULL,NULL,NULL),(587,'Harish',NULL,NULL,'8148120469',NULL,'2025-03-05 00:00:00.000000',1,11,NULL,337,1,0,'05.03.25 MD out of town once get update from him , he will revert us',14,NULL,'New day Inner wears','',NULL,NULL,NULL),(588,'Hitesh Thakkar',NULL,NULL,'94437 13156',NULL,'2025-03-05 00:00:00.000000',1,11,NULL,NULL,0,0,'not ans, WA asked',NULL,NULL,'Imperial Textile',NULL,NULL,NULL,NULL),(589,NULL,NULL,NULL,'82200 92507',NULL,'2025-03-05 00:00:00.000000',1,11,NULL,NULL,0,0,'switched off',NULL,NULL,'Urban Design Collaborative',NULL,NULL,NULL,NULL),(590,NULL,NULL,NULL,'99525 44586',NULL,'2025-03-05 00:00:00.000000',1,11,NULL,NULL,0,0,'no need have vendors',NULL,NULL,'Grandeur Designs',NULL,NULL,NULL,NULL),(591,NULL,NULL,NULL,'9894639455',NULL,'2025-03-05 00:00:00.000000',1,11,NULL,NULL,0,0,'no need',NULL,NULL,'Squaretree Architects',NULL,NULL,NULL,NULL),(592,NULL,NULL,NULL,'98433 82233',NULL,'2025-03-05 00:00:00.000000',1,11,NULL,NULL,0,0,'not ans',NULL,NULL,'Luxen Architects Private Limited',NULL,NULL,NULL,NULL),(593,NULL,NULL,NULL,'8300989069',NULL,'2025-03-05 00:00:00.000000',1,11,NULL,NULL,0,0,'no need chennai vendor have',NULL,NULL,'Unaavihs Architects and Interior Designers',NULL,NULL,NULL,NULL),(594,NULL,NULL,NULL,'9486604091',NULL,'2025-03-05 00:00:00.000000',1,11,NULL,NULL,0,0,'not ans',NULL,NULL,'Design Consortium',NULL,NULL,NULL,NULL),(595,NULL,NULL,NULL,'9345841693',NULL,'2025-03-05 00:00:00.000000',1,11,NULL,NULL,0,0,'no need',NULL,NULL,'Trigun Studio',NULL,NULL,NULL,NULL),(596,NULL,NULL,NULL,'8015763686',NULL,'2025-03-05 00:00:00.000000',1,11,NULL,NULL,0,0,'not ans',NULL,NULL,'WALL FOUR Interior Architect',NULL,NULL,NULL,NULL),(597,NULL,NULL,NULL,'9488542342',NULL,'2025-03-05 00:00:00.000000',1,11,NULL,NULL,0,0,'not ans',NULL,NULL,'Tesseract Architectural firm',NULL,NULL,NULL,NULL),(598,NULL,NULL,NULL,'9578172053',NULL,'2025-03-05 00:00:00.000000',1,11,NULL,NULL,0,0,'not ans',NULL,NULL,'ABL Architecture',NULL,NULL,NULL,NULL),(599,NULL,NULL,NULL,'98435 97777',NULL,'2025-03-05 00:00:00.000000',1,11,NULL,NULL,0,0,'no need asked WA',NULL,NULL,'Flare Architects',NULL,NULL,NULL,NULL),(600,NULL,NULL,NULL,'9842296939',NULL,'2025-03-05 00:00:00.000000',1,11,NULL,NULL,0,0,'no need',NULL,NULL,'KENNWOOD INTERIOR',NULL,NULL,NULL,NULL),(601,'Sundeep',NULL,NULL,'9514447933',NULL,'2025-03-05 00:00:00.000000',1,11,NULL,NULL,0,0,'not exist',NULL,NULL,'studio EMERGE',NULL,NULL,NULL,NULL),(602,NULL,NULL,NULL,'9944445643',NULL,'2025-03-05 00:00:00.000000',1,11,NULL,NULL,0,0,'if need will call back',NULL,NULL,'DNA Studio',NULL,NULL,NULL,NULL),(603,NULL,NULL,NULL,'9894624664',NULL,'2025-03-05 00:00:00.000000',1,11,NULL,NULL,0,0,'line busy',NULL,NULL,'Forms & Spaces',NULL,NULL,NULL,NULL),(604,NULL,NULL,NULL,'93424 52463',NULL,'2025-03-05 00:00:00.000000',1,11,NULL,NULL,0,0,'no need',NULL,NULL,'Kreya Architects',NULL,NULL,NULL,NULL),(605,NULL,NULL,NULL,'7708084678',NULL,'2025-03-05 00:00:00.000000',1,11,NULL,NULL,0,0,'no need have team',NULL,NULL,'Mohan and Monz Architects',NULL,NULL,NULL,NULL),(606,NULL,NULL,NULL,'9361977169',NULL,'2025-03-05 00:00:00.000000',1,11,NULL,NULL,0,0,'switche off',NULL,NULL,'Buildlink Architects',NULL,NULL,NULL,NULL),(607,NULL,NULL,NULL,'99433 44464',NULL,'2025-03-05 00:00:00.000000',1,11,NULL,NULL,0,0,'not ans',NULL,NULL,'D&D Architects',NULL,NULL,NULL,NULL),(608,NULL,NULL,NULL,'95858 38358',NULL,'2025-03-05 00:00:00.000000',1,11,NULL,NULL,0,0,'no need',NULL,NULL,'Krish Archi',NULL,NULL,NULL,NULL),(609,NULL,NULL,NULL,'95858 42721',NULL,'2025-03-05 00:00:00.000000',1,11,NULL,NULL,0,0,'no need',NULL,NULL,'COGITO',NULL,NULL,NULL,NULL),(610,NULL,NULL,NULL,'4224357947',NULL,'2025-03-05 00:00:00.000000',1,11,NULL,NULL,0,0,'not ans',NULL,NULL,'SHANAVAZ & ASSOCIATES',NULL,NULL,NULL,NULL),(611,NULL,NULL,NULL,'9567945451',NULL,'2025-03-05 00:00:00.000000',1,11,NULL,NULL,0,0,'no need',NULL,NULL,'Shivadhara Architects',NULL,NULL,NULL,NULL),(612,'sishyakulam',NULL,NULL,'6382392710.0',NULL,'2025-03-06 00:00:00.000000',1,12,NULL,NULL,0,0,'Not valid',NULL,NULL,'sishyakulam',NULL,NULL,NULL,NULL),(613,'Sanjay Girish Kamdar',NULL,NULL,'9819266548.0',NULL,'2025-03-06 00:00:00.000000',1,12,NULL,NULL,0,0,'NA',NULL,NULL,'Amber Exports (India)',NULL,NULL,NULL,NULL),(614,'Soumitra Kumar Ganguly',NULL,NULL,'9820280937.0',NULL,'2025-03-06 00:00:00.000000',1,12,NULL,NULL,0,0,'not for  now but will visit cbe we ccan meet and discuss what can be done share me your profile - follow',NULL,NULL,'Suripi Textiles Private Limited',NULL,NULL,NULL,NULL),(615,'Sandeep Rohilla',NULL,NULL,'9414018362.0',NULL,'2025-03-06 00:00:00.000000',1,12,NULL,NULL,0,0,'NA',NULL,NULL,'Sutlej Textiles & Industries Limited',NULL,NULL,NULL,NULL),(616,'Nilkesh Jain',NULL,NULL,'9967290960.0',NULL,'2025-03-06 00:00:00.000000',1,12,NULL,NULL,0,0,'not required now in case in future will contact',NULL,NULL,'Swaraj Clothing Llp',NULL,NULL,NULL,NULL),(617,'Paridhi Vrijesh Agarwal',NULL,NULL,'9930308172.0',NULL,'2025-03-06 00:00:00.000000',1,12,NULL,NULL,0,0,'NA',NULL,NULL,'Vrijesh Corporation',NULL,NULL,NULL,NULL),(618,'Manish Lalkumar Rupani',NULL,NULL,'9820056743.0',NULL,'2025-03-06 00:00:00.000000',1,12,NULL,NULL,0,0,'Na',NULL,NULL,'Talco Textiles Llp',NULL,NULL,NULL,NULL),(619,'Pratik Satish Dedhia',NULL,NULL,'9820929440.0',NULL,'2025-03-06 00:00:00.000000',1,12,NULL,NULL,0,0,'send me a mail na',NULL,NULL,'Krushna Cotex Private Limited',NULL,NULL,NULL,NULL),(620,'Sunil Krishnan',NULL,NULL,'9819966534.0',NULL,'2025-03-06 00:00:00.000000',1,12,NULL,NULL,0,0,'NA',NULL,NULL,'Technocraft Industries (I) Ltd',NULL,NULL,NULL,NULL),(621,'Ravvi Mansinghka',NULL,NULL,'9167669666.0',NULL,'2025-03-06 00:00:00.000000',1,12,NULL,NULL,0,0,'not required',NULL,NULL,'Texbasket Private Limited',NULL,NULL,NULL,NULL),(622,'Siddharth Manish Mehta',NULL,NULL,'9768764174.0',NULL,'2025-03-06 00:00:00.000000',1,12,NULL,NULL,0,0,'text me am in a meeting',NULL,NULL,'Texventures Private Limited',NULL,NULL,NULL,NULL),(623,'Sunil Ganpule',NULL,NULL,'93224 00916',NULL,'2025-03-06 00:00:00.000000',1,12,NULL,NULL,0,0,'not required',NULL,NULL,'The Ruby Mills Limited',NULL,NULL,NULL,NULL),(624,'Tushar Vyas',NULL,NULL,'9820289965.0',NULL,'2025-03-06 00:00:00.000000',1,12,NULL,NULL,0,0,'he said he will call back - cb',NULL,NULL,'Tusha Textiles Mumbai Pvt Ltd',NULL,NULL,NULL,NULL),(625,'Ajay Ramniklal Desai',NULL,NULL,'9819816300.0',NULL,'2025-03-06 00:00:00.000000',1,12,NULL,NULL,0,0,'his father gave phone to his son , he asked to share prfile his number he will check and revert .',NULL,NULL,'Kamini Krafts',NULL,NULL,NULL,NULL),(626,'Sachin Sahebrao Patil',NULL,NULL,'9930505152.0',NULL,'2025-03-06 00:00:00.000000',1,12,NULL,NULL,0,0,'NA',NULL,NULL,'United Fashion Apparels Pvt Ltd',NULL,NULL,NULL,NULL),(627,'Nikunj Ashokkumar Solanki',NULL,NULL,'9930103085.0',NULL,'2025-03-06 00:00:00.000000',1,12,NULL,NULL,0,0,'NA',NULL,NULL,'Unitex Synthetics India Private Limited',NULL,NULL,NULL,NULL),(628,'Sunil Indru Vaswani',NULL,NULL,'9869176116.0',NULL,'2025-03-06 00:00:00.000000',1,12,NULL,NULL,0,0,'NA',NULL,NULL,'Vertex Exports',NULL,NULL,NULL,NULL),(629,'Aditya Premal Udani',NULL,NULL,'9821073237.0',NULL,'2025-03-06 00:00:00.000000',1,12,NULL,NULL,0,0,'NA',NULL,NULL,'Kaytee Corporation Pvt Ltd',NULL,NULL,NULL,NULL),(630,'Abhishek Umashanker Lath',NULL,NULL,'9892044442.0',NULL,'2025-03-06 00:00:00.000000',1,12,NULL,NULL,0,0,'nA',NULL,NULL,'Le Merite Exports Limited',NULL,NULL,NULL,NULL),(631,'Ramesh Jain G Jain',NULL,NULL,'9820822222.0',NULL,'2025-03-06 00:00:00.000000',1,12,NULL,NULL,0,0,'NA',NULL,NULL,'Vishal Print-N-Plast Pvt Ltd.',NULL,NULL,NULL,NULL),(632,'Mandip Singh Bajaj',NULL,NULL,'9769246266.0',NULL,'2025-03-06 00:00:00.000000',1,12,NULL,NULL,0,0,'share me your profile will have a look',NULL,NULL,'G.S Exports Pvt Ltd',NULL,NULL,NULL,NULL),(633,'Sudhir Shivaji Bhabad',NULL,NULL,'9702665577.0',NULL,'2025-03-06 00:00:00.000000',1,12,NULL,NULL,0,0,'not required now',NULL,NULL,'Weavetex International',NULL,NULL,NULL,NULL),(634,'Nitesh Kothari',NULL,NULL,'9323728040.0',NULL,'2025-03-06 00:00:00.000000',1,12,NULL,NULL,0,0,'call you later',NULL,NULL,'Nitesh Fashion Pvt Ltd',NULL,NULL,NULL,NULL),(635,'Vivek Saini',NULL,NULL,'9833209966.0',NULL,'2025-03-06 00:00:00.000000',1,12,NULL,NULL,0,0,'NA',NULL,NULL,'Wellknown Polyesters Limited',NULL,NULL,NULL,NULL),(636,'Ritika Rajesh Jhunjhunwala',NULL,NULL,'9820442210.0',NULL,'2025-03-06 00:00:00.000000',1,12,NULL,NULL,0,0,'not required',NULL,NULL,'Fredna Enterprises',NULL,NULL,NULL,NULL),(637,'Arvind B Semllani',NULL,NULL,'9833977743.0',NULL,'2025-03-06 00:00:00.000000',1,12,NULL,NULL,0,0,'cb llater',NULL,NULL,'Textile Insights',NULL,NULL,NULL,NULL),(638,'Sailesh Bansilal Kukreja',NULL,NULL,'9820054450.0',NULL,'2025-03-06 00:00:00.000000',1,12,NULL,NULL,0,0,'not required',NULL,NULL,'Bhagwan Enterprise Textiles Pvt Ltd',NULL,NULL,NULL,NULL),(639,'Ruchika Mehra',NULL,NULL,'9820133909.0',NULL,'2025-03-06 00:00:00.000000',1,12,NULL,NULL,0,0,'not required',NULL,NULL,'Rmbay',NULL,NULL,NULL,NULL),(640,'Aditya Atul Agarwal',NULL,NULL,'9930308173.0',NULL,'2025-03-06 00:00:00.000000',1,12,NULL,NULL,0,0,'Na',NULL,NULL,'Vrijesh Natural Fibre & Fabrics India Pvt Ltd',NULL,NULL,NULL,NULL),(641,'Sanjay',NULL,NULL,'9920267535.0',NULL,'2025-03-06 00:00:00.000000',1,12,NULL,NULL,0,0,'not required',NULL,NULL,'Fineotex Chemical Limited',NULL,NULL,NULL,NULL),(642,'Priyank',NULL,NULL,'9930364727.0',NULL,'2025-03-06 00:00:00.000000',1,12,NULL,NULL,0,0,'will call if need',NULL,NULL,'Research Dye Chem Pvt Ltd',NULL,NULL,NULL,NULL),(643,'Anil',NULL,NULL,'9870298614.0',NULL,'2025-03-06 00:00:00.000000',1,12,NULL,NULL,0,0,'not required',NULL,NULL,'Mirachem Industries',NULL,NULL,NULL,NULL),(644,'Shavak',NULL,NULL,'98210 89123',NULL,'2025-03-06 00:00:00.000000',1,12,NULL,NULL,0,0,'not required',NULL,NULL,'Eskay Dyestuffs & Organic Chemicals Pvt. Ltd',NULL,NULL,NULL,NULL),(645,'Amit Bhalla',NULL,NULL,'9779714400.0',NULL,'2025-03-06 00:00:00.000000',1,12,NULL,NULL,0,0,'not required',NULL,NULL,'Indokem Ltd',NULL,NULL,NULL,NULL),(646,'Mr. Jinen C. Doshi',NULL,NULL,'8981275316.0',NULL,'2025-03-06 00:00:00.000000',1,12,NULL,NULL,0,0,'if need will call',NULL,NULL,'Rishabh Irons',NULL,NULL,NULL,NULL),(647,'Aditi Deshpande',NULL,NULL,'9850821330.0',NULL,'2025-03-06 00:00:00.000000',1,12,NULL,NULL,0,0,'not required',NULL,NULL,'Imran Ansari',NULL,NULL,NULL,NULL),(648,'Jetha Fatehchand Jethwani',NULL,NULL,'9820333070.0',NULL,'2025-03-06 00:00:00.000000',1,12,NULL,NULL,0,0,'not required',NULL,NULL,'Indus Valley',NULL,NULL,NULL,NULL),(649,NULL,NULL,NULL,'9786700711',NULL,'2025-03-06 00:00:00.000000',1,18,NULL,NULL,0,0,'Busy',NULL,NULL,'Grobux',NULL,NULL,NULL,NULL),(650,NULL,NULL,NULL,'99795 26666',NULL,'2025-03-06 00:00:00.000000',1,18,NULL,NULL,0,0,'Not avilable',NULL,NULL,'Splenora India Fabric',NULL,NULL,NULL,NULL),(651,NULL,NULL,NULL,'96004 77742',NULL,'2025-03-06 00:00:00.000000',1,18,NULL,NULL,0,0,'Not reachable',NULL,NULL,'Sky Planet Holidays',NULL,NULL,NULL,NULL),(652,'Pawan Bommali',NULL,NULL,'9741949999',NULL,'2025-03-06 00:00:00.000000',1,18,NULL,NULL,0,0,'No requirements',NULL,NULL,'Sidelitus',NULL,NULL,NULL,NULL),(653,'Karthick Prabhu',NULL,NULL,'9842093414',NULL,'2025-03-06 00:00:00.000000',1,18,NULL,NULL,0,0,'Share details need call',NULL,NULL,'Xtreme Mech Xperts',NULL,NULL,NULL,NULL),(654,NULL,NULL,NULL,'099433 80909',NULL,'2025-03-06 00:00:00.000000',1,18,NULL,NULL,0,0,'Share details senior person was in leave',NULL,NULL,'ARRUTHRA FOOD MACHINES FACTORY',NULL,NULL,NULL,NULL),(655,NULL,NULL,NULL,'98422 66332',NULL,'2025-03-06 00:00:00.000000',1,18,NULL,NULL,0,0,'Busy',NULL,NULL,'Vasantha Advanced Systems',NULL,NULL,NULL,NULL),(656,NULL,NULL,NULL,'08045133759,',NULL,'2025-03-06 00:00:00.000000',1,18,NULL,NULL,0,0,'Ring',NULL,NULL,'HI TECH EQUIPMENTS-',NULL,NULL,NULL,NULL),(657,NULL,NULL,NULL,'9842090516',NULL,'2025-03-06 00:00:00.000000',1,18,NULL,NULL,0,0,'Share details need call',NULL,NULL,'Gold Cooling Towers - Cooling Tower Manufacturers in Coimbatore / FRP Cooling Tower Suppliers in Coimbatore India',NULL,NULL,NULL,NULL),(658,'Shymala',NULL,NULL,'9944939660',NULL,'2025-03-06 00:00:00.000000',1,18,NULL,NULL,0,0,'Busy',NULL,NULL,'Indar Electricals.',NULL,NULL,NULL,NULL),(659,NULL,NULL,NULL,'70103 29078',NULL,'2025-03-06 00:00:00.000000',1,18,NULL,NULL,0,0,'No response',NULL,NULL,'Mayur LED Lights',NULL,NULL,NULL,NULL),(660,NULL,NULL,NULL,'9366668809',NULL,'2025-03-06 00:00:00.000000',1,18,NULL,NULL,0,0,'Said call',NULL,NULL,'Stark Industries',NULL,NULL,NULL,NULL),(661,NULL,NULL,NULL,'9488444777',NULL,'2025-03-06 00:00:00.000000',1,18,NULL,NULL,0,0,'Having team',NULL,NULL,'Heat Transfer Equipments Pvt Ltd.',NULL,NULL,NULL,NULL),(662,NULL,NULL,NULL,'8045479330',NULL,'2025-03-06 00:00:00.000000',1,18,NULL,NULL,0,0,'Ring',NULL,NULL,'Kovai Lakshmi Grinders',NULL,NULL,NULL,NULL),(663,NULL,NULL,NULL,'9141509837',NULL,'2025-03-06 00:00:00.000000',1,18,NULL,NULL,0,0,'Ring',NULL,NULL,'Technomax Solar Pvt Ltd',NULL,NULL,NULL,NULL),(664,NULL,NULL,NULL,'99430 58544',NULL,'2025-03-06 00:00:00.000000',1,18,NULL,NULL,0,0,'In Driving',NULL,NULL,'Sri Sastha Industries',NULL,NULL,NULL,NULL),(665,NULL,NULL,NULL,'9659844465',NULL,'2025-03-06 00:00:00.000000',1,18,NULL,NULL,0,0,'Busy',NULL,NULL,'Sre Ayyan Industries - UNIT 1| Hotel Kitchen Equipments | Steam Cooking Equipments | Grill Shawarama Tandoori Machine',NULL,NULL,NULL,NULL),(666,NULL,NULL,NULL,'9843355120',NULL,'2025-03-06 00:00:00.000000',1,18,NULL,NULL,0,0,'Busy',NULL,NULL,'Venkat Sulochana Furniture',NULL,NULL,NULL,NULL),(667,NULL,NULL,NULL,'98942 13030',NULL,'2025-03-06 00:00:00.000000',1,18,NULL,NULL,0,0,'Share details need call',NULL,NULL,'B SQUARE INTERIOR STUDIO',NULL,NULL,NULL,NULL),(668,NULL,NULL,NULL,'99949 22246',NULL,'2025-03-06 00:00:00.000000',1,18,NULL,NULL,0,0,'No need',NULL,NULL,'PaGo Marketing',NULL,NULL,NULL,NULL),(669,'Richard',NULL,NULL,'7558120326',NULL,'2025-03-06 00:00:00.000000',1,18,NULL,NULL,0,0,'Share details need call',NULL,NULL,'RG Self Driving',NULL,NULL,NULL,NULL),(670,'Priyanka',NULL,NULL,'9626660095',NULL,'2025-03-06 00:00:00.000000',1,18,NULL,NULL,0,0,'Ring',NULL,NULL,'J&JP Clothing',NULL,NULL,NULL,NULL),(671,'Pavitra',NULL,NULL,'96000 65066',NULL,'2025-03-06 00:00:00.000000',1,18,NULL,NULL,0,0,'Share details concern person will call',NULL,NULL,'Spectra',NULL,NULL,NULL,NULL),(672,NULL,NULL,NULL,'9842252889',NULL,'2025-03-06 00:00:00.000000',1,18,NULL,NULL,0,0,'Share details need call',NULL,NULL,'Sri Sakthi Kitchen Equipment',NULL,NULL,NULL,NULL),(673,NULL,NULL,NULL,'8248693363',NULL,'2025-03-06 00:00:00.000000',1,18,NULL,NULL,0,0,'Ring',NULL,NULL,'SS INTERIORS & CARPENTER WORKS',NULL,NULL,NULL,NULL),(674,NULL,NULL,NULL,'9944668800',NULL,'2025-03-06 00:00:00.000000',1,18,NULL,NULL,0,0,'Busy',NULL,NULL,'Panel Craft India Pvt. Ltd',NULL,NULL,NULL,NULL),(675,NULL,NULL,NULL,'9994688968',NULL,'2025-03-06 00:00:00.000000',1,18,NULL,NULL,0,0,'Ring',NULL,NULL,'Sahana Furniture',NULL,NULL,NULL,NULL),(676,NULL,NULL,NULL,'9944389969',NULL,'2025-03-06 00:00:00.000000',1,18,NULL,NULL,0,0,'Tieup with other company',NULL,NULL,'Xera stainless steel modular kitchen',NULL,NULL,NULL,NULL),(677,NULL,NULL,NULL,'9677630007',NULL,'2025-03-06 00:00:00.000000',1,18,NULL,NULL,0,0,'No requirements',NULL,NULL,'Aadith Interiors',NULL,NULL,NULL,NULL),(678,NULL,NULL,NULL,'9626660675',NULL,'2025-03-06 00:00:00.000000',1,18,NULL,NULL,0,0,'No requirements',NULL,NULL,'WOODSPA DECORS',NULL,NULL,NULL,NULL),(679,NULL,NULL,NULL,'80984 99499',NULL,'2025-03-06 00:00:00.000000',1,18,NULL,NULL,0,0,'Ring',NULL,NULL,'KIBA SQUARE',NULL,NULL,NULL,NULL),(680,NULL,NULL,NULL,'93642 55562',NULL,'2025-03-06 00:00:00.000000',1,18,NULL,NULL,0,0,'Call tmrw',NULL,NULL,'M.M.KITCHEN ENGINEERING PRIVATE LIMITED',NULL,NULL,NULL,NULL),(681,NULL,NULL,NULL,'9843744441',NULL,'2025-03-06 00:00:00.000000',1,18,NULL,NULL,0,0,'No response',NULL,NULL,'Furn N Shine',NULL,NULL,NULL,NULL),(682,NULL,NULL,NULL,'81246 68800',NULL,'2025-03-06 00:00:00.000000',1,18,NULL,NULL,0,0,'No need',NULL,NULL,'Shayon',NULL,NULL,NULL,NULL),(683,NULL,NULL,NULL,'80124 53641',NULL,'2025-03-06 00:00:00.000000',1,18,NULL,NULL,0,0,'Ring',NULL,NULL,'Inlay Interio',NULL,NULL,NULL,NULL),(684,NULL,NULL,NULL,'97890 69543',NULL,'2025-03-06 00:00:00.000000',1,18,NULL,NULL,0,0,'Busy',NULL,NULL,'Casa Designs',NULL,NULL,NULL,NULL),(685,NULL,NULL,NULL,'80720 36340',NULL,'2025-03-06 00:00:00.000000',1,18,NULL,NULL,0,0,'Busy',NULL,NULL,'Cloud 7 Interior',NULL,NULL,NULL,NULL),(686,NULL,NULL,NULL,'95666 66369',NULL,'2025-03-06 00:00:00.000000',1,18,NULL,NULL,0,0,'Ring',NULL,NULL,'Jack Home Furniture',NULL,NULL,NULL,NULL),(687,'Sandesh Wadghule',NULL,NULL,'9922111250',NULL,'2025-03-08 00:00:00.000000',1,16,2,311,1,0,'07.02.25 he postponed the plan, will call back next month',13,NULL,NULL,NULL,NULL,NULL,NULL),(688,'Gulab',NULL,NULL,'9840101130',NULL,'2025-03-08 00:00:00.000000',1,16,2,312,1,0,'13.02.25 he want only meta posters , we dont do only posters',13,NULL,NULL,NULL,NULL,NULL,NULL),(689,'Niraj Bharekar',NULL,NULL,'9763352693',NULL,'2025-03-08 00:00:00.000000',1,16,2,313,1,0,'05.02.25 he onboarded a team recently, no need',13,NULL,NULL,NULL,NULL,NULL,NULL),(690,'Devinder',NULL,NULL,'8054195123',NULL,'2025-03-08 00:00:00.000000',1,16,2,314,1,0,'17.02.25 he\'s busy, cut the call , asked him update on WA',13,NULL,NULL,NULL,NULL,NULL,NULL),(691,'Subrata Debnath',NULL,NULL,'9933759580',NULL,'2025-03-08 00:00:00.000000',1,16,2,315,1,0,'21.02.25 not ans 3 times',13,NULL,NULL,NULL,NULL,NULL,NULL),(692,'Bharat Thakkar',NULL,NULL,'9099573111',NULL,'2025-03-08 00:00:00.000000',1,16,2,316,1,0,'21.02.25 he speaks only hindi also said no digital marketing',13,NULL,NULL,NULL,NULL,NULL,NULL),(693,'Sarvana Kumar',NULL,NULL,'9442310000',NULL,'2025-03-08 00:00:00.000000',1,16,2,317,1,0,'22.02.25 he doesn\'t give 100% advance to any vendors. he didn\'t trust us to pay 100% advance',13,NULL,NULL,NULL,NULL,NULL,NULL),(694,'Dr.Bhavin Vachhani',NULL,NULL,'9879467080',NULL,'2025-03-08 00:00:00.000000',1,16,2,318,1,0,'07.02.25 he cut the call while asked about enquiry /  not ans',13,NULL,NULL,NULL,NULL,NULL,NULL),(695,'Naveen',NULL,NULL,'9989042089',NULL,'2025-03-08 00:00:00.000000',1,16,2,319,1,0,'24.02.25 he asked to cut 15k handling charges, he got quote\'s from freelancers',13,NULL,NULL,NULL,NULL,NULL,NULL),(696,'Rehan',NULL,NULL,'8334824477',NULL,'2025-03-08 00:00:00.000000',1,16,2,320,1,0,'06.02.25 he want kolkata based vendor',13,NULL,NULL,NULL,NULL,NULL,NULL),(697,'Kamlesh Vishwakarma',NULL,NULL,'8795154665',NULL,'2025-03-08 00:00:00.000000',1,16,2,321,1,0,'17.02.25 he cut call once I asked the requirements',13,NULL,NULL,NULL,NULL,NULL,NULL),(698,'NAGARAJAN',NULL,NULL,'9940748880',NULL,'2025-03-08 00:00:00.000000',1,16,2,322,1,0,'10.02.25 he wants more creativity works and a portfolio in construction fields.',13,NULL,NULL,NULL,NULL,NULL,NULL),(699,'Shanmugakumar Kumar',NULL,NULL,'8144406353',NULL,'2025-03-08 00:00:00.000000',1,16,2,323,1,0,'11.02.25  reverts with he will call back, but doesnt call',13,NULL,NULL,NULL,NULL,NULL,NULL),(700,'Deepak Bommisetty',NULL,NULL,'9848175765',NULL,'2025-03-08 00:00:00.000000',1,16,2,324,1,0,'13.02.25 if needed he will call back, Retail business Nellore, bangalore',13,NULL,NULL,NULL,NULL,NULL,NULL),(701,'Anand Agarwal',NULL,NULL,'9840450046',NULL,'2025-03-08 00:00:00.000000',1,16,2,325,1,0,'10.02.25 he need chennai based , he thought we are chennai vendor',13,NULL,NULL,NULL,NULL,NULL,NULL),(702,'B R Sathishkumar',NULL,NULL,'9600531518',NULL,'2025-03-08 00:00:00.000000',1,16,2,326,1,0,'17.02.25 not ans last 3 times',13,NULL,NULL,NULL,NULL,NULL,NULL),(703,'Daniel Sundar Raj',NULL,NULL,'9840300770',NULL,'2025-03-08 00:00:00.000000',1,16,2,327,1,0,'11.02.25 he want only 2 banner posts for SMM',13,NULL,NULL,NULL,NULL,NULL,NULL),(704,'Andrew abraham',NULL,NULL,'9677095077',NULL,'2025-03-08 00:00:00.000000',1,16,2,328,1,0,'24.02.25 asked him on whats app',13,NULL,NULL,NULL,NULL,NULL,NULL),(705,'Imran Ibn Diauddin',NULL,NULL,'9566195164',NULL,'2025-03-08 00:00:00.000000',1,16,2,329,1,0,'11.02.25 he is running a agency , just wants to see our portfolio https://cascadeinfluencers.com/',13,NULL,NULL,NULL,NULL,NULL,NULL),(706,'J Mukesh Mukesh',NULL,NULL,'9884497023',NULL,'2025-03-08 00:00:00.000000',1,16,2,330,1,0,'13.02.25 he doesn\'t want Coimbatore based vendor, also our budget is higher',13,NULL,NULL,NULL,NULL,NULL,NULL),(707,'RAMASAMY ATHIYAN',NULL,NULL,'9789585713',NULL,'2025-03-08 00:00:00.000000',1,16,2,331,1,0,'12.02.25 he asking Intel vidyalaya school meta promotions but his profile seems competitor Imaginextra Digital Solutions',13,NULL,NULL,NULL,NULL,NULL,NULL),(708,'Vikram Singh',NULL,NULL,'9829061478',NULL,'2025-03-08 00:00:00.000000',1,16,2,332,1,0,'17.02.25 he looking for local vendor',13,NULL,NULL,NULL,NULL,NULL,NULL),(709,'Nam Channel Chandrasekar',NULL,NULL,'9843341999',NULL,'2025-03-08 00:00:00.000000',1,16,2,333,1,0,'13.02.25 he is looking very low-budget',13,NULL,NULL,NULL,NULL,NULL,NULL),(710,'Sarish',NULL,NULL,'8147430799',NULL,'2025-03-08 00:00:00.000000',1,16,2,334,1,0,'24.02.25 his MD not interested to do right now',14,NULL,NULL,NULL,NULL,NULL,NULL),(711,'Shanthakumar',NULL,NULL,'9986346053',NULL,'2025-03-08 00:00:00.000000',1,16,2,335,1,0,'26.02.25 client shared the company details & requirements, Want to share proposal',14,NULL,NULL,NULL,NULL,NULL,NULL),(712,'Karthika',NULL,NULL,'7871466699',NULL,'2025-03-08 00:00:00.000000',1,16,2,336,1,0,'27.02.25 not ans 2 times   Thiru sir gave the details, client not ans the call',14,NULL,NULL,NULL,NULL,NULL,NULL),(713,'Priya',NULL,NULL,'9842160334',NULL,'2025-03-08 00:00:00.000000',1,16,2,338,1,0,'',15,NULL,NULL,NULL,NULL,NULL,NULL),(714,'Menaka',NULL,NULL,'9150005120',NULL,'2025-03-08 00:00:00.000000',1,16,2,339,1,0,'',15,NULL,NULL,NULL,NULL,NULL,NULL),(715,'ABDUL SIDDIK.J',NULL,NULL,'9943500607',NULL,'2025-03-08 00:00:00.000000',1,18,NULL,NULL,0,0,'No requirements',NULL,NULL,'ANSAAR SHED\'S & DECORS',NULL,NULL,NULL,NULL),(716,'KALPANA.S.K',NULL,NULL,'9655245320',NULL,'2025-03-08 00:00:00.000000',1,18,NULL,NULL,0,0,'Ring',NULL,NULL,'N COMPUTING',NULL,NULL,NULL,NULL),(717,'KIRAN KUMAR',NULL,NULL,'9942022234',NULL,'2025-03-08 00:00:00.000000',1,18,NULL,NULL,0,0,'Share details need call',NULL,NULL,'DHAKSHA SRI JEWEL',NULL,NULL,NULL,NULL),(718,'ARUL BALAJI',NULL,NULL,'9894845547',NULL,'2025-03-08 00:00:00.000000',1,18,NULL,NULL,0,0,'Num not exist',NULL,NULL,'PIX PARKER',NULL,NULL,NULL,NULL),(719,'PERIASAMY P.',NULL,NULL,'9486861157',NULL,'2025-03-08 00:00:00.000000',1,18,NULL,NULL,0,0,'Busy',NULL,NULL,'SIBA HYPERMARKET',NULL,NULL,NULL,NULL),(720,'PRADEEP NAVIN RAJ A.',NULL,NULL,'9566618218',NULL,'2025-03-08 00:00:00.000000',1,18,NULL,NULL,0,0,'Out of service',NULL,NULL,'VICTORY AGENCIES',NULL,NULL,NULL,NULL),(721,'BALASINGAM',NULL,NULL,'9791301264',NULL,'2025-03-08 00:00:00.000000',1,18,NULL,NULL,0,0,'Call Monday March 10th details shared',NULL,NULL,'RAINBOW CREATIONS',NULL,NULL,NULL,NULL),(722,'RANJITH.T',NULL,NULL,'7200830005',NULL,'2025-03-08 00:00:00.000000',1,18,NULL,NULL,0,0,'Switch off',NULL,NULL,'SRI VIGNESH TILES',NULL,NULL,NULL,NULL),(723,'SANTHOSH KUMAR .S',NULL,NULL,'8870755446',NULL,'2025-03-08 00:00:00.000000',1,18,NULL,NULL,0,0,'Busy',NULL,NULL,'VELMURUGAN TRADERS',NULL,NULL,NULL,NULL),(724,'SANTHOSH SUBRAMANIAM.N',NULL,NULL,'9944587048',NULL,'2025-03-08 00:00:00.000000',1,18,NULL,NULL,0,0,'Share details need call',NULL,NULL,'SRI BALAJ METAL INDUSTRY',NULL,NULL,NULL,NULL),(725,'VINOTH BABU.S',NULL,NULL,'9047165602',NULL,'2025-03-08 00:00:00.000000',1,18,NULL,NULL,0,0,'Need call',NULL,NULL,'LEADER RUBBER PRODUCTS',NULL,NULL,NULL,NULL),(726,'ARUN BALAN',NULL,NULL,'9944020770',NULL,'2025-03-08 00:00:00.000000',1,18,NULL,NULL,0,0,'Ring',NULL,NULL,'KUMARAN ELECTRONICS',NULL,NULL,NULL,NULL),(727,'SOWDEESWARAN',NULL,NULL,'9566512270',NULL,'2025-03-08 00:00:00.000000',1,18,NULL,NULL,0,0,'Share details need call',NULL,NULL,'SOWDAMGI MODERN RICE MILL',NULL,NULL,NULL,NULL),(728,'CHANDRAVEL',NULL,NULL,'9790768686',NULL,'2025-03-08 00:00:00.000000',1,18,NULL,NULL,0,0,'No requirements',NULL,NULL,'VIRAM MURUGAN SOAP SHOP',NULL,NULL,NULL,NULL),(729,'DINESH M',NULL,NULL,'9894592921',NULL,'2025-03-08 00:00:00.000000',1,18,NULL,NULL,0,0,'No requirements',NULL,NULL,'MK FASHIONS',NULL,NULL,NULL,NULL),(730,'KANAGARAJ ABINESH B.',NULL,NULL,'9600886255',NULL,'2025-03-08 00:00:00.000000',1,18,NULL,NULL,0,0,'No requirements',NULL,NULL,'GANAPATHY STORES',NULL,NULL,NULL,NULL),(731,'RAJESH A.',NULL,NULL,'8883303383',NULL,'2025-03-08 00:00:00.000000',1,18,NULL,NULL,0,0,'Concern Person not avilable',NULL,NULL,'LOTUS TEX',NULL,NULL,NULL,NULL),(732,'SHARATAMBAL',NULL,NULL,'9750279747',NULL,'2025-03-08 00:00:00.000000',1,18,NULL,NULL,0,0,'Share details need call',NULL,NULL,'ONNIDROPS',NULL,NULL,NULL,NULL),(733,'PAVITHRA DEVI B.',NULL,NULL,'9047029918',NULL,'2025-03-08 00:00:00.000000',1,18,NULL,NULL,0,0,'Out of service',NULL,NULL,'SILK THREAD JEWELLERY',NULL,NULL,NULL,NULL),(734,'SIVA BALA MURUGAN',NULL,NULL,'9790093532',NULL,'2025-03-08 00:00:00.000000',1,18,NULL,NULL,0,0,'Share details need call',NULL,NULL,'SIR MUTHU KRISHNAN AGENCIES',NULL,NULL,NULL,NULL),(735,'PON SRAVANAN',NULL,NULL,'9940707199',NULL,'2025-03-08 00:00:00.000000',1,18,NULL,NULL,0,0,'Out of service',NULL,NULL,'MATHESWARA TEXTILES',NULL,NULL,NULL,NULL),(736,'PRATHIP S',NULL,NULL,'9965061000',NULL,'2025-03-08 00:00:00.000000',1,18,NULL,NULL,0,0,'Share details need call',NULL,NULL,'SHT BUILDING AND CONSTRUCTIONS',NULL,NULL,NULL,NULL),(737,'SATHIYAN',NULL,NULL,'9688820240',NULL,'2025-03-08 00:00:00.000000',1,18,NULL,NULL,0,0,'Num not exist',NULL,NULL,'SRI PALANI AANDAVAR AND CO',NULL,NULL,NULL,NULL),(738,'PADMAPRIYA SKS',NULL,NULL,'9965565659',NULL,'2025-03-08 00:00:00.000000',1,18,NULL,NULL,0,0,'Share details need call',NULL,NULL,'VALARMATHY HATCHERY',NULL,NULL,NULL,NULL),(739,'SELVA KUMAR',NULL,NULL,'8012125702',NULL,'2025-03-08 00:00:00.000000',1,18,NULL,NULL,0,0,'No requirements',NULL,NULL,'MUHURTHAM EVENT MANAGEMENT',NULL,NULL,NULL,NULL),(740,'MANOJ KUMAR V',NULL,NULL,'8098060980',NULL,'2025-03-08 00:00:00.000000',1,18,NULL,NULL,0,0,'No requirements',NULL,NULL,'SRI ANNALAKSHMI CATERING',NULL,NULL,NULL,NULL),(741,'KARTHIK S',NULL,NULL,'9003433638',NULL,'2025-03-08 00:00:00.000000',1,18,NULL,NULL,0,0,'No requirements',NULL,NULL,'KAVITHA ENGG WORKS',NULL,NULL,NULL,NULL),(742,'Abi','HR',3,'9600903580',NULL,'2025-03-08 00:00:00.000000',1,18,2,346,1,0,'Catalogue details shared waiting for client side update MD was out of station',4,NULL,'Meenus','Linkedin',NULL,NULL,NULL),(743,NULL,NULL,NULL,'8138817108',NULL,'2025-03-08 00:00:00.000000',1,18,NULL,NULL,0,0,'Ring',NULL,NULL,'Electro Mech Industries',NULL,NULL,NULL,NULL),(744,NULL,NULL,NULL,'98422 - 91069',NULL,'2025-03-08 00:00:00.000000',1,18,NULL,NULL,0,0,'Call 1hr later in Airport',NULL,NULL,'Focusun',NULL,NULL,NULL,NULL),(745,NULL,NULL,NULL,'9952813444',NULL,'2025-03-08 00:00:00.000000',1,18,NULL,NULL,0,0,'No requirements',NULL,NULL,'Green Tech',NULL,NULL,NULL,NULL),(746,'Shristi Vermani',NULL,NULL,'99538 69016',NULL,'2025-03-08 00:00:00.000000',1,18,NULL,NULL,0,0,'No requirements',NULL,NULL,'Uttara Fabs',NULL,NULL,NULL,NULL),(747,'Thirumeni',NULL,NULL,'98434 53356',NULL,'2025-03-08 00:00:00.000000',1,18,NULL,NULL,0,0,'Share details need call',NULL,NULL,'Prisma Garments',NULL,NULL,NULL,NULL),(748,'Ravi Ganesh',NULL,NULL,'98432 96971',NULL,'2025-03-08 00:00:00.000000',1,18,NULL,NULL,0,0,'Wrong num',NULL,NULL,'OSR Incorporation',NULL,NULL,NULL,NULL),(749,'Shakthivel',NULL,NULL,'81482 60979',NULL,'2025-03-08 00:00:00.000000',1,18,NULL,NULL,0,0,'Tieup with zoho',NULL,NULL,'SAKTHI INFRA TEX GROUP.',NULL,NULL,NULL,NULL),(750,'Sunny ChoudharySunny Choudhary',NULL,NULL,'98735 33602',NULL,'2025-03-08 00:00:00.000000',1,18,NULL,NULL,0,0,NULL,NULL,NULL,'AQDAS TEX',NULL,NULL,NULL,NULL),(751,'Nithish Sankar',NULL,NULL,'91599 69699',NULL,'2025-03-08 00:00:00.000000',1,18,NULL,NULL,0,0,'Busy',NULL,NULL,'RR Weaving Mills',NULL,NULL,NULL,NULL),(752,'Kowsik',NULL,NULL,'7824077900',NULL,'2025-03-08 00:00:00.000000',1,18,NULL,NULL,0,0,'He will call',NULL,NULL,'Mayura Rotatary',NULL,NULL,NULL,NULL),(753,'Madhan',NULL,NULL,'9944339010',NULL,'2025-03-08 00:00:00.000000',1,18,NULL,NULL,0,0,'Share details need call',NULL,NULL,'Lotus Clothing',NULL,NULL,NULL,NULL),(754,NULL,NULL,NULL,'9095596555',NULL,'2025-03-08 00:00:00.000000',1,18,NULL,NULL,0,0,'Share details need call',NULL,NULL,'Knit India Sourcing',NULL,NULL,NULL,NULL),(755,NULL,NULL,NULL,'9811442356',NULL,'2025-03-08 00:00:00.000000',1,18,NULL,NULL,0,0,'Ring',NULL,NULL,'Raga Textiles',NULL,NULL,NULL,NULL),(756,'Sathish kumar',NULL,NULL,'9597438249',NULL,'2025-03-08 00:00:00.000000',1,18,NULL,NULL,0,0,'busy',NULL,NULL,'Apparel Industry',NULL,NULL,NULL,NULL),(757,'Manisha Kumar Iyer',NULL,NULL,'9834613819.0',NULL,'2025-03-08 00:00:00.000000',1,12,NULL,NULL,0,0,'07/03/2025- Na , she told to share details in watsupp will shre it to the concern team they will get back - follow up',NULL,NULL,'Baani Quilts (Opc) Private Limited',NULL,NULL,NULL,NULL),(758,NULL,NULL,NULL,'94476 999 77',NULL,'2025-03-08 00:00:00.000000',1,12,NULL,NULL,0,0,'not required for now if need',NULL,NULL,'Banasura Herbals',NULL,NULL,NULL,NULL),(759,'Ashish Tiwari',NULL,NULL,'9152031228.0',NULL,'2025-03-08 00:00:00.000000',1,12,NULL,NULL,0,0,'07/03/2025- if need will call , pitched for react website he asked about react and details of company in mail - follow',NULL,NULL,'Texperts India Pvt Ltd',NULL,NULL,NULL,NULL),(760,NULL,NULL,NULL,'7092523333.0',NULL,'2025-03-08 00:00:00.000000',1,12,NULL,NULL,0,0,'03/04/2025- not in town will cb , hhe have plans after 1 month call me then , shared porfolio',NULL,NULL,'TRUMARK ENGINEERING INDUSTRIES',NULL,NULL,'2025-04-07 07:04:41.152400',NULL),(761,NULL,NULL,NULL,'9742670782.0',NULL,'2025-03-08 00:00:00.000000',1,12,NULL,NULL,0,0,'switch off',NULL,NULL,'Lands and Homes India Pvt Ltd',NULL,NULL,NULL,NULL),(762,'Kishore Reddy',NULL,NULL,'80 4932 3144',NULL,'2025-03-08 00:00:00.000000',1,12,NULL,NULL,0,0,'not required',NULL,NULL,'mana projects',NULL,NULL,NULL,NULL),(763,NULL,NULL,NULL,'99526 25252.',NULL,'2025-03-08 00:00:00.000000',1,12,NULL,NULL,0,0,'NA - cb',NULL,NULL,'Stylelori silver',NULL,NULL,NULL,NULL),(764,NULL,NULL,NULL,'87504-46500',NULL,'2025-03-08 00:00:00.000000',1,12,NULL,NULL,0,0,'owner is not there if will info if need they willl call',NULL,NULL,'Heritage Exports',NULL,NULL,NULL,NULL),(765,NULL,NULL,NULL,'080 4897 6164',NULL,'2025-03-08 00:00:00.000000',1,12,NULL,NULL,0,0,'if need will call',NULL,NULL,'Jpeealloys',NULL,NULL,NULL,NULL),(766,NULL,NULL,NULL,'9566021494.0',NULL,'2025-03-08 00:00:00.000000',1,12,NULL,NULL,0,0,'i will call later',NULL,NULL,'VIGNESHWARA ENGINNERING',NULL,NULL,NULL,NULL),(767,'sarvanaan',NULL,NULL,'095003 79619',NULL,'2025-03-08 00:00:00.000000',1,12,NULL,NULL,0,0,'Not required now',NULL,NULL,'Naaval Construction',NULL,NULL,NULL,NULL),(768,NULL,NULL,NULL,'97900 90147',NULL,'2025-03-08 00:00:00.000000',1,12,NULL,NULL,0,0,'switch off',NULL,NULL,'Guru Tex',NULL,NULL,NULL,NULL),(769,NULL,NULL,NULL,'093771 27273',NULL,'2025-03-08 00:00:00.000000',1,12,NULL,NULL,0,0,'line busy',NULL,NULL,'ANIL FASHIONS PRIVATE LIMITED',NULL,NULL,NULL,NULL),(770,NULL,NULL,NULL,'90089 61166',NULL,'2025-03-08 00:00:00.000000',1,12,NULL,NULL,0,0,'not required now already have if need in future',NULL,NULL,'Clothera',NULL,NULL,NULL,NULL),(771,NULL,NULL,NULL,'070692 10555',NULL,'2025-03-08 00:00:00.000000',1,12,NULL,NULL,0,0,'NA',NULL,NULL,'Clothera Private Limited',NULL,NULL,NULL,NULL),(772,'Shubam',NULL,NULL,'9648004769.0',NULL,'2025-03-08 00:00:00.000000',1,12,NULL,NULL,0,0,'shubam shared number of Kunal 9838099130-kunal , kunal told not required for now',NULL,NULL,'CordTech Textile Pvt. Ltd.',NULL,NULL,NULL,NULL),(773,'Balusamy Nattrayan',NULL,NULL,'93444 08212',NULL,'2025-03-08 00:00:00.000000',1,12,NULL,NULL,0,0,'NA',NULL,NULL,'Airwill',NULL,NULL,NULL,NULL),(774,NULL,NULL,NULL,'9023435136.0',NULL,'2025-03-08 00:00:00.000000',1,12,NULL,NULL,0,0,'asked what you do , we can discuss this tom morning 10 am - cb',NULL,NULL,'Unicorn',NULL,NULL,NULL,NULL),(775,NULL,NULL,NULL,'9698834567.0',NULL,'2025-03-08 00:00:00.000000',1,12,NULL,NULL,0,0,'line busy',NULL,NULL,'A.C.N. TEX P. LTD.',NULL,NULL,NULL,NULL),(776,NULL,NULL,NULL,'9944481991.0',NULL,'2025-03-08 00:00:00.000000',1,12,NULL,NULL,0,0,'not required',NULL,NULL,'A.K. KNIT CLOTHING',NULL,NULL,NULL,NULL),(777,NULL,NULL,NULL,'9443318681.0',NULL,'2025-03-08 00:00:00.000000',1,12,NULL,NULL,0,0,'switch off',NULL,NULL,'A.K.R. TEX',NULL,NULL,NULL,NULL),(778,NULL,NULL,NULL,'98659 54044',NULL,'2025-03-08 00:00:00.000000',1,12,NULL,NULL,0,0,'not required now',NULL,NULL,'ALPHATEX ENGINEERING -TEXTILE WINDING MACHINE',NULL,NULL,NULL,NULL),(779,NULL,NULL,NULL,'9367139000.0',NULL,'2025-03-08 00:00:00.000000',1,12,NULL,NULL,0,0,'call me next week in a meeting now',NULL,NULL,'MOHLER MACHINE WORKS PVT LTD',NULL,NULL,NULL,NULL),(780,NULL,NULL,NULL,'9942909628.0',NULL,'2025-03-08 00:00:00.000000',1,12,NULL,NULL,0,0,'line busy',NULL,NULL,'SUPER MACHINE WORKS (P) LTD',NULL,NULL,NULL,NULL),(781,NULL,NULL,NULL,'9894890790.0',NULL,'2025-03-08 00:00:00.000000',1,12,NULL,NULL,0,0,'this is not kannan  tex',NULL,NULL,'SRI KANNAN TEX',NULL,NULL,NULL,NULL),(782,'MR. N. Ravi Kumar',NULL,NULL,'9994388638.0',NULL,'2025-03-08 00:00:00.000000',1,12,NULL,NULL,0,0,'not required',NULL,NULL,'RK TEX MACHINES INDIA PVT LTD',NULL,NULL,NULL,NULL),(783,NULL,NULL,NULL,'98428 22240',NULL,'2025-03-08 00:00:00.000000',1,12,NULL,NULL,0,0,'not required now',NULL,NULL,'Jayalakshmi Machine Works',NULL,NULL,NULL,NULL),(784,NULL,NULL,NULL,'9843475722.0',NULL,'2025-03-08 00:00:00.000000',1,12,NULL,NULL,0,0,'NA',NULL,NULL,'Bestex Engineering Works',NULL,NULL,NULL,NULL),(785,NULL,NULL,NULL,'98422 53044',NULL,'2025-03-08 00:00:00.000000',1,12,NULL,NULL,0,0,'NA',NULL,NULL,'CONETEX ENGINEERING',NULL,NULL,NULL,NULL),(786,NULL,NULL,NULL,'9994124165.0',NULL,'2025-03-08 00:00:00.000000',1,12,NULL,NULL,0,0,'not required',NULL,NULL,'Ocean Machine Manufacture',NULL,NULL,NULL,NULL),(787,'Vani',NULL,NULL,'90034 34302',NULL,'2025-03-08 00:00:00.000000',1,12,NULL,NULL,0,0,'share details if need will call',NULL,NULL,'HARIDHRA ENGINEERS',NULL,NULL,NULL,NULL),(788,NULL,NULL,NULL,'9843912054.0',NULL,'2025-03-08 00:00:00.000000',1,12,NULL,NULL,0,0,'share me details - cb',NULL,NULL,'Cheran Machines India Private Limited',NULL,NULL,NULL,NULL),(789,NULL,NULL,NULL,'98433 66319',NULL,'2025-03-08 00:00:00.000000',1,12,NULL,NULL,0,0,'switch off',NULL,NULL,'Statex Engineering Private Limited',NULL,NULL,NULL,NULL),(790,NULL,NULL,NULL,'9894113964.0',NULL,'2025-03-08 00:00:00.000000',1,12,NULL,NULL,0,0,'NA',NULL,NULL,'SRE CORPORATION',NULL,NULL,NULL,NULL),(860,'Rajnish kumar',NULL,NULL,NULL,NULL,'2025-03-11 00:00:00.000000',1,18,NULL,NULL,0,0,NULL,NULL,NULL,'Vedant Design',NULL,NULL,NULL,NULL),(861,'Victory Vas',NULL,NULL,NULL,NULL,'2025-03-11 00:00:00.000000',1,18,NULL,NULL,0,0,NULL,NULL,NULL,'VESMATEX',NULL,NULL,NULL,NULL),(862,'Sathish Kumar K.L.',NULL,NULL,'9003023620',NULL,'2025-03-11 00:00:00.000000',1,18,NULL,NULL,0,0,'Call back April 1st week for Aborad need SEO',NULL,NULL,'5Kietech Group',NULL,NULL,NULL,NULL),(863,'Yogendar',NULL,NULL,'9958655188',NULL,'2025-03-11 00:00:00.000000',1,18,NULL,NULL,0,0,'No need',NULL,NULL,'Garment Fit Techinain',NULL,NULL,NULL,NULL),(864,'Leon',NULL,NULL,'9025145144',NULL,'2025-03-11 00:00:00.000000',1,18,NULL,NULL,0,0,'Switch off',NULL,NULL,'Aradhana Knitting Mills',NULL,NULL,'2025-03-13 00:00:00.000000',NULL),(865,NULL,NULL,NULL,NULL,NULL,'2025-03-11 00:00:00.000000',1,18,NULL,NULL,0,0,NULL,NULL,NULL,'Velani Lifestyle',NULL,NULL,NULL,NULL),(866,'Dr. Aarthi Govindarajan',NULL,NULL,'99400 22669',NULL,'2025-03-11 00:00:00.000000',1,18,NULL,NULL,0,0,'Ring',NULL,NULL,'Aarthi Scans',NULL,NULL,NULL,NULL),(867,'Arun Senthil',NULL,NULL,'98841 97073',NULL,'2025-03-11 00:00:00.000000',1,18,NULL,NULL,0,0,'Ring',NULL,NULL,'ANNAI INFRA DEVELOPERS LIMITED',NULL,NULL,NULL,NULL),(868,NULL,NULL,NULL,'8072074995',NULL,'2025-03-11 00:00:00.000000',1,18,NULL,NULL,0,0,'Not reachable',NULL,NULL,'Nathan GreenTech',NULL,NULL,NULL,NULL),(869,NULL,NULL,NULL,'8682991119',NULL,'2025-03-11 00:00:00.000000',1,18,NULL,NULL,0,0,'No Response cut the call',NULL,NULL,'GYRATING INDUSTRIES',NULL,NULL,NULL,NULL),(870,NULL,NULL,NULL,'9791979696 | 9443022153',NULL,'2025-03-11 00:00:00.000000',1,18,NULL,NULL,0,0,'Concern person will call',NULL,NULL,'AMARNAATHH ENGINEERING',NULL,NULL,NULL,NULL),(871,NULL,NULL,NULL,'4222562844',NULL,'2025-03-11 00:00:00.000000',1,18,NULL,NULL,0,0,'Num not exist',NULL,NULL,'RUPA ENGINEERING INDUSTRIES',NULL,NULL,NULL,NULL),(872,NULL,NULL,NULL,'93444 44605',NULL,'2025-03-11 00:00:00.000000',1,18,NULL,NULL,0,0,'No requirements',NULL,NULL,'AK Machines',NULL,NULL,NULL,NULL),(873,NULL,NULL,NULL,'9443388981',NULL,'2025-03-11 00:00:00.000000',1,18,NULL,NULL,0,0,'No requirements',NULL,NULL,'Alpha Tex',NULL,NULL,NULL,NULL),(874,NULL,NULL,NULL,'8300523038',NULL,'2025-03-11 00:00:00.000000',1,18,NULL,NULL,0,0,'No requirements',NULL,NULL,'SENGANI TEX SPARES',NULL,NULL,NULL,NULL),(875,NULL,NULL,NULL,'9585098436 | 94864 39912',NULL,'2025-03-11 00:00:00.000000',1,18,NULL,NULL,0,0,'Busy',NULL,NULL,'Shine Tex Engineers',NULL,NULL,NULL,NULL),(876,NULL,NULL,NULL,'9944956701',NULL,'2025-03-11 00:00:00.000000',1,18,NULL,NULL,0,0,'Busy',NULL,NULL,'Hi-Tech Engineering',NULL,NULL,NULL,NULL),(877,NULL,NULL,NULL,'9843083373',NULL,'2025-03-11 00:00:00.000000',1,18,NULL,NULL,0,0,'No requirements',NULL,NULL,'M.V.Textile Industrials',NULL,NULL,NULL,NULL),(878,NULL,NULL,NULL,'94433 88984',NULL,'2025-03-11 00:00:00.000000',1,18,NULL,NULL,0,0,'Ring',NULL,NULL,'Sujini Machines',NULL,NULL,NULL,NULL),(879,NULL,NULL,NULL,'9442543597',NULL,'2025-03-11 00:00:00.000000',1,18,NULL,NULL,0,0,'No requirements',NULL,NULL,'The Jenntex Engineering Company',NULL,NULL,NULL,NULL),(880,NULL,NULL,NULL,'8220007569',NULL,'2025-03-11 00:00:00.000000',1,18,NULL,NULL,0,0,'Ring',NULL,NULL,'Surfine Tools',NULL,NULL,NULL,NULL),(881,NULL,NULL,NULL,'9842231483',NULL,'2025-03-11 00:00:00.000000',1,18,NULL,NULL,0,0,'No requirements',NULL,NULL,'SIMTA',NULL,NULL,NULL,NULL),(882,NULL,NULL,NULL,'98204 74553',NULL,'2025-03-11 00:00:00.000000',1,18,NULL,NULL,0,0,'Ring',NULL,NULL,'B Tex India',NULL,NULL,NULL,NULL),(883,NULL,NULL,NULL,'96880 88133',NULL,'2025-03-11 00:00:00.000000',1,18,NULL,NULL,0,0,'No requirements',NULL,NULL,'RSB Tech Solution',NULL,NULL,NULL,NULL),(884,NULL,NULL,NULL,'98422 32553',NULL,'2025-03-11 00:00:00.000000',1,18,NULL,NULL,0,0,'No requirements',NULL,NULL,'Kamala Engineering Company',NULL,NULL,NULL,NULL),(885,NULL,NULL,NULL,'87549 87519',NULL,'2025-03-11 00:00:00.000000',1,18,NULL,NULL,0,0,'No requirements',NULL,NULL,'Sodaltech',NULL,NULL,NULL,NULL),(886,NULL,NULL,NULL,'9842213668',NULL,'2025-03-11 00:00:00.000000',1,18,NULL,NULL,0,0,'No requirements',NULL,NULL,'MAHENDRA INDUSTRIES',NULL,NULL,NULL,NULL),(887,NULL,NULL,NULL,'98946 44942 | 97919 04942',NULL,'2025-03-11 00:00:00.000000',1,18,NULL,NULL,0,0,'Ring',NULL,NULL,'SHELTRONICS CONTROL SYSTEMS PRIVATE LIMITED',NULL,NULL,NULL,NULL),(888,NULL,NULL,NULL,'9842240804',NULL,'2025-03-11 00:00:00.000000',1,18,NULL,NULL,0,0,'Need call',NULL,NULL,'VIMAL ASSOCIATES',NULL,NULL,NULL,NULL),(889,NULL,NULL,NULL,'9976773993 | 9842881730',NULL,'2025-03-11 00:00:00.000000',1,18,NULL,NULL,0,0,'Busy',NULL,NULL,'Angalamma Machinery',NULL,NULL,NULL,NULL),(890,NULL,NULL,NULL,'94421 01335',NULL,'2025-03-11 00:00:00.000000',1,18,NULL,NULL,0,0,'No requirements',NULL,NULL,'SEAGULL ELECTRICALS',NULL,NULL,NULL,NULL),(891,NULL,NULL,NULL,'9003703051',NULL,'2025-03-11 00:00:00.000000',1,18,NULL,NULL,0,0,NULL,NULL,NULL,'Prabhu Industries',NULL,NULL,NULL,NULL),(892,NULL,NULL,NULL,'90877 04907',NULL,'2025-03-11 00:00:00.000000',1,18,NULL,NULL,0,0,NULL,NULL,NULL,'SRI BALAJI TOOLS & DIES',NULL,NULL,NULL,NULL),(893,'Braghadeesh G',NULL,NULL,'9677102791',NULL,'2025-03-11 00:00:00.000000',1,18,NULL,NULL,0,0,NULL,NULL,NULL,'Uplift',NULL,NULL,NULL,NULL),(895,NULL,NULL,NULL,'9943439099',NULL,'2025-03-11 00:00:00.000000',1,18,NULL,NULL,0,0,'Busy',NULL,NULL,'Rainbow Garment Machines',NULL,NULL,NULL,NULL),(896,'Dhanpal',NULL,NULL,'9976130255 - Dhanapal',NULL,'2025-03-11 00:00:00.000000',1,18,NULL,NULL,0,0,'Busy',NULL,NULL,'TIRUPUR GARMENT MACHINES',NULL,NULL,NULL,NULL),(897,NULL,NULL,NULL,'98428 92064',NULL,'2025-03-11 00:00:00.000000',1,18,NULL,NULL,0,0,'Ring',NULL,NULL,'ARMMTECHT Universal Engineering',NULL,NULL,NULL,NULL),(898,NULL,NULL,NULL,'9843198255',NULL,'2025-03-11 00:00:00.000000',1,18,NULL,NULL,0,0,'No need',NULL,NULL,'Nuva Machine Works',NULL,NULL,NULL,NULL),(899,NULL,NULL,NULL,'9677610983 | 8754010983',NULL,'2025-03-11 00:00:00.000000',1,18,NULL,NULL,0,0,'Busy',NULL,NULL,'Tony Engineerings',NULL,NULL,NULL,NULL),(900,'Karthick',NULL,NULL,'98657 77888',NULL,'2025-03-11 00:00:00.000000',1,18,NULL,NULL,0,0,'Share details need call',NULL,NULL,'Marvel International',NULL,NULL,NULL,NULL),(901,NULL,NULL,NULL,'9600355592',NULL,'2025-03-11 00:00:00.000000',1,18,NULL,NULL,0,0,'No requirements',NULL,NULL,'Dinesh Machine Corporate',NULL,NULL,NULL,NULL),(902,NULL,NULL,NULL,'9342921130',NULL,'2025-03-11 00:00:00.000000',1,18,NULL,NULL,0,0,'Not interested',NULL,NULL,'MAXX MACHINERY',NULL,NULL,NULL,NULL),(903,NULL,NULL,NULL,'8695671385',NULL,'2025-03-11 00:00:00.000000',1,18,NULL,NULL,0,0,'No requirements',NULL,NULL,'Info Trading Corporation',NULL,NULL,NULL,NULL),(904,NULL,NULL,NULL,'78800 78700',NULL,'2025-03-11 00:00:00.000000',1,18,NULL,NULL,0,0,'No requirements',NULL,NULL,'Wellknowns Syndicate',NULL,NULL,NULL,NULL),(905,NULL,NULL,NULL,'9843042246',NULL,'2025-03-11 00:00:00.000000',1,18,NULL,NULL,0,0,'No response',NULL,NULL,'Guruvarma Textiles',NULL,NULL,NULL,NULL),(906,NULL,NULL,NULL,'99943 24365',NULL,'2025-03-11 00:00:00.000000',1,18,NULL,NULL,0,0,'No requirements',NULL,NULL,'Aara Machines',NULL,NULL,NULL,NULL),(907,NULL,NULL,NULL,'9843998222 - Siva - hr',NULL,'2025-03-11 00:00:00.000000',1,18,NULL,NULL,0,0,NULL,NULL,NULL,'KM Knitwear Private LTD',NULL,NULL,NULL,NULL),(908,NULL,NULL,NULL,'8056511166',NULL,'2025-03-11 00:00:00.000000',1,18,NULL,NULL,0,0,'Busy',NULL,NULL,'Essa Garments Pvt. Ltd.',NULL,NULL,NULL,NULL),(909,NULL,NULL,NULL,'9843047673',NULL,'2025-03-11 00:00:00.000000',1,18,NULL,NULL,0,0,'No response',NULL,NULL,'C R Garments',NULL,NULL,NULL,NULL),(910,NULL,NULL,NULL,'96002 60878',NULL,'2025-03-11 00:00:00.000000',1,18,NULL,NULL,0,0,'Busy',NULL,NULL,'Esplandea Incorporation',NULL,NULL,NULL,NULL),(911,NULL,NULL,NULL,'9843072449',NULL,'2025-03-11 00:00:00.000000',1,18,NULL,NULL,0,0,'Need call',NULL,NULL,'MAJESTIC EXPORTS',NULL,NULL,NULL,NULL),(912,NULL,NULL,NULL,'9597843679',NULL,'2025-03-11 00:00:00.000000',1,18,NULL,NULL,0,0,'Need call',NULL,NULL,'Jayasuriya Exports',NULL,NULL,NULL,NULL),(913,NULL,NULL,NULL,'9842265658',NULL,'2025-03-11 00:00:00.000000',1,18,NULL,NULL,0,0,'Need call',NULL,NULL,'S.S CLOTHING COMPANY',NULL,NULL,NULL,NULL),(914,NULL,NULL,NULL,'9367655677',NULL,'2025-03-11 00:00:00.000000',1,18,NULL,NULL,0,0,'Ring',NULL,NULL,'Vogue Sourcing',NULL,NULL,NULL,NULL),(915,NULL,NULL,NULL,'97895 55896 | 95437 91896',NULL,'2025-03-11 00:00:00.000000',1,18,NULL,NULL,0,0,'Ring',NULL,NULL,'Garment Mantra',NULL,NULL,NULL,NULL),(916,NULL,NULL,NULL,'4214254800',NULL,'2025-03-11 00:00:00.000000',1,18,NULL,NULL,0,0,'Ring',NULL,NULL,'BLUE KNOT APPARELS PRIVATE LIMITED',NULL,NULL,NULL,NULL),(917,NULL,NULL,NULL,'4212374840',NULL,'2025-03-11 00:00:00.000000',1,18,NULL,NULL,0,0,'call 10mins later',NULL,NULL,'Raagam Exports',NULL,NULL,NULL,NULL),(918,NULL,NULL,NULL,'98770 99399',NULL,'2025-03-11 00:00:00.000000',1,18,NULL,NULL,0,0,'Share details',NULL,NULL,'Flexible Apparels',NULL,NULL,NULL,NULL),(919,NULL,NULL,NULL,'98431 74723',NULL,'2025-03-11 00:00:00.000000',1,18,NULL,NULL,0,0,'Need call',NULL,NULL,'Shree Raja Steels',NULL,NULL,NULL,NULL),(920,NULL,NULL,NULL,'97894 07444',NULL,'2025-03-11 00:00:00.000000',1,18,NULL,NULL,0,0,'Share details con person will call',NULL,NULL,'Simta Clear Coats Pvt Ltd',NULL,NULL,NULL,NULL),(921,NULL,NULL,NULL,'9363682678',NULL,'2025-03-11 00:00:00.000000',1,18,NULL,NULL,0,0,'Not required',NULL,NULL,'Blush Organic Cosmetics',NULL,NULL,NULL,NULL),(922,NULL,NULL,NULL,'8973779779 / 9944488981',NULL,'2025-03-11 00:00:00.000000',1,18,NULL,NULL,0,0,'No requirements',NULL,NULL,'Pranitha Naturals & Academy',NULL,NULL,NULL,NULL),(923,NULL,NULL,NULL,'93621 09760',NULL,'2025-03-11 00:00:00.000000',1,18,NULL,NULL,0,0,'No idea',NULL,NULL,'Galaxy',NULL,NULL,NULL,NULL),(924,NULL,NULL,NULL,'87542 03978',NULL,'2025-03-11 00:00:00.000000',1,18,NULL,NULL,0,0,'Need call',NULL,NULL,'Maduras Herbals',NULL,NULL,NULL,NULL),(925,NULL,NULL,NULL,'99653 20776',NULL,'2025-03-11 00:00:00.000000',1,18,NULL,NULL,0,0,'Having team',NULL,NULL,'Aapt Herbs',NULL,NULL,NULL,NULL),(926,NULL,NULL,NULL,'77087 42224',NULL,'2025-03-11 00:00:00.000000',1,18,NULL,NULL,0,0,'Busy',NULL,NULL,'Salem Cosmetic Clinic',NULL,NULL,NULL,NULL),(927,NULL,NULL,NULL,'9842770972',NULL,'2025-03-11 00:00:00.000000',1,18,NULL,NULL,0,0,'Ring',NULL,NULL,'Metro Soaps | Padayappa Soaps',NULL,NULL,NULL,NULL),(928,'Suresh',NULL,NULL,'7994876617',NULL,'2025-03-11 00:00:00.000000',1,18,NULL,NULL,0,0,'Share details if anybody ask he will call',NULL,NULL,'Eathians',NULL,NULL,NULL,NULL),(929,NULL,NULL,NULL,'90610 18676',NULL,'2025-03-11 00:00:00.000000',1,18,NULL,NULL,0,0,'Having team',NULL,NULL,'Modcon Healthcare',NULL,NULL,NULL,NULL),(930,NULL,NULL,NULL,'9087368111',NULL,'2025-03-11 00:00:00.000000',1,18,NULL,NULL,0,0,'Ring',NULL,NULL,'AM Kits & Drapes',NULL,NULL,NULL,NULL),(931,NULL,NULL,NULL,'8015222028',NULL,'2025-03-11 00:00:00.000000',1,18,NULL,NULL,0,0,'Ring',NULL,NULL,'Najmi Health care',NULL,NULL,NULL,NULL),(932,NULL,NULL,NULL,'9043346686',NULL,'2025-03-11 00:00:00.000000',1,18,NULL,NULL,0,0,'Need call',NULL,NULL,'Synthesis Chemical lab',NULL,NULL,NULL,NULL),(933,NULL,NULL,NULL,'8870722281',NULL,'2025-03-11 00:00:00.000000',1,18,NULL,NULL,0,0,'No requirements',NULL,NULL,'Priyadarshini Chemicals',NULL,NULL,NULL,NULL),(934,NULL,NULL,NULL,'9894430303',NULL,'2025-03-11 00:00:00.000000',1,18,NULL,NULL,0,0,'No need',NULL,NULL,'SKumar Engineering Works',NULL,NULL,NULL,NULL),(935,'saajan',NULL,NULL,'8122927262',NULL,'2025-03-12 00:00:00.000000',1,12,NULL,NULL,0,0,'15/04/2025- NA , 10/03/2025- Disconnected , 07/01/2024- NA , 30,24 , - NA ,19/12/2024- call me after 6  , 19/11/2024- i spoke with him will update you in 3 4 days , 18/11/2024- will discuss with my parter tdy evening  and update you shared asked to share cositng  told him told have budget of 75K budget for every thing  , can you can me after one weeek , asked for plans he told i have to ask so 10/03/2025- Disconnected , 07/01/2024- NA , 30,24 , - NA ,19/12/2024- call me after 6  , 19/11/2024- i spoke with him will update you in 3 4 days , 18/11/2024- will discuss with my parter tdy evening  and update you shared asked to share cositng  told him told have budget of 75K budget for every thing  , can you can me after one weeek , asked for plans he told i have to ask so',NULL,NULL,'Limelight architectural Studio',NULL,NULL,'2025-04-21 05:23:11.533489',NULL),(936,NULL,NULL,NULL,'6381289765',NULL,'2025-03-12 00:00:00.000000',1,12,NULL,NULL,0,0,'10, 03/2025- vignesh left the company he will ask MD and update , 09/01/2024- didn\'t got reply from management yet i have asked update but he is vusy hv to mange 4 companies so will update when he replies , 08/01/2024- manager is not available , discussed about the mail shared he recevied will check and get back',NULL,NULL,'Giggle store',NULL,NULL,NULL,NULL),(937,'Kannan',NULL,NULL,'94423 10491',NULL,'2025-03-12 00:00:00.000000',1,12,NULL,NULL,0,0,'already spoke tot this client , called again told already gave website erp if anything will update .',NULL,NULL,'Shree YAShodha',NULL,NULL,NULL,NULL),(938,'Balaji',NULL,NULL,'98942 05554',NULL,'2025-03-12 00:00:00.000000',1,12,NULL,NULL,0,0,'10/03/2025- Na , 06/01/2024 - can you follow up next week this week office meeting has been shcduled ,  , he gave his DM person number balaji - spoke to him he is looking for Branding asked to share profile will check and get back .',NULL,NULL,'LAKSHMIGRAHA',NULL,NULL,NULL,NULL),(939,NULL,NULL,NULL,'97894 00509',NULL,'2025-03-12 00:00:00.000000',1,12,NULL,NULL,0,0,'not required',NULL,NULL,'i-levitate organic cosmetics',NULL,NULL,NULL,NULL),(940,'Hema',NULL,NULL,'8072953850',NULL,'2025-03-12 00:00:00.000000',1,12,NULL,356,1,0,'she aasked to share profile and commercials , she is looking for brand and sales',NULL,NULL,'Givi Natural Cosmetics',NULL,NULL,NULL,NULL),(941,NULL,NULL,NULL,'97900 35711',NULL,'2025-03-12 00:00:00.000000',1,12,NULL,NULL,0,0,'not required',NULL,NULL,'Mirabelle Korea',NULL,NULL,NULL,NULL),(942,NULL,NULL,NULL,'9360352157',NULL,'2025-03-12 00:00:00.000000',1,12,NULL,NULL,0,0,'already have we work with',NULL,NULL,'Raws-N-Greens Healthcare Pvt Ltd',NULL,NULL,NULL,NULL),(943,NULL,NULL,NULL,'7418999301',NULL,'2025-03-12 00:00:00.000000',1,12,NULL,NULL,0,0,NULL,NULL,NULL,'Herbo Queen Enterprises',NULL,NULL,NULL,NULL),(944,NULL,NULL,NULL,'98431 40130',NULL,'2025-03-12 00:00:00.000000',1,12,NULL,NULL,0,0,'not required',NULL,NULL,'Simply Aloe',NULL,NULL,NULL,NULL),(945,NULL,NULL,NULL,'7092203886',NULL,'2025-03-12 00:00:00.000000',1,12,NULL,NULL,0,0,'not required',NULL,NULL,'JASS Product\'s Herbal Hair Care',NULL,NULL,NULL,NULL),(946,NULL,NULL,NULL,'82487 12324',NULL,'2025-03-12 00:00:00.000000',1,12,NULL,NULL,0,0,'not required',NULL,NULL,'Fab Aesthetics CBE',NULL,NULL,NULL,NULL),(947,NULL,NULL,NULL,'96556 63566',NULL,'2025-03-12 00:00:00.000000',1,12,NULL,NULL,0,0,'not required',NULL,NULL,'Juicy Chemistry',NULL,NULL,NULL,NULL),(948,NULL,NULL,NULL,'9043419029',NULL,'2025-03-12 00:00:00.000000',1,12,NULL,NULL,0,0,'20/03/2025- NA , sumathi told share me your details , owner is out of station she will come after 2 days',NULL,NULL,'Ayutree India LLP',NULL,NULL,'2025-03-25 05:30:18.921501',NULL),(949,NULL,NULL,NULL,'63832 73762',NULL,'2025-03-12 00:00:00.000000',1,12,NULL,NULL,0,0,'Na',NULL,NULL,'HERBO ORGANIC',NULL,NULL,NULL,NULL),(950,NULL,NULL,NULL,'9566479362',NULL,'2025-03-12 00:00:00.000000',1,12,NULL,NULL,0,0,'Na',NULL,NULL,'The Teejay Studios',NULL,NULL,NULL,NULL),(960,'DHILIPAN',NULL,NULL,'7339556347',NULL,'2025-03-12 00:00:00.000000',1,16,2,348,1,0,NULL,14,NULL,'MK Creations',NULL,NULL,NULL,NULL),(961,'Teja Sree',NULL,NULL,'9790588088',NULL,'2025-03-12 00:00:00.000000',1,16,2,349,1,0,NULL,14,NULL,'Jeevi arts',NULL,NULL,NULL,NULL),(966,'Mahamoorthy','Owner',3,'7092989600',NULL,'2025-03-13 00:00:00.000000',1,18,2,355,1,0,'Requirements in Ecom for new brand',4,NULL,'HNS International','Google',NULL,NULL,NULL),(967,'Satish',NULL,NULL,'7397012221',NULL,'2025-03-13 00:00:00.000000',1,12,2,358,1,0,'spoke with 2 ,3 companies how you do he have budget of 25k ad budget looking for sales in Race course area shared to share cost - cb',4,NULL,'Lara Styles Premium Unisex Salon',NULL,NULL,NULL,NULL),(968,'Kamal',NULL,NULL,'7904730376',NULL,'2025-03-13 00:00:00.000000',1,12,2,359,1,0,'asked to share proposal for DM sales ,  budget 1L asked to share proposal',4,NULL,'Max Hair Clinic',NULL,NULL,'2025-03-18 04:53:00.432589',NULL),(969,'Venkatesh',NULL,NULL,'9965530236',NULL,'2025-03-14 00:00:00.000000',1,11,NULL,NULL,0,0,'not ans',NULL,NULL,'Balaji Compressors',NULL,NULL,NULL,NULL),(970,'Govindaraj',NULL,NULL,'9367676781',NULL,'2025-03-14 00:00:00.000000',1,11,NULL,NULL,0,0,'not exist',NULL,NULL,'Neelesh Agro Service',NULL,NULL,NULL,NULL),(971,NULL,NULL,NULL,'93456 78911',NULL,'2025-03-14 00:00:00.000000',1,11,NULL,NULL,0,0,'if need will call back , asked WA',NULL,NULL,'Perfect Global Machines',NULL,NULL,NULL,NULL),(972,'office',NULL,NULL,'95852 66880',NULL,'2025-03-14 00:00:00.000000',1,11,NULL,NULL,0,0,'care@mehala.in asked to email if need will call back',NULL,NULL,'Mehala Machines India Ltd',NULL,NULL,NULL,NULL),(973,NULL,NULL,NULL,'8870015355',NULL,'2025-03-14 00:00:00.000000',1,11,2,NULL,0,0,'26.03.25	he dont want do new site not in our budget\n21.03.25 asked website revamp costs, informed new static site costs\n12.03.25if need will call back , asked WA',NULL,NULL,'Vizzac Laser',NULL,NULL,'2025-03-29 04:47:21.845622',NULL),(974,NULL,NULL,NULL,'9443242663',NULL,'2025-03-14 00:00:00.000000',1,11,NULL,NULL,0,0,'service not available',NULL,NULL,'Arum Industries',NULL,NULL,NULL,NULL),(975,NULL,NULL,NULL,'99947 33333',NULL,'2025-03-14 00:00:00.000000',1,11,NULL,NULL,0,0,'if need will call back WA both',NULL,NULL,'Heritage Granites Pvt Ltd',NULL,NULL,NULL,NULL),(976,NULL,NULL,NULL,'94431 89164',NULL,'2025-03-14 00:00:00.000000',1,11,NULL,NULL,0,0,'no need',NULL,NULL,'India Hydraulics',NULL,NULL,NULL,NULL),(977,'Indurekha',NULL,NULL,'97890 25141',NULL,'2025-03-14 00:00:00.000000',1,11,NULL,NULL,0,0,'she asked 17.03.25 meeting',NULL,NULL,'Astro Talk Tamil',NULL,NULL,NULL,NULL),(978,NULL,NULL,NULL,'99525 27093',NULL,'2025-03-14 00:00:00.000000',1,11,2,NULL,0,0,'24.03.25	he will discuss next month due to financial year end\n17.03.25	he\'s in bank will call back , want to know his budget\n14.03.25 he wants a video suit & DM for his new machine\n12.03.25 he wants WA details & tomorrow will call back',NULL,NULL,'ASTA Machineries',NULL,NULL,'2025-03-24 12:13:20.535786',NULL),(979,NULL,NULL,NULL,'94433 76200',NULL,'2025-03-14 00:00:00.000000',1,11,NULL,NULL,0,0,'no need',NULL,NULL,'JJExports',NULL,NULL,NULL,NULL),(980,'Subash',NULL,NULL,'8056961990',NULL,'2025-03-14 00:00:00.000000',1,11,NULL,NULL,0,0,'she need business PPT but take some time WA sent',NULL,NULL,'Ippo Fresh by Thai Thirunaal agro foods',NULL,NULL,NULL,NULL),(981,NULL,NULL,NULL,'95857 99888',NULL,'2025-03-14 00:00:00.000000',1,11,NULL,NULL,0,0,'no need',NULL,NULL,'Welhance Speciality Foods',NULL,NULL,NULL,NULL),(982,'Venkatesh',NULL,NULL,'090194 99907',NULL,'2025-03-14 00:00:00.000000',1,11,2,NULL,0,0,'26.03.25	He came & discussed SEO and app installation more as well as landing page design\n24.03.25	will meet 26.03.25 \n12.03.25 he needs app promotion & lets see next week already a vendor fixed last week',NULL,NULL,'Q2h - Quick 2 Home Meat Delivery Kovaipudhur',NULL,NULL,'2025-03-26 10:15:05.718674',NULL),(983,NULL,NULL,NULL,'99447 68110',NULL,'2025-03-14 00:00:00.000000',1,11,NULL,NULL,0,0,'no need , own team have',NULL,NULL,'MOCK MEAT AND SNACK SUPPLIER AND TRADING',NULL,NULL,NULL,NULL),(984,NULL,NULL,NULL,'0422 2635000',NULL,'2025-03-14 00:00:00.000000',1,11,NULL,NULL,0,0,'admin@shanthipoultry.com asked to email if need will call back',NULL,NULL,'Shanthi Feeds Pvt Ltd',NULL,NULL,NULL,NULL),(985,NULL,NULL,NULL,'99944 52105',NULL,'2025-03-14 00:00:00.000000',1,11,NULL,NULL,0,0,'no need',NULL,NULL,'Maesta Maria Exports',NULL,NULL,NULL,NULL),(986,NULL,NULL,NULL,'9080871476',NULL,'2025-03-14 00:00:00.000000',1,11,NULL,NULL,0,0,'not ans',NULL,NULL,'IBIN EXPORTS AND IMPORTS',NULL,NULL,NULL,NULL),(988,'Surya Balaji Murugesan, Advisory Director',NULL,NULL,'9080769399',NULL,'2025-03-14 00:00:00.000000',1,11,NULL,NULL,0,0,'out of network',NULL,NULL,'THENI KAMADHENU FARMER PRODUCER COMPANY',NULL,NULL,NULL,NULL),(989,'Santhosh Prabhu, Managing Partner',NULL,NULL,'8129777715',NULL,'2025-03-14 00:00:00.000000',1,11,2,NULL,0,0,'21.03.25	he asked shared photo through email \n\n11.03.25 asked him update',NULL,NULL,'ISLAND SEAFOOD EXPORTS',NULL,NULL,'2025-03-22 04:30:23.019304',NULL),(990,NULL,NULL,NULL,'9003777978',NULL,'2025-03-14 00:00:00.000000',1,11,NULL,NULL,0,0,'no need',NULL,NULL,'TheTourist 360',NULL,NULL,NULL,NULL),(991,NULL,NULL,NULL,'98940 55776',NULL,'2025-03-14 00:00:00.000000',1,11,NULL,NULL,0,0,'no need',NULL,NULL,'Go Vacations (AKA Holidays)',NULL,NULL,NULL,NULL),(992,NULL,NULL,NULL,'8148917398',NULL,'2025-03-14 00:00:00.000000',1,11,NULL,NULL,0,0,'our of network',NULL,NULL,'Power Tours',NULL,NULL,NULL,NULL),(993,NULL,NULL,NULL,'8300365016',NULL,'2025-03-14 00:00:00.000000',1,11,NULL,NULL,0,0,'not reachable',NULL,NULL,'Boundless Adventures',NULL,NULL,NULL,NULL),(994,'Rubesh',NULL,NULL,'9894457892',NULL,'2025-03-14 00:00:00.000000',1,11,NULL,NULL,0,0,'after 2 months, it will get discussed, asked to email info@ree2holidays.in',NULL,NULL,'REE2 Holidays',NULL,NULL,NULL,NULL),(995,NULL,NULL,NULL,'9244449449',NULL,'2025-03-14 00:00:00.000000',1,11,NULL,NULL,0,0,'not ans',NULL,NULL,'Go With Us Holidays',NULL,NULL,NULL,NULL),(996,NULL,NULL,NULL,'97918 51999',NULL,'2025-03-14 00:00:00.000000',1,11,NULL,NULL,0,0,'not ans',NULL,NULL,'Triaz Travel & Tours',NULL,NULL,NULL,NULL),(997,NULL,NULL,NULL,'8903423141',NULL,'2025-03-14 00:00:00.000000',1,11,NULL,NULL,0,0,'no need',NULL,NULL,'N.R.G. FASHION',NULL,NULL,NULL,NULL),(998,NULL,NULL,NULL,'9842242121',NULL,'2025-03-14 00:00:00.000000',1,11,NULL,NULL,0,0,'no need',NULL,NULL,'S.M.V. TEX',NULL,NULL,NULL,NULL),(999,NULL,NULL,NULL,'9842741692',NULL,'2025-03-14 00:00:00.000000',1,11,NULL,NULL,0,0,'no need',NULL,NULL,'STARMEN GARMENTS (HEAD)',NULL,NULL,NULL,NULL),(1000,NULL,NULL,NULL,'7010786039',NULL,'2025-03-14 00:00:00.000000',1,11,NULL,NULL,0,0,'no need',NULL,NULL,'PINKY GARMENTS',NULL,NULL,NULL,NULL),(1001,NULL,NULL,NULL,'9791368888',NULL,'2025-03-14 00:00:00.000000',1,11,NULL,NULL,0,0,'no need',NULL,NULL,'A AROWANA TEXS',NULL,NULL,NULL,NULL),(1002,NULL,NULL,NULL,'9843060760',NULL,'2025-03-14 00:00:00.000000',1,11,NULL,NULL,0,0,'not applicable',NULL,NULL,'APPAREL EMBROIDERY PUNCHING CENTRE',NULL,NULL,NULL,NULL),(1003,NULL,NULL,NULL,'9600622999',NULL,'2025-03-14 00:00:00.000000',1,11,NULL,NULL,0,0,'not applicable',NULL,NULL,'ASWADHA EXPORTTS',NULL,NULL,NULL,NULL),(1004,NULL,NULL,NULL,'9790019601',NULL,'2025-03-14 00:00:00.000000',1,11,NULL,NULL,0,0,'no need',NULL,NULL,'BABUJI KNITTING MILLS',NULL,NULL,NULL,NULL),(1005,NULL,NULL,NULL,'9843041496',NULL,'2025-03-14 00:00:00.000000',1,11,NULL,NULL,0,0,'no need',NULL,NULL,'BALAMURUGAN TEXTILES',NULL,NULL,NULL,NULL),(1006,NULL,NULL,NULL,'9443735743',NULL,'2025-03-14 00:00:00.000000',1,11,NULL,NULL,0,0,'out of service',NULL,NULL,'DOLPHIN APPARELS',NULL,NULL,NULL,NULL),(1007,NULL,NULL,NULL,'9443023978',NULL,'2025-03-14 00:00:00.000000',1,11,NULL,NULL,0,0,'after march lets see',NULL,NULL,'EVER FRESH GARMENTS',NULL,NULL,NULL,NULL),(1008,NULL,NULL,NULL,'9944058888',NULL,'2025-03-14 00:00:00.000000',1,11,NULL,NULL,0,0,'not ans',NULL,NULL,'FINGER PRINTZ',NULL,NULL,NULL,NULL),(1009,NULL,NULL,NULL,'9500996125',NULL,'2025-03-14 00:00:00.000000',1,11,NULL,NULL,0,0,'not ans',NULL,NULL,'FIRST STEPS BABYWEAR P. LTD.',NULL,NULL,NULL,NULL),(1010,NULL,NULL,NULL,'9080013326',NULL,'2025-03-14 00:00:00.000000',1,11,NULL,NULL,0,0,'no need',NULL,NULL,'GRD APPARELS',NULL,NULL,NULL,NULL),(1011,NULL,NULL,NULL,'9363045417',NULL,'2025-03-14 00:00:00.000000',1,11,NULL,NULL,0,0,'no need',NULL,NULL,'J.P.S. INDUSTRIES',NULL,NULL,NULL,NULL),(1012,NULL,NULL,NULL,'9047619966',NULL,'2025-03-14 00:00:00.000000',1,11,NULL,NULL,0,0,'not ans',NULL,NULL,'KIDS KINGDOM',NULL,NULL,NULL,NULL),(1013,NULL,NULL,NULL,'9443937154',NULL,'2025-03-14 00:00:00.000000',1,11,NULL,NULL,0,0,'not ans',NULL,NULL,'KONIGA GARMENTS',NULL,NULL,NULL,NULL),(1014,NULL,NULL,NULL,'9443083046',NULL,'2025-03-14 00:00:00.000000',1,11,NULL,NULL,0,0,'no need',NULL,NULL,'LITTLE HEARTS HOSIERY',NULL,NULL,NULL,NULL),(1015,NULL,NULL,NULL,'9843421534',NULL,'2025-03-14 00:00:00.000000',1,11,NULL,NULL,0,0,'no need',NULL,NULL,'LITTLE KIDS',NULL,NULL,NULL,NULL),(1016,'DR. Sunitha',NULL,NULL,'91503 24912',NULL,'2025-03-14 00:00:00.000000',1,11,NULL,NULL,0,0,'no need',NULL,NULL,'JCB Hospitals',NULL,NULL,NULL,NULL),(1017,'Suriya Prakash',NULL,NULL,'6379021977',NULL,'2025-03-14 00:00:00.000000',1,11,NULL,NULL,0,0,'not ans',NULL,NULL,'Rajesh Industrials',NULL,NULL,NULL,NULL),(1020,'Abi',NULL,NULL,'96009 03580',NULL,'2025-03-14 00:00:00.000000',1,11,NULL,NULL,0,0,'asked her catalogue details & shared the costs',NULL,NULL,'Meenu\'s Manchester',NULL,NULL,NULL,NULL),(1021,NULL,NULL,NULL,'9994325044',NULL,'2025-03-14 00:00:00.000000',1,11,NULL,NULL,0,0,'after april lets see',NULL,NULL,'Crysler bathware',NULL,NULL,NULL,NULL),(1022,NULL,NULL,NULL,'9600863366',NULL,'2025-03-14 00:00:00.000000',1,11,NULL,NULL,0,0,'no need own team have',NULL,NULL,'Purplebay',NULL,NULL,NULL,NULL),(1023,NULL,NULL,NULL,'9500755600',NULL,'2025-03-14 00:00:00.000000',1,11,NULL,NULL,0,0,'no need already doing',NULL,NULL,'Leo Taps And Fittings',NULL,NULL,NULL,NULL),(1024,NULL,NULL,NULL,'98422 09396',NULL,'2025-03-14 00:00:00.000000',1,11,NULL,NULL,0,0,'no need',NULL,NULL,'SHARAN PIPE CORPORATION',NULL,NULL,NULL,NULL),(1025,NULL,NULL,NULL,'99947 49001',NULL,'2025-03-14 00:00:00.000000',1,11,NULL,NULL,0,0,'line busy',NULL,NULL,'Amogha Polymers (India) Private Limited',NULL,NULL,NULL,NULL),(1026,NULL,NULL,NULL,'94479 87741',NULL,'2025-03-14 00:00:00.000000',1,11,NULL,NULL,0,0,'not ans',NULL,NULL,'Aaliya Saniplast',NULL,NULL,NULL,NULL),(1027,NULL,NULL,NULL,'94876 09129',NULL,'2025-03-14 00:00:00.000000',1,11,NULL,NULL,0,0,'if need will call back',NULL,NULL,'PRINCE TRADING & CO',NULL,NULL,NULL,NULL),(1028,NULL,NULL,NULL,'9789222013',NULL,'2025-03-14 00:00:00.000000',1,11,NULL,NULL,0,0,'line busy',NULL,NULL,'ANTONY PIPES',NULL,NULL,NULL,NULL),(1029,NULL,NULL,NULL,'9843722204',NULL,'2025-03-14 00:00:00.000000',1,11,NULL,NULL,0,0,'marketing person want call office & talk 97505 25552 ANTONY (MANAGER) if need will call back , WA sent',NULL,NULL,'Bharathan Ceramics & Hardware',NULL,NULL,NULL,NULL),(1030,NULL,NULL,NULL,'9840296668',NULL,'2025-03-14 00:00:00.000000',1,11,NULL,NULL,0,0,'if need will call back',NULL,NULL,'THE TILE BROS',NULL,NULL,NULL,NULL),(1031,NULL,NULL,NULL,'98422 91414',NULL,'2025-03-14 00:00:00.000000',1,11,NULL,NULL,0,0,'not ans',NULL,NULL,'ACE Packs',NULL,NULL,NULL,NULL),(1032,NULL,NULL,NULL,'95668 88833',NULL,'2025-03-14 00:00:00.000000',1,11,NULL,NULL,0,0,'if need will call back',NULL,NULL,'SRI POOJA HARDWARES AND ELECTRICALS',NULL,NULL,NULL,NULL),(1033,NULL,NULL,NULL,'90039 76728',NULL,'2025-03-14 00:00:00.000000',1,11,NULL,NULL,0,0,'not ans',NULL,NULL,'Mr.Alllll ceramics & Sanitarywares',NULL,NULL,NULL,NULL),(1034,NULL,NULL,NULL,'93443 03682',NULL,'2025-03-14 00:00:00.000000',1,11,NULL,NULL,0,0,'if need will call back , asked WA sent',NULL,NULL,'Metro Tiles',NULL,NULL,NULL,NULL),(1035,NULL,NULL,NULL,'98435 13334',NULL,'2025-03-14 00:00:00.000000',1,11,NULL,NULL,0,0,'info@idealindia.com asked to email , WA sent if need will call back',NULL,NULL,'Ideal India',NULL,NULL,NULL,NULL),(1036,'Naveen Jain',NULL,NULL,'93602 85752',NULL,'2025-03-14 00:00:00.000000',1,11,NULL,NULL,0,0,'no need',NULL,NULL,'TileCulture',NULL,NULL,NULL,NULL),(1037,NULL,NULL,NULL,'96777 77902',NULL,'2025-03-14 00:00:00.000000',1,11,NULL,NULL,0,0,'not ans',NULL,NULL,'Kamdenu Granites',NULL,NULL,NULL,NULL),(1038,NULL,NULL,NULL,'99941 66062',NULL,'2025-03-14 00:00:00.000000',1,11,NULL,NULL,0,0,'no need have vendor',NULL,NULL,'2K Steel Arts',NULL,NULL,NULL,NULL),(1039,NULL,NULL,NULL,'9889882014',NULL,'2025-03-14 00:00:00.000000',1,11,NULL,NULL,0,0,'no need',NULL,NULL,'RAJENDRA GLASS HOUSE',NULL,NULL,NULL,NULL),(1040,NULL,NULL,NULL,'9944483031',NULL,'2025-03-14 00:00:00.000000',1,11,NULL,NULL,0,0,'not ans',NULL,NULL,'Zion and co',NULL,NULL,NULL,NULL),(1041,NULL,NULL,NULL,'9842212152',NULL,'2025-03-14 00:00:00.000000',1,11,NULL,NULL,0,0,'not ans',NULL,NULL,'Sudhakar Engineering',NULL,NULL,NULL,NULL),(1042,NULL,NULL,NULL,'8344999100',NULL,'2025-03-14 00:00:00.000000',1,11,NULL,NULL,0,0,'not ans',NULL,NULL,'Royal Tough Glass Works',NULL,NULL,NULL,NULL),(1043,'Bhavanesh Jain',NULL,NULL,'9597039605',NULL,'2025-03-14 00:00:00.000000',1,11,NULL,NULL,0,0,'let see our works, asked WA sent',NULL,NULL,'Sri Swaraj Ply And Glass',NULL,NULL,NULL,NULL),(1044,'shyam',NULL,NULL,'8925919341',NULL,'2025-03-14 00:00:00.000000',1,12,NULL,365,1,0,'shyam already did Social Media 2x result asked how you do need to share details and watsup quote , he will give his Social media person number - sham to talk hhandles social media - shym didn\'t picked - cb',NULL,NULL,'Samudhrika lakshana',NULL,NULL,'2025-03-20 12:48:17.124405',NULL),(1045,NULL,NULL,NULL,'9677245999',NULL,'2025-03-14 00:00:00.000000',1,12,NULL,NULL,0,0,'she gave indicer number handles marketing - 9677245999 , he didn\'t picked',NULL,NULL,'Jenny\'s arabian beauty',NULL,NULL,NULL,NULL),(1046,NULL,NULL,NULL,'9994164101',NULL,'2025-03-14 00:00:00.000000',1,12,NULL,NULL,0,0,'20/03/2025- he will go through busy this mnth will get back next month , 19/03/2025-  NA , 13/03/2025-will check and call you , Deepak - asked to share details Deepak - asked to share details',NULL,NULL,'Nature boon Herbo products',NULL,NULL,'2025-03-25 05:28:12.076385',NULL),(1047,NULL,NULL,NULL,'8046054233',NULL,'2025-03-14 00:00:00.000000',1,12,NULL,NULL,0,0,'concern person is not there',NULL,NULL,'Hiran Agroceuticals Private Limited',NULL,NULL,NULL,NULL),(1048,NULL,NULL,NULL,'90879 74040',NULL,'2025-03-14 00:00:00.000000',1,12,NULL,NULL,0,0,'will discuss and let you know',NULL,NULL,'HAFIYA ORGANIC COCOUNT OIL HANDMADE SOAPS',NULL,NULL,NULL,NULL),(1049,NULL,NULL,NULL,'96914 55666',NULL,'2025-03-14 00:00:00.000000',1,12,NULL,NULL,0,0,'not required now if need will call',NULL,NULL,'Bonitaa Skin and hair care',NULL,NULL,NULL,NULL),(1050,NULL,NULL,NULL,'99446 88729',NULL,'2025-03-14 00:00:00.000000',1,12,NULL,NULL,0,0,'not required',NULL,NULL,'YoungOnce Hair Replacement Centre',NULL,NULL,NULL,NULL),(1051,NULL,NULL,NULL,'9585525905',NULL,'2025-03-14 00:00:00.000000',1,12,NULL,NULL,0,0,'share profile give you update tomo',NULL,NULL,'Keva Hair Care',NULL,NULL,NULL,NULL),(1052,NULL,NULL,NULL,'9751251211',NULL,'2025-03-14 00:00:00.000000',1,12,NULL,NULL,0,0,NULL,NULL,NULL,'Sukira Aesthetics',NULL,NULL,NULL,NULL),(1053,NULL,NULL,NULL,'9129263646',NULL,'2025-03-14 00:00:00.000000',1,12,NULL,NULL,0,0,NULL,NULL,NULL,'Hair Leaf Trichology Clinic',NULL,NULL,NULL,NULL),(1054,NULL,NULL,NULL,'9677409309',NULL,'2025-03-14 00:00:00.000000',1,12,NULL,NULL,0,0,'have team if need will call',NULL,NULL,'Hair O Craft Hair and Skin clinic',NULL,NULL,NULL,NULL),(1055,NULL,NULL,NULL,'7448456789',NULL,'2025-03-14 00:00:00.000000',1,12,NULL,NULL,0,0,'she will give call to concern person is busy  - cb',NULL,NULL,'Dr. Aarthi\'s Skin, Hair & Laser Clinic',NULL,NULL,NULL,NULL),(1056,NULL,NULL,NULL,'91506 06660',NULL,'2025-03-14 00:00:00.000000',1,12,NULL,NULL,0,0,'sir is not available don\'t when will come -cb',NULL,NULL,'Renew plus hair and skin care',NULL,NULL,NULL,NULL),(1057,NULL,NULL,NULL,'9944786238',NULL,'2025-03-14 00:00:00.000000',1,12,NULL,NULL,0,0,'14/03/2025- line busy , call me evening',NULL,NULL,'FAIR FEEL HAIR FIXING',NULL,NULL,'2025-03-17 06:51:30.765149',NULL),(1058,NULL,NULL,NULL,'8601556789',NULL,'2025-03-14 00:00:00.000000',1,12,NULL,NULL,0,0,'manager is not there cb tom morning',NULL,NULL,'Advanced GroHair & GloSkin',NULL,NULL,NULL,NULL),(1059,NULL,NULL,NULL,'63749 26201',NULL,'2025-03-14 00:00:00.000000',1,12,NULL,NULL,0,0,'line busy',NULL,NULL,'G3 LUXURY SALON',NULL,NULL,NULL,NULL),(1060,NULL,NULL,NULL,'7299939998',NULL,'2025-03-14 00:00:00.000000',1,12,NULL,NULL,0,0,'19/03/2025- cb after 6 dr will avail now in consulting ,she gave DR number to call lst number 2 -sujitha , clled dr they told dr is busy call after sometime',NULL,NULL,'La HNS Hair & skin Care Centre',NULL,NULL,'2025-03-25 05:14:27.856771',NULL),(1061,NULL,NULL,NULL,'9500093905',NULL,'2025-03-14 00:00:00.000000',1,12,NULL,NULL,0,0,'28/03/2025- they don\'t need now if need , 26/03/2025- CB tom after 11.30 ,  21/03/2025- both devi and suganthi mam are out , spoke to ms devi looking for DM not satisfied with work of previous com share me your details will look and discuss then ptiched for meeting - cb ,can you call later mam is not there 2 person - devi and sugathi',NULL,NULL,'Keva Skin and Hair Clinic',NULL,NULL,'2025-03-28 09:47:38.031311',NULL),(1062,NULL,NULL,NULL,'9834512885',NULL,'2025-03-14 00:00:00.000000',1,12,NULL,NULL,0,0,NULL,NULL,NULL,'Dr.Prabhakar Hair Transplant clinic',NULL,NULL,NULL,NULL),(1063,NULL,NULL,NULL,'9585455755',NULL,'2025-03-14 00:00:00.000000',1,12,NULL,NULL,0,0,'not required',NULL,NULL,'Shasha Skin And Hair Care',NULL,NULL,NULL,NULL),(1064,NULL,NULL,NULL,'73050 30015',NULL,'2025-03-14 00:00:00.000000',1,12,NULL,NULL,0,0,'14/03/2025- not required , na',NULL,NULL,'Limelite Salon and Spa',NULL,NULL,'2025-03-17 06:49:04.889922',NULL),(1065,NULL,NULL,NULL,'8524824828',NULL,'2025-03-14 00:00:00.000000',1,12,NULL,NULL,0,0,'if need',NULL,NULL,'Claras Envogue',NULL,NULL,NULL,NULL),(1066,NULL,NULL,NULL,'9345145978',NULL,'2025-03-14 00:00:00.000000',1,12,NULL,NULL,0,0,'not required now',NULL,NULL,'Dheeran Skin and Hair Transplantation Clinic',NULL,NULL,NULL,NULL),(1067,NULL,NULL,NULL,'9633223377',NULL,'2025-03-14 00:00:00.000000',1,12,NULL,NULL,0,0,'she gave office number  04912546070 ,',NULL,NULL,'Artes Skin & Hair Clinic',NULL,NULL,NULL,NULL),(1068,NULL,NULL,NULL,'9092288818',NULL,'2025-03-14 00:00:00.000000',1,12,NULL,NULL,0,0,'ask to share profile if need they will call',NULL,NULL,'B16 CLINIC',NULL,NULL,NULL,NULL),(1069,NULL,NULL,NULL,'9655301000',NULL,'2025-03-14 00:00:00.000000',1,12,NULL,NULL,0,0,'Not Answered',NULL,NULL,'Face Natural Health Care',NULL,NULL,NULL,NULL),(1070,NULL,NULL,NULL,'9566363808',NULL,'2025-03-14 00:00:00.000000',1,12,NULL,NULL,0,0,'can you call tom',NULL,NULL,'GS Unisex Salon',NULL,NULL,NULL,NULL),(1071,NULL,NULL,NULL,'95977 84888',NULL,'2025-03-14 00:00:00.000000',1,12,NULL,NULL,0,0,'na',NULL,NULL,'OldLeaf Hair Oil',NULL,NULL,NULL,NULL),(1072,NULL,NULL,NULL,'9043873356',NULL,'2025-03-14 00:00:00.000000',1,12,NULL,NULL,0,0,'will call if need',NULL,NULL,'HAIRMUST Hair & Skin Care',NULL,NULL,NULL,NULL),(1073,NULL,NULL,NULL,'9443219179',NULL,'2025-03-14 00:00:00.000000',1,12,NULL,NULL,0,0,'cb tom',NULL,NULL,'Jyothys Organics',NULL,NULL,NULL,NULL),(1074,NULL,NULL,NULL,'94865 00671',NULL,'2025-03-14 00:00:00.000000',1,12,NULL,NULL,0,0,'NA',NULL,NULL,'Treyfa',NULL,NULL,NULL,NULL),(1075,NULL,NULL,NULL,'93449 96544',NULL,'2025-03-14 00:00:00.000000',1,12,NULL,NULL,0,0,'have enough customer ,into b2b so',NULL,NULL,'Pancha Aayurveda',NULL,NULL,NULL,NULL),(1076,NULL,NULL,NULL,'63859 16910',NULL,'2025-03-14 00:00:00.000000',1,12,NULL,NULL,0,0,'NA',NULL,NULL,'Dmary Products',NULL,NULL,NULL,NULL),(1077,NULL,NULL,NULL,'94893 78999',NULL,'2025-03-14 00:00:00.000000',1,12,NULL,NULL,0,0,'NA',NULL,NULL,'DAYBYDAY Lifestyle Products India Pvt Ltd',NULL,NULL,NULL,NULL),(1078,NULL,NULL,NULL,'7010376401',NULL,'2025-03-14 00:00:00.000000',1,12,NULL,NULL,0,0,'not required',NULL,NULL,'Golden Crown Petals and Herbs',NULL,NULL,NULL,NULL),(1079,NULL,NULL,NULL,'96295 19327',NULL,'2025-03-14 00:00:00.000000',1,12,NULL,NULL,0,0,'line busy',NULL,NULL,'Lime art',NULL,NULL,NULL,NULL),(1080,NULL,NULL,NULL,'9003511963',NULL,'2025-03-14 00:00:00.000000',1,12,NULL,NULL,0,0,'have no plan to do in online',NULL,NULL,'Coco Naturals',NULL,NULL,NULL,NULL),(1081,NULL,NULL,NULL,'9629657948',NULL,'2025-03-14 00:00:00.000000',1,12,NULL,NULL,0,0,'she ave owner land line number , that one told owner is in meeting CB after 2pm - call back',NULL,NULL,'MGG Kantilal Cosmetics',NULL,NULL,NULL,NULL),(1082,NULL,NULL,NULL,'73393 98633',NULL,'2025-03-14 00:00:00.000000',1,12,NULL,NULL,0,0,'not required',NULL,NULL,'Roots Cosmetics India',NULL,NULL,NULL,NULL),(1083,NULL,NULL,NULL,'8122737535',NULL,'2025-03-14 00:00:00.000000',1,12,NULL,NULL,0,0,'yes can you share me your details',NULL,NULL,'ShazfaS',NULL,NULL,NULL,NULL),(1084,NULL,NULL,NULL,'91718 61186',NULL,'2025-03-14 00:00:00.000000',1,12,NULL,NULL,0,0,NULL,NULL,NULL,'Thennai Herbal Soap\'s',NULL,NULL,NULL,NULL),(1085,NULL,NULL,NULL,'93613 11226',NULL,'2025-03-14 00:00:00.000000',1,12,NULL,NULL,0,0,'not required',NULL,NULL,'Grand Beauty',NULL,NULL,NULL,NULL),(1086,NULL,NULL,NULL,'9047033397',NULL,'2025-03-14 00:00:00.000000',1,12,NULL,NULL,0,0,'share me your details',NULL,NULL,'Herbo flora bio tech',NULL,NULL,NULL,NULL),(1087,NULL,NULL,NULL,'99440 77988',NULL,'2025-03-14 00:00:00.000000',1,12,NULL,NULL,0,0,'cb tom',NULL,NULL,'Biocutelifecare',NULL,NULL,NULL,NULL),(1088,NULL,NULL,NULL,'9486308692',NULL,'2025-03-14 00:00:00.000000',1,12,NULL,NULL,0,0,'Switchoff',NULL,NULL,'Mithilla\'s',NULL,NULL,NULL,NULL),(1089,NULL,NULL,NULL,'7339388739',NULL,'2025-03-14 00:00:00.000000',1,12,NULL,NULL,0,0,'line busy',NULL,NULL,'Naturo-Health Organic Enterprise',NULL,NULL,NULL,NULL),(1090,NULL,NULL,NULL,'63832 83896',NULL,'2025-03-14 00:00:00.000000',1,12,NULL,NULL,0,0,'have no plans for webssite now',NULL,NULL,'Sitara Soul',NULL,NULL,NULL,NULL),(1091,NULL,NULL,NULL,'7604891390',NULL,'2025-03-14 00:00:00.000000',1,12,NULL,NULL,0,0,'not required for now alredy doing',NULL,NULL,'Lakshmi Krishna Naturals',NULL,NULL,NULL,NULL),(1092,NULL,NULL,NULL,'94872 81447',NULL,'2025-03-14 00:00:00.000000',1,12,NULL,NULL,0,0,'NA',NULL,NULL,'Sakthi hygiene and healthcare Products LLP',NULL,NULL,NULL,NULL),(1093,NULL,NULL,NULL,'99525 35444',NULL,'2025-03-14 00:00:00.000000',1,12,NULL,NULL,0,0,'already doing someone',NULL,NULL,'Avvai Naturals',NULL,NULL,NULL,NULL),(1094,NULL,NULL,NULL,'78670 11378',NULL,'2025-03-14 00:00:00.000000',1,12,NULL,NULL,0,0,NULL,NULL,NULL,'Tuyabeauty',NULL,NULL,NULL,NULL),(1095,NULL,NULL,NULL,'95240 20999',NULL,'2025-03-14 00:00:00.000000',1,12,NULL,NULL,0,0,'not required',NULL,NULL,'Reyo',NULL,NULL,NULL,NULL),(1096,NULL,NULL,NULL,'93636 77900',NULL,'2025-03-14 00:00:00.000000',1,12,NULL,NULL,0,0,'20/03/2025- she told to caal tom morning 11 am owner will be there , gayatri told owner is not available now , share me your details will check with her - cb',NULL,NULL,'Homepour',NULL,NULL,'2025-03-25 05:31:31.844561',NULL),(1097,NULL,NULL,NULL,'9944674994',NULL,'2025-03-14 00:00:00.000000',1,12,NULL,NULL,0,0,'line busy',NULL,NULL,'KRD Food Products',NULL,NULL,NULL,NULL),(1098,NULL,NULL,NULL,'8056589655',NULL,'2025-03-14 00:00:00.000000',1,12,NULL,NULL,0,0,'20/03/2025- Not intereated , 19/03/2025- NA , 13/03/2025- she was busy talk to you later cb 2pm , kiruthika - she asked to share profile will talk about this tom - cb',NULL,NULL,'Vainavi Goodies',NULL,NULL,'2025-03-25 05:32:10.251267',NULL),(1099,NULL,NULL,NULL,'7418399931',NULL,'2025-03-14 00:00:00.000000',1,12,NULL,NULL,0,0,'na',NULL,NULL,'The Healing Hills',NULL,NULL,NULL,NULL),(1100,NULL,NULL,NULL,'7358954999',NULL,'2025-03-14 00:00:00.000000',1,12,NULL,NULL,0,0,'he told to share details will discuss then if need - cb',NULL,NULL,'LOTUS Wellness and Rehabilitation Center',NULL,NULL,NULL,NULL),(1101,NULL,NULL,NULL,'73736 44444',NULL,'2025-03-14 00:00:00.000000',1,12,NULL,NULL,0,0,'not required alredy have',NULL,NULL,'Abhasa rehab & wellness',NULL,NULL,NULL,NULL),(1102,NULL,NULL,NULL,'9791740132',NULL,'2025-03-14 00:00:00.000000',1,12,NULL,NULL,0,0,'not required',NULL,NULL,'AALAM Wellness',NULL,NULL,NULL,NULL),(1103,NULL,NULL,NULL,'93635 07475',NULL,'2025-03-14 00:00:00.000000',1,12,NULL,NULL,0,0,NULL,NULL,NULL,'Cryoko',NULL,NULL,NULL,NULL),(1104,NULL,NULL,NULL,'9500833999',NULL,'2025-03-14 00:00:00.000000',1,12,NULL,NULL,0,0,'share details if need will call',NULL,NULL,'Jai Knit Creations',NULL,NULL,NULL,NULL),(1105,NULL,NULL,NULL,'9894514382',NULL,'2025-03-14 00:00:00.000000',1,12,NULL,NULL,0,0,'disconnected after intro',NULL,NULL,'SRI VARSHINI KNIT FASHION',NULL,NULL,NULL,NULL),(1106,NULL,NULL,NULL,'9894229234',NULL,'2025-03-14 00:00:00.000000',1,12,NULL,NULL,0,0,NULL,NULL,NULL,'A.G.R. APPARELS',NULL,NULL,NULL,NULL),(1107,NULL,NULL,NULL,'77089 46999',NULL,'2025-03-14 00:00:00.000000',1,12,NULL,NULL,0,0,'call later not right time , calll tom - cb',NULL,NULL,'Avish Fashion Pvt Ltd',NULL,NULL,NULL,NULL),(1108,NULL,NULL,NULL,'95430 55669',NULL,'2025-03-14 00:00:00.000000',1,12,NULL,NULL,0,0,'not required',NULL,NULL,'Sri Gayathri Engineering',NULL,NULL,NULL,NULL),(1109,NULL,NULL,NULL,'4222530649',NULL,'2025-03-14 00:00:00.000000',1,12,NULL,NULL,0,0,'na',NULL,NULL,'Nathan Industries',NULL,NULL,NULL,NULL),(1111,'Maheshwaran',NULL,NULL,'9789420678',NULL,'2025-03-14 00:00:00.000000',1,12,NULL,374,1,0,'11/03/2025- NA , 24/12- NA , 23/12/2-024- asked for a meeting tom team will have a call initially , they want website asked to share portfolio , he will check will the MD and told MD lives in Cbe will meet - follow up',NULL,NULL,'Theni Guru Krishna Textile Mills PvtLtd.',NULL,NULL,'2025-04-03 04:46:40.434821',NULL),(1112,NULL,NULL,NULL,'81243 81245',NULL,'2025-03-14 00:00:00.000000',1,12,NULL,NULL,0,0,'cb tom',NULL,NULL,'Ranjini Handmade Herbal Hair Oil',NULL,NULL,NULL,NULL),(1113,NULL,NULL,NULL,'9787871117',NULL,'2025-03-14 00:00:00.000000',1,12,NULL,NULL,0,0,'not required',NULL,NULL,'chemicals free life',NULL,NULL,NULL,NULL),(1114,NULL,NULL,NULL,'9842312001',NULL,'2025-03-14 00:00:00.000000',1,12,NULL,NULL,0,0,'already cousin doing',NULL,NULL,'Dharani Herbbals',NULL,NULL,NULL,NULL),(1115,NULL,NULL,NULL,'93543 59991',NULL,'2025-03-14 00:00:00.000000',1,12,NULL,NULL,0,0,'line busy',NULL,NULL,'advitya herbals',NULL,NULL,NULL,NULL),(1116,NULL,NULL,NULL,'8148223227',NULL,'2025-03-14 00:00:00.000000',1,12,NULL,NULL,0,0,'not required',NULL,NULL,'Induveraa Natural\'s Hair oil',NULL,NULL,NULL,NULL),(1117,NULL,NULL,NULL,'9486633869',NULL,'2025-03-14 00:00:00.000000',1,12,NULL,NULL,0,0,'she will discuss my husband and let yo know',NULL,NULL,'SHREE HERBAL',NULL,NULL,NULL,NULL),(1118,NULL,NULL,NULL,'95243 75200',NULL,'2025-03-14 00:00:00.000000',1,12,NULL,NULL,0,0,'not answered',NULL,NULL,'GCT Nature\'s Products',NULL,NULL,NULL,NULL),(1119,NULL,NULL,NULL,'9655487123',NULL,'2025-03-14 00:00:00.000000',1,12,NULL,NULL,0,0,'not required',NULL,NULL,'RED BEAUTY HERBAL PRODUCTS',NULL,NULL,NULL,NULL),(1120,NULL,NULL,NULL,'81110 53434',NULL,'2025-03-14 00:00:00.000000',1,12,NULL,NULL,0,0,NULL,NULL,NULL,'Aara Naturals',NULL,NULL,NULL,NULL),(1121,NULL,NULL,NULL,'9688555845',NULL,'2025-03-14 00:00:00.000000',1,12,NULL,NULL,0,0,NULL,NULL,NULL,'1LIFE NUTRITION Protein & Supplements',NULL,NULL,NULL,NULL),(1122,NULL,NULL,NULL,'74484 42644',NULL,'2025-03-14 00:00:00.000000',1,12,NULL,NULL,0,0,'alreday have team , if in future',NULL,NULL,'Nutripharm Protein & Supplement',NULL,NULL,NULL,NULL),(1123,NULL,NULL,NULL,'7092710914',NULL,'2025-03-14 00:00:00.000000',1,12,NULL,NULL,0,0,'owner is in another call once he finish will cb',NULL,NULL,'Herblis Healthcare',NULL,NULL,NULL,NULL),(1124,NULL,NULL,NULL,'95006 60352',NULL,'2025-03-14 00:00:00.000000',1,12,NULL,NULL,0,0,'disconnected after intro',NULL,NULL,'Yuvadhi Lifestyle LLP',NULL,NULL,NULL,NULL),(1125,NULL,NULL,NULL,'9840140131',NULL,'2025-03-14 00:00:00.000000',1,12,NULL,NULL,0,0,'out of ser',NULL,NULL,'Sarvayush Naturals',NULL,NULL,NULL,NULL),(1126,NULL,NULL,NULL,'9943199431',NULL,'2025-03-14 00:00:00.000000',1,12,NULL,NULL,0,0,'not required',NULL,NULL,'Roopa Cosmetics',NULL,NULL,NULL,NULL),(1127,NULL,NULL,NULL,'63797 60367',NULL,'2025-03-14 00:00:00.000000',1,12,NULL,NULL,0,0,'not required',NULL,NULL,'SURUL CHETTINAD AYURVEDIC',NULL,NULL,NULL,NULL),(1128,NULL,NULL,NULL,'9894554889',NULL,'2025-03-14 00:00:00.000000',1,12,NULL,NULL,0,0,'7305410694',NULL,NULL,'IHA Natural Soap',NULL,NULL,NULL,NULL),(1129,NULL,NULL,NULL,'9489167173',NULL,'2025-03-14 00:00:00.000000',1,12,NULL,NULL,0,0,'Not required',NULL,NULL,'Arul soapnut powder company (7006 herbals)',NULL,NULL,NULL,NULL),(1130,NULL,NULL,NULL,'99433 88591',NULL,'2025-03-14 00:00:00.000000',1,12,NULL,NULL,0,0,'Not required',NULL,NULL,'V.S. Chellam Soap & Detergent',NULL,NULL,NULL,NULL),(1131,NULL,NULL,NULL,'8525876678',NULL,'2025-03-14 00:00:00.000000',1,12,NULL,NULL,0,0,'MD already have friends who do , if need',NULL,NULL,'Sana\'s Bridal Boutique and Makeup Studio',NULL,NULL,NULL,NULL),(1132,NULL,NULL,NULL,'9677880333',NULL,'2025-03-14 00:00:00.000000',1,12,NULL,NULL,0,0,'she told wverything done if need will let you know',NULL,NULL,'Radiance Skin Hair & Laser Clinic',NULL,NULL,NULL,NULL),(1133,NULL,NULL,NULL,'7448724435',NULL,'2025-03-14 00:00:00.000000',1,12,NULL,NULL,0,0,'not interested',NULL,NULL,'Lakshini Skin and hair centre',NULL,NULL,NULL,NULL),(1134,NULL,NULL,NULL,'8110071123',NULL,'2025-03-14 00:00:00.000000',1,12,NULL,NULL,0,0,'dr is not available , cb tom morning between 11am  to 1pm',NULL,NULL,'Shubiksha HAIR TRANSPLANT and SKIN Clinic',NULL,NULL,NULL,NULL),(1135,NULL,NULL,NULL,'9597632293',NULL,'2025-03-14 00:00:00.000000',1,12,NULL,NULL,0,0,'cb tom',NULL,NULL,'Look young hair care studio',NULL,NULL,NULL,NULL),(1136,NULL,NULL,NULL,'9994565964',NULL,'2025-03-14 00:00:00.000000',1,12,NULL,NULL,0,0,'na',NULL,NULL,'BLUE MOUNTAIN HAIR',NULL,NULL,NULL,NULL),(1137,NULL,NULL,NULL,'99621 69902',NULL,'2025-03-14 00:00:00.000000',1,12,NULL,NULL,0,0,'we already have no need',NULL,NULL,'DermiiZ Skin and Hair Clinic',NULL,NULL,NULL,NULL),(1138,NULL,NULL,NULL,'81108 11000',NULL,'2025-03-14 00:00:00.000000',1,12,NULL,NULL,0,0,'cb afternoon',NULL,NULL,'Cuticare',NULL,NULL,NULL,NULL),(1139,NULL,NULL,NULL,'9600389986',NULL,'2025-03-14 00:00:00.000000',1,12,NULL,NULL,0,0,'Dr is not there cb later',NULL,NULL,'Livi\'s Cosmo & Aesthetic Clinic',NULL,NULL,NULL,NULL),(1140,NULL,NULL,NULL,'7094777711',NULL,'2025-03-14 00:00:00.000000',1,12,NULL,NULL,0,0,'not required',NULL,NULL,'Mithran Healthcare Centre Trichy',NULL,NULL,NULL,NULL),(1174,'Ritesh Moti Chablani',NULL,NULL,'9841099986',NULL,'2025-03-14 00:00:00.000000',1,18,NULL,NULL,0,0,'No requirements',NULL,NULL,'Centrezone India (OPC) Pvt. Ltd.',NULL,NULL,NULL,NULL),(1175,'Alexander Job Neroth',NULL,NULL,'9843024223',NULL,'2025-03-14 00:00:00.000000',1,18,NULL,NULL,0,0,'Not interested',NULL,NULL,'N.C. John Garments Pvt. Ltd.',NULL,NULL,NULL,NULL),(1176,'Amit Kumar Prashad',NULL,NULL,'9443166073',NULL,'2025-03-14 00:00:00.000000',1,18,NULL,NULL,0,0,'Share details need call',NULL,NULL,'Petexx India Exports',NULL,NULL,NULL,NULL),(1177,'S. Thiumoorthy',NULL,NULL,'91-9944417217',NULL,'2025-03-14 00:00:00.000000',1,18,NULL,NULL,0,0,'Share details need call',NULL,NULL,'TDI International',NULL,NULL,NULL,NULL),(1178,'Manoj Tandon',NULL,NULL,'91-9311055151',NULL,'2025-03-14 00:00:00.000000',1,18,NULL,NULL,0,0,'No requirements',NULL,NULL,'T. T. Limited',NULL,NULL,NULL,NULL),(1179,'P. Nagaraj & Rajkumar . P',NULL,NULL,'9047011795',NULL,'2025-03-14 00:00:00.000000',1,18,NULL,NULL,0,0,'No requirements',NULL,NULL,'Hasini Fashion',NULL,NULL,NULL,NULL),(1180,'John Bosco',NULL,NULL,'8754689261',NULL,'2025-03-14 00:00:00.000000',1,18,NULL,NULL,0,0,NULL,NULL,NULL,'Poppys Apparels',NULL,NULL,NULL,NULL),(1181,'Ashwin Sreedhar, Jaganathan T',NULL,NULL,'9894511117/ 9994386848',NULL,'2025-03-14 00:00:00.000000',1,18,NULL,NULL,0,0,'No requirements',NULL,NULL,'Danavarshini Exports Pvt. Ltd.',NULL,NULL,NULL,NULL),(1182,'D.Rajendran',NULL,NULL,'9443301575',NULL,'2025-03-14 00:00:00.000000',1,18,NULL,NULL,0,0,'No need',NULL,NULL,'Gokula Texnits',NULL,NULL,NULL,NULL),(1183,NULL,NULL,NULL,'9894657747',NULL,'2025-03-14 00:00:00.000000',1,18,NULL,NULL,0,0,'Busy',NULL,NULL,'Dharshini Impex Pvt Ltd',NULL,NULL,NULL,NULL),(1184,NULL,NULL,NULL,'090030 54888',NULL,'2025-03-14 00:00:00.000000',1,18,NULL,NULL,0,0,'Ring',NULL,NULL,'Draeger India Private Limited',NULL,NULL,NULL,NULL),(1185,NULL,NULL,NULL,'078715 31777',NULL,'2025-03-14 00:00:00.000000',1,18,NULL,NULL,0,0,'Call 1week later',NULL,NULL,'Anbu Sri Sai Home Health Care',NULL,NULL,NULL,NULL),(1186,NULL,NULL,NULL,'099445 33888',NULL,'2025-03-14 00:00:00.000000',1,18,NULL,NULL,0,0,'No need',NULL,NULL,'RANDALL MEDICAL TECHNOLOGIES PRIVATE LIMITED',NULL,NULL,NULL,NULL),(1187,NULL,NULL,NULL,'0422 253 3806',NULL,'2025-03-14 00:00:00.000000',1,18,NULL,NULL,0,0,'No need',NULL,NULL,'Staan Biomed Engineering Pvt Ltd',NULL,NULL,NULL,NULL),(1188,NULL,NULL,NULL,'073971 19444',NULL,'2025-03-14 00:00:00.000000',1,18,NULL,NULL,0,0,'Need call',NULL,NULL,'HappyMeds Solutions',NULL,NULL,NULL,NULL),(1189,NULL,NULL,NULL,'095009 68012',NULL,'2025-03-14 00:00:00.000000',1,18,NULL,NULL,0,0,'Out of service',NULL,NULL,'Lakshmi Medical Devices',NULL,NULL,NULL,NULL),(1190,NULL,NULL,NULL,'099449 34352',NULL,'2025-03-14 00:00:00.000000',1,18,NULL,NULL,0,0,'No requirements',NULL,NULL,'Surabi Biomedical Instrumentation',NULL,NULL,NULL,NULL),(1191,NULL,NULL,NULL,'7418574555',NULL,'2025-03-14 00:00:00.000000',1,18,NULL,NULL,0,0,'No requirements',NULL,NULL,'Vibash Coimbatore Surgical Private Limited',NULL,NULL,NULL,NULL),(1192,NULL,NULL,NULL,'088830 11166',NULL,'2025-03-14 00:00:00.000000',1,18,NULL,NULL,0,0,'Ring',NULL,NULL,'Sri Mathurams Medical Engineering',NULL,NULL,NULL,NULL),(1193,NULL,NULL,NULL,'093459 13166',NULL,'2025-03-14 00:00:00.000000',1,18,NULL,NULL,0,0,'Having team',NULL,NULL,'Fishman Health Care',NULL,NULL,NULL,NULL),(1194,NULL,NULL,NULL,'9188907856',NULL,'2025-03-14 00:00:00.000000',1,18,NULL,NULL,0,0,'No requirements',NULL,NULL,'NIOX MEDI SYSTEMS',NULL,NULL,NULL,NULL),(1195,NULL,NULL,NULL,'080 4860 2265',NULL,'2025-03-14 00:00:00.000000',1,18,NULL,NULL,0,0,'No requirements',NULL,NULL,'SREE KRISHNAA INDUSTRIES',NULL,NULL,NULL,NULL),(1196,NULL,NULL,NULL,'077085 91434',NULL,'2025-03-14 00:00:00.000000',1,18,NULL,NULL,0,0,'No requirements',NULL,NULL,'Raimond Surgicals',NULL,NULL,NULL,NULL),(1197,NULL,NULL,NULL,'093827 66778',NULL,'2025-03-14 00:00:00.000000',1,18,NULL,NULL,0,0,'No need',NULL,NULL,'HITWIN HEALTHCARE PVT LTD',NULL,NULL,NULL,NULL),(1198,NULL,NULL,NULL,'080 4860 3505',NULL,'2025-03-14 00:00:00.000000',1,18,NULL,NULL,0,0,'Ring',NULL,NULL,'S.KUMAR ENGINEERING WORKS',NULL,NULL,NULL,NULL),(1199,NULL,NULL,NULL,'070105 39681',NULL,'2025-03-14 00:00:00.000000',1,18,NULL,NULL,0,0,'No need',NULL,NULL,'Saferx Medical Supplies Private Limited',NULL,NULL,NULL,NULL),(1200,NULL,NULL,NULL,'098422 52678',NULL,'2025-03-14 00:00:00.000000',1,18,NULL,NULL,0,0,'No need',NULL,NULL,'Sun Surgicals',NULL,NULL,NULL,NULL),(1201,NULL,NULL,NULL,'096294 24170',NULL,'2025-03-14 00:00:00.000000',1,18,NULL,NULL,0,0,'Not interested',NULL,NULL,'Sahayatha healthcare',NULL,NULL,NULL,NULL),(1202,NULL,NULL,NULL,'099409 24443',NULL,'2025-03-14 00:00:00.000000',1,18,NULL,NULL,0,0,'out of service',NULL,NULL,'Promax Enterprises',NULL,NULL,NULL,NULL),(1203,NULL,NULL,NULL,'091503 06633',NULL,'2025-03-14 00:00:00.000000',1,18,NULL,NULL,0,0,'No requirements',NULL,NULL,'Vaarun Surgicals',NULL,NULL,NULL,NULL),(1204,'Sudhakar',NULL,NULL,'9884066651',NULL,'2025-03-14 00:00:00.000000',1,18,NULL,NULL,0,0,'Ring',NULL,NULL,'Radiforz',NULL,NULL,NULL,NULL),(1205,NULL,NULL,NULL,'9991836695',NULL,'2025-03-14 00:00:00.000000',1,18,NULL,NULL,0,0,'No requirements',NULL,NULL,'Iplon',NULL,NULL,NULL,NULL),(1206,'Himanshu jaiswal',NULL,NULL,'98450 48491 - 80409 02226',NULL,'2025-03-14 00:00:00.000000',1,18,NULL,NULL,0,0,'busy',NULL,NULL,'Indus Intex Pvt Ltd - India',NULL,NULL,NULL,NULL),(1207,'Indureka','CEO',3,'9789025141','ramu@irepute.co.in','2025-03-17 00:00:00.000000',1,11,2,306,0,0,'she is a point of contact',4,NULL,NULL,'Ramu Lead',NULL,NULL,NULL),(1208,'Sathish',NULL,NULL,'070924 19707',NULL,'2025-03-17 00:00:00.000000',1,18,NULL,NULL,0,0,'Share details he will inform to this MD',NULL,NULL,'Gramathupaal',NULL,NULL,NULL,NULL),(1209,'Uma',NULL,NULL,'099942 41894',NULL,'2025-03-17 00:00:00.000000',1,18,NULL,NULL,0,0,'Share details need call',NULL,NULL,'Shreem Dairy',NULL,NULL,NULL,NULL),(1210,NULL,NULL,NULL,'099944 99001',NULL,'2025-03-17 00:00:00.000000',1,18,NULL,NULL,0,0,'He will call',NULL,NULL,'Gopal Ghee',NULL,NULL,NULL,NULL),(1211,NULL,NULL,NULL,'095979 85097',NULL,'2025-03-17 00:00:00.000000',1,18,NULL,NULL,0,0,'Swithc off',NULL,NULL,'Ghee Factory - Chandra Dairy',NULL,NULL,NULL,NULL),(1212,NULL,NULL,NULL,'098949 96869',NULL,'2025-03-17 00:00:00.000000',1,18,NULL,NULL,0,0,'Having team',NULL,NULL,'Brindhavan Dairy',NULL,NULL,NULL,NULL),(1213,NULL,NULL,NULL,'9940 80 7226',NULL,'2025-03-17 00:00:00.000000',1,18,NULL,NULL,0,0,'No idea',NULL,NULL,'Nalam Dairy Products',NULL,NULL,NULL,NULL),(1214,'Dhilip',NULL,NULL,'0422 435 7198 - 887000202',NULL,'2025-03-17 00:00:00.000000',1,18,NULL,NULL,0,0,'Share details need call',NULL,NULL,'MLP Balakrishna Ghee',NULL,NULL,NULL,NULL),(1215,NULL,NULL,NULL,'088255 85893',NULL,'2025-03-17 00:00:00.000000',1,18,NULL,NULL,0,0,'No need',NULL,NULL,'VilFresh Corporate Office',NULL,NULL,NULL,NULL),(1216,NULL,NULL,NULL,'094884 42002',NULL,'2025-03-17 00:00:00.000000',1,18,NULL,NULL,0,0,'Num not exist',NULL,NULL,'Krishna Dairy',NULL,NULL,NULL,NULL),(1217,NULL,NULL,NULL,'099400 04599',NULL,'2025-03-17 00:00:00.000000',1,18,NULL,NULL,0,0,'Ring',NULL,NULL,'Smart Engineering',NULL,NULL,NULL,NULL),(1218,NULL,NULL,NULL,'098427 46569',NULL,'2025-03-17 00:00:00.000000',1,18,NULL,NULL,0,0,'No requirements',NULL,NULL,'Akshaya Dairy Machinerss',NULL,NULL,NULL,NULL),(1219,NULL,NULL,NULL,'090705 07050',NULL,'2025-03-17 00:00:00.000000',1,18,NULL,NULL,0,0,'No need',NULL,NULL,'Rudhra Dairy Farm Suppliers',NULL,NULL,NULL,NULL),(1220,NULL,NULL,NULL,'0422 223 6537',NULL,'2025-03-17 00:00:00.000000',1,18,NULL,NULL,0,0,'Num not exist',NULL,NULL,'Sri Murugan Dairy',NULL,NULL,NULL,NULL),(1221,NULL,NULL,NULL,'095855 35996',NULL,'2025-03-17 00:00:00.000000',1,18,NULL,NULL,0,0,'No requirements',NULL,NULL,'Dairy Man Engineering',NULL,NULL,NULL,NULL),(1222,NULL,NULL,NULL,'073394 71444',NULL,'2025-03-17 00:00:00.000000',1,18,NULL,NULL,0,0,'Num not exist',NULL,NULL,'Blue Mount Dairy',NULL,NULL,NULL,NULL),(1223,NULL,NULL,NULL,'081108 57079',NULL,'2025-03-17 00:00:00.000000',1,18,NULL,NULL,0,0,'No requirements',NULL,NULL,'Mahaganapathi Dairy',NULL,NULL,NULL,NULL),(1224,NULL,NULL,NULL,'090424 71010',NULL,'2025-03-17 00:00:00.000000',1,18,NULL,NULL,0,0,'Ring',NULL,NULL,'Modern Dairy Machines',NULL,NULL,NULL,NULL),(1225,'Nagaraj',NULL,NULL,'098430 21610',NULL,'2025-03-17 00:00:00.000000',1,18,NULL,NULL,0,0,'Share details need call',NULL,NULL,'Universal Dairy Equipments',NULL,NULL,NULL,NULL),(1226,NULL,NULL,NULL,'9837051451',NULL,'2025-03-17 00:00:00.000000',1,18,NULL,NULL,0,0,'Share details',NULL,NULL,'D S M SOLE PRODUCTS PRIVATE LIMITED',NULL,NULL,NULL,NULL),(1227,NULL,NULL,NULL,'9943743377',NULL,'2025-03-17 00:00:00.000000',1,18,NULL,NULL,0,0,'Ask to share details',NULL,NULL,'Koliyot Speciality Chemicals Private Limited',NULL,NULL,NULL,NULL),(1228,NULL,NULL,NULL,'9870265955',NULL,'2025-03-17 00:00:00.000000',1,18,NULL,NULL,0,0,'Out of network',NULL,NULL,'Shakti Tex Coaters Pvt Ltd',NULL,NULL,NULL,NULL),(1229,NULL,NULL,NULL,'80-2665 5691',NULL,'2025-03-17 00:00:00.000000',1,18,NULL,NULL,0,0,'Ring',NULL,NULL,'Intek Tapes Pvt Ltd',NULL,NULL,NULL,NULL),(1230,NULL,NULL,NULL,'9810035220',NULL,'2025-03-17 00:00:00.000000',1,18,NULL,NULL,0,0,'No response',NULL,NULL,'Annu Industries Pvt Ltd',NULL,NULL,NULL,NULL),(1231,NULL,NULL,NULL,'7060044556',NULL,'2025-03-17 00:00:00.000000',1,18,NULL,NULL,0,0,'Ring',NULL,NULL,'Stuck Chemicals Pvt Ltd',NULL,NULL,NULL,NULL),(1232,NULL,NULL,NULL,'9750451176',NULL,'2025-03-17 00:00:00.000000',1,18,NULL,NULL,0,0,'Concern person will call',NULL,NULL,'Dr Kanaks Skin Hair & Cosmetology Clinic',NULL,NULL,NULL,NULL),(1233,NULL,NULL,NULL,'95975 13705',NULL,'2025-03-17 00:00:00.000000',1,18,NULL,NULL,0,0,'Ring',NULL,NULL,'Sarvin Skin and Laser',NULL,NULL,NULL,NULL),(1234,NULL,NULL,NULL,'96297 29294',NULL,'2025-03-17 00:00:00.000000',1,18,NULL,NULL,0,0,'Share details',NULL,NULL,'Vignesh cosmetology Treatment Centre',NULL,NULL,NULL,NULL),(1235,NULL,NULL,NULL,'8300060202',NULL,'2025-03-17 00:00:00.000000',1,18,NULL,NULL,0,0,'Share details',NULL,NULL,'MG Skin Hair clinic',NULL,NULL,NULL,NULL),(1236,NULL,NULL,NULL,'9600133394',NULL,'2025-03-17 00:00:00.000000',1,18,NULL,NULL,0,0,'Share details need call',NULL,NULL,'CAPILLA COSMETIC CENTRE',NULL,NULL,NULL,NULL),(1237,NULL,NULL,NULL,'93604 31976',NULL,'2025-03-17 00:00:00.000000',1,18,NULL,NULL,0,0,'No requirements',NULL,NULL,'LeThia Cares',NULL,NULL,NULL,NULL),(1238,NULL,NULL,NULL,'63823 64547',NULL,'2025-03-17 00:00:00.000000',1,18,NULL,NULL,0,0,'Share details need call',NULL,NULL,'Dr. Priya\'s Radiance Skin',NULL,NULL,NULL,NULL),(1239,NULL,NULL,NULL,'9626671671',NULL,'2025-03-17 00:00:00.000000',1,18,NULL,NULL,0,0,'No requirements',NULL,NULL,'Salon Manthra',NULL,NULL,NULL,NULL),(1240,NULL,NULL,NULL,'63795 50120',NULL,'2025-03-17 00:00:00.000000',1,18,NULL,NULL,0,0,'No response',NULL,NULL,'YoYo Unisex Salon & Bridal Studio',NULL,NULL,NULL,NULL),(1241,NULL,NULL,NULL,'63805 98588',NULL,'2025-03-17 00:00:00.000000',1,18,NULL,NULL,0,0,'No requirements',NULL,NULL,'White Elephant Signature Unisex Salon',NULL,NULL,NULL,NULL),(1242,NULL,NULL,NULL,'9944477752',NULL,'2025-03-17 00:00:00.000000',1,18,NULL,NULL,0,0,'Not interested',NULL,NULL,'Elite Tress',NULL,NULL,NULL,NULL),(1243,NULL,NULL,NULL,'97870 70070',NULL,'2025-03-17 00:00:00.000000',1,18,NULL,NULL,0,0,'Share details need call',NULL,NULL,'A to Z Skin Clinic',NULL,NULL,NULL,NULL),(1244,NULL,NULL,NULL,'9095859707 / 8056969805',NULL,'2025-03-17 00:00:00.000000',1,18,NULL,NULL,0,0,'No requirements',NULL,NULL,'Radiance Unisex Salon & Bridal Makeup Studio',NULL,NULL,NULL,NULL),(1245,NULL,NULL,NULL,'6380979713',NULL,'2025-03-17 00:00:00.000000',1,18,NULL,NULL,0,0,'Share details need call',NULL,NULL,'Dr. Kozmetic',NULL,NULL,NULL,NULL),(1246,NULL,NULL,NULL,'8438221905',NULL,'2025-03-17 00:00:00.000000',1,11,5,NULL,0,0,NULL,4,NULL,'Ion Techniques',NULL,NULL,NULL,NULL),(1247,NULL,NULL,NULL,'9442177699',NULL,'2025-03-17 00:00:00.000000',1,11,2,NULL,0,0,'17.03.25	he will asks his son, if need will call back',4,NULL,'U. K. Engineering Works',NULL,NULL,NULL,NULL),(1248,NULL,NULL,NULL,'9786500188',NULL,'2025-03-17 00:00:00.000000',1,11,NULL,NULL,0,0,'17.03.25	not exist',NULL,NULL,'Periyasamy Hydraulic Equipments',NULL,NULL,NULL,NULL),(1249,'Sanjiv','Owner',NULL,'9585525855',NULL,'2025-03-18 00:00:00.000000',1,18,2,361,1,0,'Requirements in Brochure',4,NULL,'MAHENDRA SPRING TEK','Google',NULL,'2025-04-08 04:31:35.499064',NULL),(1250,'Karthiga','TL',NULL,'7305040098',NULL,'2025-03-18 00:00:00.000000',1,18,2,369,1,0,'Requirements in DM Details Shared',4,NULL,'Qualfis','Linkedin',NULL,'2025-03-26 10:17:43.835613',NULL),(1251,'Suraj',NULL,NULL,'9751602245',NULL,'2025-03-18 00:00:00.000000',1,12,NULL,362,1,0,'he asked for branding DM SMno website for now he stuck in expo after 26 will can have a talk',4,NULL,'SRI PADMARAJ JEWELLERS',NULL,NULL,'2025-03-26 12:12:51.057552',NULL),(1252,'Nantha Kumar',NULL,NULL,'8526981154',NULL,'2025-03-18 00:00:00.000000',1,12,2,363,1,0,'he do everthing as whole , doing good in leads , he say how you work different from he spends 2500 per day for ads and get good leads 2000 leads per day .',4,NULL,'Herbs Leaf Cosmetics',NULL,NULL,NULL,NULL),(1253,'7200010122',NULL,NULL,'7200010122',NULL,'2025-03-19 00:00:00.000000',1,18,NULL,NULL,0,0,'No need',NULL,NULL,'Sivarajavel IAS Academy',NULL,NULL,NULL,NULL),(1254,'94438 44441',NULL,NULL,'94438 44441',NULL,'2025-03-19 00:00:00.000000',1,18,NULL,NULL,0,0,'Share Details need call',NULL,NULL,'Gurunath IAS Academy',NULL,NULL,NULL,NULL),(1255,'98400 51101',NULL,NULL,'98400 51101',NULL,'2025-03-19 00:00:00.000000',1,18,NULL,NULL,0,0,'No requirements',NULL,NULL,'Shankar IAS Academy Trichy',NULL,NULL,NULL,NULL),(1256,'99422 13225',NULL,NULL,'99422 13225',NULL,'2025-03-19 00:00:00.000000',1,18,NULL,NULL,0,0,'Ring',NULL,NULL,'Bharathi IAS Academy',NULL,NULL,NULL,NULL),(1257,'94442 27273',NULL,NULL,'94442 27273',NULL,'2025-03-19 00:00:00.000000',1,18,NULL,NULL,0,0,'concern person not avilable call tmrw',NULL,NULL,'KingMakers IAS Academy - Trichy Branch',NULL,NULL,NULL,NULL),(1258,'75029 90445',NULL,NULL,'75029 90445',NULL,'2025-03-19 00:00:00.000000',1,18,NULL,NULL,0,0,'Institute Closed',NULL,NULL,'CHENNAITAMIL IAS ACADEMY',NULL,NULL,NULL,NULL),(1259,'97897 87567',NULL,NULL,'97897 87567',NULL,'2025-03-19 00:00:00.000000',1,18,NULL,NULL,0,0,'Temporarly out of service',NULL,NULL,'RACE IAS Institute',NULL,NULL,NULL,NULL),(1260,'98425 54825',NULL,NULL,'98425 54825',NULL,'2025-03-19 00:00:00.000000',1,18,NULL,NULL,0,0,'Share Details need call',NULL,NULL,'NR IAS Academy',NULL,NULL,NULL,NULL),(1261,'99586 04645',NULL,NULL,'99586 04645',NULL,'2025-03-19 00:00:00.000000',1,18,NULL,NULL,0,0,'No Response',NULL,NULL,'SA IAS Academy',NULL,NULL,NULL,NULL),(1262,'044 4353 9988',NULL,NULL,'044 4353 9988',NULL,'2025-03-19 00:00:00.000000',1,18,NULL,NULL,0,0,'Num not avilable',NULL,NULL,'Kamaraj IAS Academy',NULL,NULL,NULL,NULL),(1263,'0452 435 4123',NULL,NULL,'0452 435 4123',NULL,'2025-03-19 00:00:00.000000',1,18,NULL,NULL,0,0,'need call',NULL,NULL,'Madurai IAS Academy',NULL,NULL,NULL,NULL),(1264,'98842 67599',NULL,NULL,'98842 67599',NULL,'2025-03-19 00:00:00.000000',1,18,NULL,NULL,0,0,'Switch off',NULL,NULL,'Unique IAS Academy, Coimbatore',NULL,NULL,NULL,NULL),(1265,'8248489782',NULL,NULL,'8248489782',NULL,'2025-03-19 00:00:00.000000',1,18,NULL,NULL,0,0,'Having inhouse team',NULL,NULL,'Officers IAS Academy, Chennai',NULL,NULL,NULL,NULL),(1266,'72002 22381',NULL,NULL,'72002 22381',NULL,'2025-03-19 00:00:00.000000',1,18,NULL,NULL,0,0,'No requirements',NULL,NULL,'Kalvi IAS Academy, Madurai',NULL,NULL,NULL,NULL),(1267,'74015 21948',NULL,NULL,'74015 21948',NULL,'2025-03-19 00:00:00.000000',1,18,NULL,NULL,0,0,'Share details his MD avilable on saturday call back',NULL,NULL,'SATHYA IAS Academy, Erode',NULL,NULL,NULL,NULL),(1268,'97900 66088',NULL,NULL,'97900 66088',NULL,'2025-03-19 00:00:00.000000',1,18,NULL,NULL,0,0,'Ring',NULL,NULL,'Chezhiyan IAS Academy, Salem',NULL,NULL,NULL,NULL),(1269,'8925519631',NULL,NULL,'8925519631',NULL,'2025-03-19 00:00:00.000000',1,18,NULL,NULL,0,0,'No incoming calls',NULL,NULL,'elkanah mattress',NULL,NULL,NULL,NULL),(1270,'9566670222',NULL,NULL,'9566670222',NULL,'2025-03-19 00:00:00.000000',1,18,NULL,NULL,0,0,'Need call',NULL,NULL,'Raenco Hotel Linen',NULL,NULL,NULL,NULL),(1271,'9447401994',NULL,NULL,'9447401994',NULL,'2025-03-19 00:00:00.000000',1,18,NULL,NULL,0,0,'Ring',NULL,NULL,'Riyon Latex Luxury Mattress',NULL,NULL,NULL,NULL),(1272,'70108 91010',NULL,NULL,'70108 91010',NULL,'2025-03-19 00:00:00.000000',1,18,NULL,NULL,0,0,'Tieup with other company',NULL,NULL,'GoBeds',NULL,NULL,NULL,NULL),(1273,'9865257609',NULL,NULL,'9865257609',NULL,'2025-03-19 00:00:00.000000',1,18,NULL,NULL,0,0,'Need call',NULL,NULL,'QUEEN BEDS',NULL,NULL,NULL,NULL),(1274,'74483 22234 / 8754388331',NULL,NULL,'74483 22234 / 8754388331',NULL,'2025-03-19 00:00:00.000000',1,18,NULL,NULL,0,0,'Busy',NULL,NULL,'Sleepstar mattress',NULL,NULL,NULL,NULL),(1275,'98420 18817',NULL,NULL,'98420 18817',NULL,'2025-03-19 00:00:00.000000',1,18,NULL,NULL,0,0,'Want to list his product ask price details shared',NULL,NULL,'Sri Nataraja Bed House',NULL,NULL,NULL,NULL),(1276,'9943181119',NULL,NULL,'9943181119',NULL,'2025-03-19 00:00:00.000000',1,18,NULL,NULL,0,0,'No requirements',NULL,NULL,'Sleeps Mattress',NULL,NULL,NULL,NULL),(1277,'99442 09778',NULL,NULL,'99442 09778',NULL,'2025-03-19 00:00:00.000000',1,18,NULL,NULL,0,0,'No Response',NULL,NULL,'Kovai pillow',NULL,NULL,NULL,NULL),(1278,'9787114111',NULL,NULL,'9787114111',NULL,'2025-03-19 00:00:00.000000',1,18,NULL,NULL,0,0,'No requirements',NULL,NULL,'Mithra Enterprises',NULL,NULL,NULL,NULL),(1279,'9443247668',NULL,NULL,'9443247668',NULL,'2025-03-19 00:00:00.000000',1,18,NULL,NULL,0,0,'No Response',NULL,NULL,'Covai Rubber Foams',NULL,NULL,NULL,NULL),(1280,'9677644200 / 9600889334',NULL,NULL,'9677644200 / 9600889334',NULL,'2025-03-19 00:00:00.000000',1,18,NULL,NULL,0,0,'Ring',NULL,NULL,'Deep nap mattress',NULL,NULL,NULL,NULL),(1281,'99408 10558 / 98422 83219',NULL,NULL,'99408 10558 / 98422 83219',NULL,'2025-03-19 00:00:00.000000',1,18,NULL,NULL,0,0,'Need call',NULL,NULL,'EUROTUFF',NULL,NULL,NULL,NULL),(1282,'95970 97779',NULL,NULL,'95970 97779',NULL,'2025-03-19 00:00:00.000000',1,18,NULL,NULL,0,0,'No need',NULL,NULL,'DREAM PRO MATTRESSES',NULL,NULL,NULL,NULL),(1283,NULL,NULL,NULL,'96013 59234',NULL,'2025-03-20 00:00:00.000000',1,12,NULL,NULL,0,0,'not required',NULL,NULL,'Shree Radhika Furniture',NULL,NULL,NULL,NULL),(1284,'Shanth Gounder',NULL,NULL,'9788 34 9702',NULL,'2025-03-20 00:00:00.000000',1,12,NULL,NULL,0,0,'no idea for now',NULL,NULL,'Sri Vinayaka PLASTECH Private Limited',NULL,NULL,NULL,NULL),(1285,'Jayakumar Subbian',NULL,NULL,'99422 02602',NULL,'2025-03-20 00:00:00.000000',1,12,NULL,NULL,0,0,NULL,NULL,NULL,'JKS Precision Engineering Pvt Ltd',NULL,NULL,NULL,NULL),(1286,'Vekkas Banssal',NULL,NULL,'82712-30000',NULL,'2025-03-20 00:00:00.000000',1,12,NULL,NULL,0,0,NULL,NULL,NULL,'Precision Industrial Fasteners',NULL,NULL,NULL,NULL),(1287,'Raoof Riaz',NULL,NULL,'811 0078 049',NULL,'2025-03-20 00:00:00.000000',1,12,NULL,NULL,0,0,'NA',NULL,NULL,'Raja Furniture',NULL,NULL,NULL,NULL),(1288,'Milin Shah',NULL,NULL,'86579 44323',NULL,'2025-03-20 00:00:00.000000',1,12,NULL,NULL,0,0,'busy cb later',NULL,NULL,'SAROM FAB PRIVATE LIMITED',NULL,NULL,NULL,NULL),(1289,'Krishna Moorthy',NULL,NULL,'8220506333',NULL,'2025-03-20 00:00:00.000000',1,12,NULL,NULL,0,0,'share profile in mail if need - cb',NULL,NULL,'clean tek',NULL,NULL,NULL,NULL),(1290,NULL,NULL,NULL,'9944131352',NULL,'2025-03-20 00:00:00.000000',1,12,NULL,NULL,0,0,'not required',NULL,NULL,'SS Green Tex',NULL,NULL,NULL,NULL),(1291,NULL,NULL,NULL,'98102 93060',NULL,'2025-03-20 00:00:00.000000',1,12,NULL,NULL,0,0,'not required',NULL,NULL,'Go pro Organic',NULL,NULL,NULL,NULL),(1292,NULL,NULL,NULL,'70946 70802',NULL,'2025-03-20 00:00:00.000000',1,12,NULL,NULL,0,0,'NA',NULL,NULL,'amuthamfashions',NULL,NULL,NULL,NULL),(1293,NULL,NULL,NULL,'9994899229',NULL,'2025-03-20 00:00:00.000000',1,12,NULL,NULL,0,0,'if need',NULL,NULL,'ohmsclothing',NULL,NULL,NULL,NULL),(1294,NULL,NULL,NULL,'7708933400',NULL,'2025-03-20 00:00:00.000000',1,12,NULL,NULL,0,0,'not required',NULL,NULL,'SILVERBACK APPARELS PVT LTD,',NULL,NULL,NULL,NULL),(1295,NULL,NULL,NULL,'8925856202',NULL,'2025-03-20 00:00:00.000000',1,12,NULL,NULL,0,0,'19/03- she gave rajkumar number he told not required already doing  ,raj kumar told mrking prson prashan kumar is not there cb tom',NULL,NULL,'AQJ APPARELES PVT. LTD.',NULL,NULL,'2025-03-25 05:06:45.195275',NULL),(1296,'Ajith',NULL,NULL,'917598177717',NULL,'2025-03-20 00:00:00.000000',1,12,NULL,NULL,0,0,'17/03/2025- client is looking for primium brand profile in Amazon market place , also looking for website and social media he have 10 products currently told our costing',NULL,NULL,'Sans Enterprise',NULL,NULL,NULL,NULL),(1297,'Sumith',NULL,NULL,'919987927068',NULL,'2025-03-20 00:00:00.000000',1,12,NULL,NULL,0,0,'24/03/2025- NA , 21/03/2025-owner is not there  17/03/2025- client looking for SM brand reach and Lead generation asked to share profile will discuss with team and get back',NULL,NULL,'Papelton Technologies, India',NULL,NULL,'2025-03-28 09:42:07.642863',NULL),(1298,NULL,NULL,NULL,'919819826058',NULL,'2025-03-20 00:00:00.000000',1,12,NULL,NULL,0,0,'17/03/2025- Na',NULL,NULL,'Vrushali Sukhadare, India',NULL,NULL,NULL,NULL),(1299,'Ravi IT',NULL,NULL,'8220666066',NULL,'2025-03-20 00:00:00.000000',1,11,2,366,1,0,'he asked for a Newsletter once a month, CSR activities updates in website',NULL,NULL,'Geena Garments Victus Dyeings',NULL,NULL,'2025-03-21 04:23:14.031409',NULL),(1300,NULL,NULL,NULL,'88707 00302',NULL,'2025-03-20 00:00:00.000000',1,11,NULL,NULL,0,0,'not ans',NULL,NULL,'Chellsons Packaging Pvt. Ltd',NULL,NULL,NULL,NULL),(1301,NULL,NULL,NULL,'78118 00800',NULL,'2025-03-20 00:00:00.000000',1,11,NULL,NULL,0,0,'no need',NULL,NULL,'Bell Graphics',NULL,NULL,NULL,NULL),(1302,NULL,NULL,NULL,'8056977477',NULL,'2025-03-20 00:00:00.000000',1,11,NULL,NULL,0,0,'have own team , no need',NULL,NULL,'Deccan Dynamics',NULL,NULL,NULL,NULL),(1303,NULL,NULL,NULL,'95009 54151',NULL,'2025-03-20 00:00:00.000000',1,11,NULL,NULL,0,0,'have a person , no need',NULL,NULL,'Apt Technologies',NULL,NULL,NULL,NULL),(1304,NULL,NULL,NULL,'9360080404',NULL,'2025-03-20 00:00:00.000000',1,11,NULL,NULL,0,0,'wrong number',NULL,NULL,'Unique Power Tools',NULL,NULL,NULL,NULL),(1305,NULL,NULL,NULL,'98430 33325',NULL,'2025-03-20 00:00:00.000000',1,11,NULL,NULL,0,0,'no need',NULL,NULL,'Salem PrintPack',NULL,NULL,NULL,NULL),(1306,NULL,NULL,NULL,'9629000358',NULL,'2025-03-20 00:00:00.000000',1,11,NULL,NULL,0,0,'out of network',NULL,NULL,'Enercon Asia Pacific Systems Private Limited',NULL,NULL,NULL,NULL),(1307,NULL,NULL,NULL,'94433 73641',NULL,'2025-03-20 00:00:00.000000',1,11,NULL,NULL,0,0,'out of network',NULL,NULL,'Italindia Packplus Private Limited',NULL,NULL,NULL,NULL),(1308,NULL,NULL,NULL,'95006 17638',NULL,'2025-03-20 00:00:00.000000',1,11,NULL,NULL,0,0,'line busy',NULL,NULL,'Five Fingers Exports India Private Limited',NULL,NULL,NULL,NULL),(1309,NULL,NULL,NULL,'9994966418',NULL,'2025-03-20 00:00:00.000000',1,11,NULL,NULL,0,0,'line busy',NULL,NULL,'Ventura Omnitech Private Limited',NULL,NULL,NULL,NULL),(1310,NULL,NULL,NULL,'95666 56133',NULL,'2025-03-20 00:00:00.000000',1,11,NULL,NULL,0,0,'no need',NULL,NULL,'Facile Machines',NULL,NULL,NULL,NULL),(1311,NULL,NULL,NULL,'98944 99992',NULL,'2025-03-20 00:00:00.000000',1,11,NULL,NULL,0,0,'not ans',NULL,NULL,'V. K. Engineering & Company',NULL,NULL,NULL,NULL),(1312,'Suresh',NULL,NULL,'9843262378',NULL,'2025-03-20 00:00:00.000000',1,11,2,NULL,0,0,'02.04.25	he will discuss & call back \n25.03.25	follow up him on WA\n24.03.25	not ans \n18.03.25 he asked to come directly & discuss',NULL,NULL,'SP Automation and Packaging Machine',NULL,NULL,'2025-04-02 10:40:59.529738',NULL),(1313,NULL,NULL,NULL,'8668098387',NULL,'2025-03-20 00:00:00.000000',1,11,NULL,NULL,0,0,'no need',NULL,NULL,'IPK Packaging India Private Limited',NULL,NULL,NULL,NULL),(1314,'Kirubha Karan',NULL,NULL,'94420 15057',NULL,'2025-03-20 00:00:00.000000',1,11,NULL,NULL,0,0,'if needed will call back',NULL,NULL,'Excell Pack Machines',NULL,NULL,NULL,NULL),(1315,NULL,NULL,NULL,'98431 23819',NULL,'2025-03-20 00:00:00.000000',1,11,NULL,NULL,0,0,'not ans',NULL,NULL,'Omega Equipment and Projects',NULL,NULL,NULL,NULL),(1316,NULL,NULL,NULL,'98430 57871',NULL,'2025-03-20 00:00:00.000000',1,11,NULL,NULL,0,0,'no need',NULL,NULL,'Harvest Innovative Machines LLP',NULL,NULL,NULL,NULL),(1317,NULL,NULL,NULL,'9962846399',NULL,'2025-03-20 00:00:00.000000',1,11,NULL,NULL,0,0,'if needed will call back',NULL,NULL,'Adroit Engineering Industries',NULL,NULL,NULL,NULL),(1318,NULL,NULL,NULL,'9842719261',NULL,'2025-03-20 00:00:00.000000',1,11,NULL,NULL,0,0,'no need',NULL,NULL,'SRI AANOOR AMMAN ENGINEERING WORKS',NULL,NULL,NULL,NULL),(1319,NULL,NULL,NULL,'94436 77432',NULL,'2025-03-20 00:00:00.000000',1,11,NULL,NULL,0,0,'no need',NULL,NULL,'Penguin Engineers',NULL,NULL,NULL,NULL),(1320,NULL,NULL,NULL,'8124227919',NULL,'2025-03-20 00:00:00.000000',1,11,NULL,NULL,0,0,'no need',NULL,NULL,'Fluid Flow Systems',NULL,NULL,NULL,NULL),(1321,NULL,NULL,NULL,'9894605211',NULL,'2025-03-20 00:00:00.000000',1,11,NULL,NULL,0,0,'no need',NULL,NULL,'Sri Kirthika International',NULL,NULL,NULL,NULL),(1322,NULL,NULL,NULL,'7010803627',NULL,'2025-03-20 00:00:00.000000',1,11,NULL,NULL,0,0,'no need',NULL,NULL,'Pallavan Exports',NULL,NULL,NULL,NULL),(1323,NULL,NULL,NULL,'98941 22222',NULL,'2025-03-20 00:00:00.000000',1,11,NULL,NULL,0,0,'not ans',NULL,NULL,'Nandhi Dall Mills',NULL,NULL,NULL,NULL),(1324,NULL,NULL,NULL,'92444 03211',NULL,'2025-03-20 00:00:00.000000',1,11,NULL,NULL,0,0,'want call morning time',NULL,NULL,'Allplasts',NULL,NULL,NULL,NULL),(1325,NULL,NULL,NULL,'99946 00036',NULL,'2025-03-20 00:00:00.000000',1,11,NULL,NULL,0,0,'no need',NULL,NULL,'Sovereign Ferrous & Steel Company',NULL,NULL,NULL,NULL),(1326,'Dineshkumar MD',NULL,NULL,'9894799999',NULL,'2025-03-20 00:00:00.000000',1,11,2,364,1,0,'19.03.25 meeting him asked about Corporate video & Logo, website, visited his factory',4,NULL,'Marks Engineering','Ramu linkedin marketing',NULL,'2025-04-11 11:13:23.482478',NULL),(1327,'Kannadasan Thirumalaisamy',NULL,NULL,'9840877123',NULL,'2025-03-20 00:00:00.000000',1,18,NULL,NULL,0,0,'Website error ask to share details',NULL,NULL,'Vilvam Garments',NULL,NULL,NULL,NULL),(1328,NULL,NULL,NULL,'096002 22988',NULL,'2025-03-20 00:00:00.000000',1,18,NULL,NULL,0,0,'Need call Having 4members for DM',NULL,NULL,'Shalom Mattress',NULL,NULL,NULL,NULL),(1329,NULL,NULL,NULL,'086085 07373',NULL,'2025-03-20 00:00:00.000000',1,18,NULL,NULL,0,0,'No need',NULL,NULL,'Natural Latex Mattress, Latex Pillows - Foams India Mattress',NULL,NULL,NULL,NULL),(1330,NULL,NULL,NULL,'099523 34006',NULL,'2025-03-20 00:00:00.000000',1,18,NULL,NULL,0,0,'Share details inform to his owner & call',NULL,NULL,'MM Foam - Natural Latex Mattress',NULL,NULL,NULL,NULL),(1331,'Thiruvannamalai',NULL,NULL,'91-9952 060 333',NULL,'2025-03-20 00:00:00.000000',1,18,NULL,NULL,0,0,'Switch off',NULL,NULL,'Oliva',NULL,NULL,NULL,NULL),(1332,NULL,NULL,NULL,'088382 27852',NULL,'2025-03-20 00:00:00.000000',1,18,NULL,NULL,0,0,'Tieup with other company',NULL,NULL,'Rolux Bedzz',NULL,NULL,NULL,NULL),(1333,NULL,NULL,NULL,'099422 02423',NULL,'2025-03-20 00:00:00.000000',1,18,NULL,NULL,0,0,'No requirements',NULL,NULL,'Bed Ford Fabrics',NULL,NULL,NULL,NULL),(1334,NULL,NULL,NULL,'84014 84482',NULL,'2025-03-20 00:00:00.000000',1,18,NULL,NULL,0,0,'No idea',NULL,NULL,'Sri Rajalakshmi Furniture and Beds',NULL,NULL,NULL,NULL),(1335,NULL,NULL,NULL,'8047026786',NULL,'2025-03-20 00:00:00.000000',1,18,NULL,NULL,0,0,'Number not exist',NULL,NULL,'Sri Krishna Farms',NULL,NULL,NULL,NULL),(1336,NULL,NULL,NULL,'9042794145',NULL,'2025-03-20 00:00:00.000000',1,18,NULL,NULL,0,0,'Wrong Num',NULL,NULL,'GR Traders',NULL,NULL,NULL,NULL),(1337,NULL,NULL,NULL,'8047530437',NULL,'2025-03-20 00:00:00.000000',1,18,NULL,NULL,0,0,'Num not exist',NULL,NULL,'Sri Venkateshwara Home Beds',NULL,NULL,NULL,NULL),(1338,NULL,NULL,NULL,'8069182200',NULL,'2025-03-20 00:00:00.000000',1,18,NULL,NULL,0,0,'Num not exist',NULL,NULL,'Sweet Dreamss',NULL,NULL,NULL,NULL),(1339,NULL,NULL,NULL,'8068051308',NULL,'2025-03-20 00:00:00.000000',1,18,NULL,NULL,0,0,'Num not exist',NULL,NULL,'Srri KarumaariAmman Textiles',NULL,NULL,NULL,NULL),(1340,'Mahesh',NULL,NULL,'098421 11546',NULL,'2025-03-20 00:00:00.000000',1,18,NULL,NULL,0,0,'Share logo details',NULL,NULL,'SOUNDARIYA MATTRESS MANUFACTURERS ILAVAM PANJU,COIR,SPRING,FOAM,RUBBER,SILK COTTON BEDS MADURAI',NULL,NULL,NULL,NULL),(1341,NULL,NULL,NULL,'7041498729',NULL,'2025-03-20 00:00:00.000000',1,18,NULL,NULL,0,0,'Ring',NULL,NULL,'Melmalayanur Tex',NULL,NULL,NULL,NULL),(1342,NULL,NULL,NULL,'077083 52222',NULL,'2025-03-20 00:00:00.000000',1,18,NULL,NULL,0,0,'No need',NULL,NULL,'SKYFLEX MATTRESS',NULL,NULL,NULL,NULL),(1343,NULL,NULL,NULL,'7942689182',NULL,'2025-03-20 00:00:00.000000',1,18,NULL,NULL,0,0,'Num not exist',NULL,NULL,'AFSAL &CO',NULL,NULL,NULL,NULL),(1344,NULL,NULL,NULL,'7947417757',NULL,'2025-03-20 00:00:00.000000',1,18,NULL,NULL,0,0,'Num not exist',NULL,NULL,'Gk Silks Cottons',NULL,NULL,NULL,NULL),(1345,'Selvakumar',NULL,NULL,'7043138013',NULL,'2025-03-20 00:00:00.000000',1,18,NULL,NULL,0,0,'No need',NULL,NULL,'Buddy Mattress Manufacturer And Store',NULL,NULL,NULL,NULL),(1346,NULL,NULL,NULL,'097879 35522',NULL,'2025-03-20 00:00:00.000000',1,18,NULL,NULL,0,0,'Ring',NULL,NULL,'Goodlife Mattresses and Furniture Gallery , Vellore',NULL,NULL,NULL,NULL),(1347,NULL,NULL,NULL,'099765 55695',NULL,'2025-03-20 00:00:00.000000',1,18,NULL,NULL,0,0,'Call back on april share details',NULL,NULL,'Springs Elite',NULL,NULL,NULL,NULL),(1348,NULL,NULL,NULL,'094431 36067',NULL,'2025-03-20 00:00:00.000000',1,18,NULL,NULL,0,0,'No need',NULL,NULL,'Metroflex The Furniture Store',NULL,NULL,NULL,NULL),(1349,NULL,NULL,NULL,'9585780808',NULL,'2025-03-20 00:00:00.000000',1,18,NULL,NULL,0,0,'Share details need call',NULL,NULL,'Poppy Mattress',NULL,NULL,NULL,NULL),(1350,NULL,NULL,NULL,'095002 05226',NULL,'2025-03-20 00:00:00.000000',1,18,NULL,NULL,0,0,'No requirements',NULL,NULL,'Grassberry Mattress',NULL,NULL,NULL,NULL),(1351,'Ganayasekar',NULL,NULL,'8056455884',NULL,'2025-03-20 00:00:00.000000',1,18,NULL,NULL,0,0,'Ring',NULL,NULL,'Ratan Iron Company',NULL,NULL,NULL,NULL),(1352,'Dhamotharan',NULL,NULL,'9953590505',NULL,'2025-03-20 00:00:00.000000',1,18,NULL,NULL,0,0,'For B2C He will call Now doing B2B',NULL,NULL,'Celipuventures',NULL,NULL,NULL,NULL),(1353,'Need call',NULL,NULL,'9944432246',NULL,'2025-03-20 00:00:00.000000',1,18,NULL,NULL,0,0,NULL,NULL,NULL,'Raja Interior',NULL,NULL,NULL,NULL),(1354,'Out of network',NULL,NULL,'97871 50990',NULL,'2025-03-20 00:00:00.000000',1,18,NULL,NULL,0,0,NULL,NULL,NULL,'Ambika Plywoods&Timbers',NULL,NULL,NULL,NULL),(1355,'Busy',NULL,NULL,'99438 33000',NULL,'2025-03-20 00:00:00.000000',1,18,NULL,NULL,0,0,NULL,NULL,NULL,'Bharat Plywood',NULL,NULL,NULL,NULL),(1356,'Need call',NULL,NULL,'8610826612',NULL,'2025-03-20 00:00:00.000000',1,18,NULL,NULL,0,0,NULL,NULL,NULL,'EuroFurn',NULL,NULL,NULL,NULL),(1357,NULL,NULL,NULL,NULL,NULL,'2025-03-20 00:00:00.000000',1,18,NULL,NULL,0,0,NULL,NULL,NULL,'Manoj Industries',NULL,NULL,NULL,NULL),(1358,'Need call',NULL,NULL,'9364255568',NULL,'2025-03-20 00:00:00.000000',1,18,NULL,NULL,0,0,NULL,NULL,NULL,'MM Kitchen Engineering Pvt Ltd',NULL,NULL,NULL,NULL),(1359,'No requirements',NULL,NULL,'9585544401',NULL,'2025-03-20 00:00:00.000000',1,18,NULL,NULL,0,0,NULL,NULL,NULL,'Sindhiya Plastic Industries',NULL,NULL,NULL,NULL),(1360,'No requirements',NULL,NULL,'9585522776',NULL,'2025-03-20 00:00:00.000000',1,18,NULL,NULL,0,0,NULL,NULL,NULL,'Vishwakarma Design Studio',NULL,NULL,NULL,NULL),(1361,'busy',NULL,NULL,'9944003494',NULL,'2025-03-20 00:00:00.000000',1,18,NULL,NULL,0,0,NULL,NULL,NULL,'GreenWall Constructions & Interiors',NULL,NULL,NULL,NULL),(1362,'Having team',NULL,NULL,'9087877999',NULL,'2025-03-20 00:00:00.000000',1,18,NULL,NULL,0,0,NULL,NULL,NULL,'KRG Construction company',NULL,NULL,NULL,NULL),(1363,'Share details need call',NULL,NULL,'081220 18068',NULL,'2025-03-20 00:00:00.000000',1,18,NULL,NULL,0,0,NULL,NULL,NULL,'KS CONSTRUCTIONS',NULL,NULL,NULL,NULL),(1364,'No need',NULL,NULL,'9952192213',NULL,'2025-03-20 00:00:00.000000',1,18,NULL,NULL,0,0,NULL,NULL,NULL,'MGM Construction & Interiors',NULL,NULL,NULL,NULL),(1365,'Busy',NULL,NULL,'9842151077',NULL,'2025-03-20 00:00:00.000000',1,18,NULL,NULL,0,0,NULL,NULL,NULL,'RP Construction',NULL,NULL,NULL,NULL),(1366,'Share details need call',NULL,NULL,'8870266966',NULL,'2025-03-20 00:00:00.000000',1,18,NULL,NULL,0,0,NULL,NULL,NULL,'Sri Muthumathi Builders',NULL,NULL,NULL,NULL),(1367,'Concern Person in meeting he will call at 5PM',NULL,NULL,'91 - 424 - 2270696',NULL,'2025-03-20 00:00:00.000000',1,18,NULL,NULL,0,0,NULL,NULL,NULL,'DMW Infrastructures India Private Limited',NULL,NULL,NULL,NULL),(1368,'Having team',NULL,NULL,'8940065559 / 99525 65559',NULL,'2025-03-20 00:00:00.000000',1,18,NULL,NULL,0,0,NULL,NULL,NULL,'N R Builders',NULL,NULL,NULL,NULL),(1369,'Ring',NULL,NULL,'9902679165',NULL,'2025-03-20 00:00:00.000000',1,18,NULL,NULL,0,0,NULL,NULL,NULL,'AARCO BUILDERS',NULL,NULL,NULL,NULL),(1370,'Share DM Details',NULL,NULL,'9789136295',NULL,'2025-03-20 00:00:00.000000',1,18,NULL,NULL,0,0,NULL,NULL,NULL,'G.A.P Construction',NULL,NULL,NULL,NULL),(1371,'Need call',NULL,NULL,'8667072759',NULL,'2025-03-20 00:00:00.000000',1,18,NULL,NULL,0,0,NULL,NULL,NULL,'Prism Construction',NULL,NULL,NULL,NULL),(1372,NULL,NULL,NULL,'9487831117',NULL,'2025-03-20 00:00:00.000000',1,18,NULL,NULL,0,0,NULL,NULL,NULL,'SRI RAM CONSTRUCTION',NULL,NULL,NULL,NULL),(1373,'Share details need call',NULL,NULL,'7708264841',NULL,'2025-03-20 00:00:00.000000',1,18,NULL,NULL,0,0,NULL,NULL,NULL,'MuthuMeenal Construction',NULL,NULL,NULL,NULL),(1374,'Share details need call',NULL,NULL,'8667832676',NULL,'2025-03-20 00:00:00.000000',1,18,NULL,NULL,0,0,NULL,NULL,NULL,'RK ASSOCIATES',NULL,NULL,NULL,NULL),(1375,'Share details need call',NULL,NULL,'9787427520',NULL,'2025-03-20 00:00:00.000000',1,18,NULL,NULL,0,0,NULL,NULL,NULL,'Karthi Builders',NULL,NULL,NULL,NULL),(1376,'Share details need call',NULL,NULL,'91 98650 41052 / 04322 22',NULL,'2025-03-20 00:00:00.000000',1,18,NULL,NULL,0,0,NULL,NULL,NULL,'Mymoon construction',NULL,NULL,NULL,NULL),(1377,'Ring',NULL,NULL,'91 9585138589',NULL,'2025-03-20 00:00:00.000000',1,18,NULL,NULL,0,0,NULL,NULL,NULL,'Sri Hari Builders',NULL,NULL,NULL,NULL),(1415,'balaji',NULL,NULL,'6382052132',NULL,'2025-03-20 06:02:38.115025',1,12,NULL,NULL,0,0,'9/03/2025- owner will come evening cb then , 18/03/2025- NA , owner is not there may be have plans for website shre profile will show if need will cb -cb',NULL,NULL,'Sri Dheepam Gold PVT LTD',NULL,NULL,'2025-03-25 05:06:02.122334',NULL),(1416,NULL,NULL,NULL,'9952433386',NULL,'2025-03-20 06:02:38.173115',1,12,NULL,NULL,0,0,'she gave prasthan number markt to talk furhter - he didn\'t picked - cb',NULL,NULL,'D.A.R Jewellery',NULL,NULL,NULL,NULL),(1417,NULL,NULL,NULL,'90434 99199',NULL,'2025-03-20 06:02:38.228924',1,12,NULL,NULL,0,0,'18/03/2025- not required now if need, sir will come on mon - cb',NULL,NULL,'Panchatharaa Jewels',NULL,NULL,NULL,NULL),(1418,'nivesh',NULL,NULL,'95850 37577',NULL,'2025-03-20 06:02:38.285684',1,12,NULL,NULL,0,0,'he left the office he say someone to call from the company',NULL,NULL,'Nandh Fabrics',NULL,NULL,NULL,NULL),(1419,NULL,NULL,NULL,'9843737887',NULL,'2025-03-20 06:02:38.341979',1,12,NULL,NULL,0,0,'18/03/2025- martin gave standley number , standly told team is working on it save yourr number if need will get back , call back  monday morning',NULL,NULL,'Pavizham Jewellers',NULL,NULL,NULL,NULL),(1420,NULL,NULL,NULL,'90409 16916',NULL,'2025-03-20 06:02:38.403213',1,12,NULL,NULL,0,0,'18/03/2025- she told spoke with mrkting team they don\'t need now if need will call , she will give marketing person name to call later',NULL,NULL,'Vilva Jewels',NULL,NULL,NULL,NULL),(1421,NULL,NULL,NULL,'9894039959',NULL,'2025-03-20 06:02:38.452336',1,12,NULL,NULL,0,0,'18/03/2025- NA , NA',NULL,NULL,'Kota Jewellers',NULL,NULL,NULL,NULL),(1422,'saranya',NULL,NULL,'9843913333',NULL,'2025-03-20 06:02:38.501170',1,12,NULL,NULL,0,0,'26/03/2025- SHE TOLD IN A MEETING NOWWILL CALL YOU ACK HUSBAND IIN MEETING HE WILL DISCUSS THIS FURTHER , 18/03/2025- she was busy with the event launching their brand in amazon cb on tues will discuss , 17/01/2025- not checked yet will take time will update you , pitched for fb she told how you work what you do good client share profile follow up for meeting',NULL,NULL,'Raw Skinn',NULL,NULL,'2025-03-26 12:21:01.668469',NULL),(1423,NULL,NULL,NULL,'9843895959',NULL,'2025-03-20 06:02:38.556858',1,12,NULL,NULL,0,0,'he was busy - cb later',NULL,NULL,'Thashna jewellery',NULL,NULL,NULL,NULL),(1424,'Satish',NULL,NULL,'9036233411',NULL,'2025-03-20 06:02:38.613906',1,12,NULL,NULL,0,0,'18/03/2025- NA , NA',NULL,NULL,'Pragya Jewels',NULL,NULL,NULL,NULL),(1425,NULL,NULL,NULL,'97910 14575',NULL,'2025-03-20 06:02:38.669926',1,12,NULL,NULL,0,0,'sarvanan gave karthick number kartick was busy in meeting cb after 30 mins',NULL,NULL,'DHC Gemlab',NULL,NULL,NULL,NULL),(1426,NULL,NULL,NULL,'9943990709',NULL,'2025-03-20 06:02:38.726996',1,12,NULL,NULL,0,0,'l,ine busy',NULL,NULL,'PNR MAHALAKSHMI JEWELLERY PVT LTD',NULL,NULL,NULL,NULL),(1427,'Nandhini Priya',NULL,NULL,'95518 71033',NULL,'2025-03-20 06:02:38.782432',1,12,NULL,NULL,0,0,'told to do watsupp she is busy',NULL,NULL,'Aeka Herbal Cosmetics Private Limited',NULL,NULL,NULL,NULL),(1428,NULL,NULL,NULL,'73392 06999',NULL,'2025-03-20 06:02:38.832162',1,12,NULL,NULL,0,0,'they have team no required',NULL,NULL,'KREA BEAUTY',NULL,NULL,NULL,NULL),(1429,NULL,NULL,NULL,'93847 91185',NULL,'2025-03-20 06:02:38.888052',1,12,NULL,NULL,0,0,'we have our own team',NULL,NULL,'Clarion Cosmetics Private Limited',NULL,NULL,NULL,NULL),(1430,NULL,NULL,NULL,'91766 52234',NULL,'2025-03-20 06:02:38.944495',1,12,NULL,NULL,0,0,'not required',NULL,NULL,'Seegreen Cosmetics',NULL,NULL,NULL,NULL),(1431,NULL,NULL,NULL,'98847 98852',NULL,'2025-03-20 06:02:39.002227',1,12,NULL,NULL,0,0,'not valid',NULL,NULL,'BNAT AURA PVT LTD',NULL,NULL,NULL,NULL),(1432,NULL,NULL,NULL,'95002 78555',NULL,'2025-03-20 06:02:39.057317',1,12,NULL,NULL,0,0,'nA',NULL,NULL,'Arza Naturals',NULL,NULL,NULL,NULL),(1433,NULL,NULL,NULL,'9445171639',NULL,'2025-03-20 06:02:39.107470',1,12,NULL,NULL,0,0,'Not required',NULL,NULL,'MAHASRI ENTERPRISES',NULL,NULL,NULL,NULL),(1434,NULL,NULL,NULL,'9600071778',NULL,'2025-03-20 06:02:39.156798',1,12,NULL,NULL,0,0,NULL,NULL,NULL,'Lara & Daughters',NULL,NULL,NULL,NULL),(1435,NULL,NULL,NULL,'9445614909',NULL,'2025-03-20 06:02:39.212666',1,12,NULL,NULL,0,0,NULL,NULL,NULL,'Hooshiyaa Products',NULL,NULL,NULL,NULL),(1436,NULL,NULL,NULL,'7299148044',NULL,'2025-03-20 06:02:39.260140',1,12,NULL,NULL,0,0,'not required',NULL,NULL,'Sarvamangala Herbals',NULL,NULL,NULL,NULL),(1437,NULL,NULL,NULL,'9600159919',NULL,'2025-03-20 06:02:39.308839',1,12,NULL,NULL,0,0,'in a meet call tom morning',NULL,NULL,'Ekha Vital Naturals',NULL,NULL,NULL,NULL),(1438,NULL,NULL,NULL,'98401 51656',NULL,'2025-03-20 06:02:39.364289',1,12,NULL,NULL,0,0,'not required',NULL,NULL,'essence of earth',NULL,NULL,NULL,NULL),(1439,NULL,NULL,NULL,'96000 58815',NULL,'2025-03-20 06:02:39.413486',1,12,NULL,NULL,0,0,'not required have team , if need',NULL,NULL,'Harsha Naturals',NULL,NULL,NULL,NULL),(1440,NULL,NULL,NULL,'9941049568',NULL,'2025-03-20 06:02:39.460806',1,12,NULL,NULL,0,0,'NA',NULL,NULL,'VANAV',NULL,NULL,NULL,NULL),(1441,NULL,NULL,NULL,'7904554884',NULL,'2025-03-20 06:02:39.510559',1,12,NULL,NULL,0,0,'pitched for SM told costing , she told to share profile',NULL,NULL,'NATURAL DROPS',NULL,NULL,NULL,NULL),(1442,NULL,NULL,NULL,'9840638668',NULL,'2025-03-20 06:02:39.566716',1,12,NULL,NULL,0,0,'not required',NULL,NULL,'WILDBLEND BOTANICAL PRIVATE LIMITED',NULL,NULL,NULL,NULL),(1443,NULL,NULL,NULL,'95000 68228',NULL,'2025-03-20 06:02:39.614641',1,12,NULL,NULL,0,0,'NA',NULL,NULL,'Gorgeous Beauty Products',NULL,NULL,NULL,NULL),(1444,NULL,NULL,NULL,'9841520816',NULL,'2025-03-20 06:02:39.671465',1,12,NULL,NULL,0,0,'already have if need will call',NULL,NULL,'Greencosmo',NULL,NULL,NULL,NULL),(1445,NULL,NULL,NULL,'80728 56014',NULL,'2025-03-20 06:02:39.728034',1,12,NULL,NULL,0,0,'not required',NULL,NULL,'Chiguru-A Soul Of Nature',NULL,NULL,NULL,NULL),(1446,NULL,NULL,NULL,'7397272714',NULL,'2025-03-20 06:02:39.784739',1,12,NULL,NULL,0,0,'out of service',NULL,NULL,'Brownmud Pvt.Ltd',NULL,NULL,NULL,NULL),(1447,NULL,NULL,NULL,'8943272829',NULL,'2025-03-20 06:02:39.840631',1,12,NULL,NULL,0,0,NULL,NULL,NULL,'PRiiS Trading Company',NULL,NULL,NULL,NULL),(1448,NULL,NULL,NULL,'90427 83187',NULL,'2025-03-20 06:02:39.897562',1,12,NULL,NULL,0,0,'Na',NULL,NULL,'Creepys Natural Care',NULL,NULL,NULL,NULL),(1449,NULL,NULL,NULL,'9841887727',NULL,'2025-03-20 06:02:39.953497',1,12,NULL,NULL,0,0,'not required',NULL,NULL,'Malar Herbals',NULL,NULL,NULL,NULL),(1450,NULL,NULL,NULL,'8015362201',NULL,'2025-03-20 06:02:40.010618',1,12,NULL,NULL,0,0,'we\'re working on changes on website other thing have 2 person will tkae time share me your profile will get in touch',NULL,NULL,'Magi Organics',NULL,NULL,NULL,NULL),(1451,'vaidhyanathan',NULL,NULL,'89397 48777',NULL,'2025-03-20 06:02:40.067693',1,12,NULL,NULL,0,0,'he told to contact marketing person further',NULL,NULL,'super saravana stores',NULL,NULL,NULL,NULL),(1452,'Venkatesh Prabhu',NULL,NULL,'9994395104',NULL,'2025-03-20 12:53:19.862947',1,18,NULL,NULL,0,0,'Ring',NULL,NULL,'iPLON India',NULL,NULL,NULL,NULL),(1453,'Bharath',NULL,NULL,'9360192156',NULL,'2025-03-20 12:53:19.910050',1,18,NULL,NULL,0,0,'He will call',NULL,NULL,'The Ripe Kitchen',NULL,NULL,NULL,NULL),(1454,NULL,NULL,NULL,'9842249398',NULL,'2025-03-20 12:53:19.964793',1,18,NULL,NULL,0,0,'Busy',NULL,NULL,'able electronics',NULL,NULL,NULL,NULL),(1455,NULL,NULL,NULL,NULL,NULL,'2025-03-20 12:53:20.019670',1,18,NULL,NULL,0,0,NULL,NULL,NULL,'kinetic forge',NULL,NULL,NULL,NULL),(1456,NULL,NULL,NULL,'0422 267 3435',NULL,'2025-03-20 12:53:20.073615',1,18,NULL,NULL,0,0,'Num not exist',NULL,NULL,'Best Forgings India Private Limited',NULL,NULL,NULL,NULL),(1457,'SUNDARAMURTHY.P',NULL,NULL,'9344402726,',NULL,'2025-03-20 12:53:20.127635',1,18,NULL,NULL,0,0,'Share details he is in meeting',NULL,NULL,'SAKTHI FORGINGS',NULL,NULL,NULL,NULL),(1458,NULL,NULL,NULL,'0422 265 5019',NULL,'2025-03-20 12:53:20.183792',1,18,NULL,NULL,0,0,'Num not exist',NULL,NULL,'ICC FORGE (Industrial Components Co.Forging Division)',NULL,NULL,NULL,NULL),(1459,'Hari',NULL,NULL,'098421 16044',NULL,'2025-03-20 12:53:20.238086',1,18,NULL,NULL,0,0,'Share details need call',NULL,NULL,'Genova Forgings PvtLtd- Forging Division',NULL,NULL,NULL,NULL),(1460,NULL,NULL,NULL,'0422 354 9951',NULL,'2025-03-20 12:53:20.291826',1,18,NULL,NULL,0,0,'Not reachable',NULL,NULL,'Inforge Technologies Private Limited',NULL,NULL,NULL,NULL),(1461,NULL,NULL,NULL,'082200 15524',NULL,'2025-03-20 12:53:20.347317',1,18,NULL,NULL,0,0,'No requirements',NULL,NULL,'Rks Forgings',NULL,NULL,NULL,NULL),(1462,NULL,NULL,NULL,'094433 54312',NULL,'2025-03-20 12:53:20.401635',1,18,NULL,NULL,0,0,'Ring',NULL,NULL,'Forge Innovation & Ventures',NULL,NULL,NULL,NULL),(1463,'Raja Sekar',NULL,NULL,'090359 86398',NULL,'2025-03-20 12:53:20.455761',1,18,NULL,NULL,0,0,'Share details need call',NULL,NULL,'AK Jain Forgings LLP',NULL,NULL,NULL,NULL),(1464,NULL,NULL,NULL,'97877 47888 - 4222552255',NULL,'2025-03-20 12:53:20.511229',1,18,NULL,NULL,0,0,'3\'0 clock call back',NULL,NULL,'Vcpl Viswanathan Constructions Pvt Ltd.',NULL,NULL,NULL,NULL),(1465,'Sundara vadivelu',NULL,NULL,'9943048000',NULL,'2025-03-20 12:53:20.565536',1,18,NULL,NULL,0,0,'Need call share details',NULL,NULL,'mayel',NULL,NULL,NULL,NULL),(1466,NULL,NULL,NULL,'94890 60909',NULL,'2025-03-20 12:53:20.611141',1,18,NULL,NULL,0,0,'No requirements',NULL,NULL,'MAXZIMUS STEEL BUILDING P LTD',NULL,NULL,NULL,NULL),(1467,NULL,NULL,NULL,'8042757257',NULL,'2025-03-20 12:53:20.659644',1,18,NULL,NULL,0,0,'Need call',NULL,NULL,'SHri krishna corporation',NULL,NULL,NULL,NULL),(1468,'Murali Mohan',NULL,NULL,'9942217610 , 86103 62969',NULL,'2025-03-20 12:53:20.705668',1,18,NULL,NULL,0,0,'Share brochures & poster details',NULL,NULL,'sree balaji techical solution service',NULL,NULL,NULL,NULL),(1469,NULL,NULL,NULL,'94431 43222',NULL,'2025-03-20 12:53:20.751398',1,18,NULL,NULL,0,0,'No requirements',NULL,NULL,'iswarya constructions',NULL,NULL,NULL,NULL),(1470,NULL,NULL,NULL,'98424 33393',NULL,'2025-03-20 12:53:20.790316',1,18,NULL,NULL,0,0,'No requirements',NULL,NULL,'KSQUAR INFRA DEVELOPEMENT PVT LTD',NULL,NULL,NULL,NULL),(1471,NULL,NULL,NULL,'73490 73490',NULL,'2025-03-20 12:53:20.836414',1,18,NULL,NULL,0,0,'No requirements',NULL,NULL,'viraat industries',NULL,NULL,NULL,NULL),(1472,NULL,NULL,NULL,'97900 93110 86376 29429',NULL,'2025-03-20 12:53:20.891959',1,18,NULL,NULL,0,0,'Ring',NULL,NULL,'CK industries',NULL,NULL,NULL,NULL),(1473,NULL,NULL,NULL,'4344-407777',NULL,'2025-03-20 12:53:20.945476',1,18,NULL,NULL,0,0,'Ring',NULL,NULL,'Ck airtech',NULL,NULL,NULL,NULL),(1474,'Selvam',NULL,NULL,'94433 66620',NULL,'2025-03-20 12:53:20.992012',1,18,NULL,NULL,0,0,'Need call',NULL,NULL,'sree sunshine industries',NULL,NULL,NULL,NULL),(1475,NULL,NULL,NULL,NULL,NULL,'2025-03-20 12:53:21.047183',1,18,NULL,NULL,0,0,NULL,NULL,NULL,'WINTECH INDUSTRIES PVT LTD HOSUR',NULL,NULL,NULL,NULL),(1476,'Shivaraj',NULL,NULL,'4344-407988',NULL,'2025-03-20 12:53:21.101697',1,18,NULL,NULL,0,0,'Ask to share mail need call',NULL,NULL,'elkayem',NULL,NULL,NULL,NULL),(1477,NULL,NULL,NULL,'9443721682',NULL,'2025-03-20 12:53:21.155380',1,18,NULL,NULL,0,0,'Share details need call',NULL,NULL,'Dynavac',NULL,NULL,NULL,NULL),(1478,NULL,NULL,NULL,'99655 18882',NULL,'2025-03-20 12:53:21.202885',1,18,NULL,NULL,0,0,'No requirements',NULL,NULL,'Falcon Toolings',NULL,NULL,NULL,NULL),(1479,'Mohan',NULL,NULL,'98438 22088 / 96558 38584',NULL,'2025-03-20 12:53:21.257240',1,18,NULL,NULL,0,0,'Share details',NULL,NULL,'ALSTON TOOLS AND TECHNOLOGIES',NULL,NULL,NULL,NULL),(1480,NULL,NULL,NULL,'9944471144 / 9842212346',NULL,'2025-03-20 12:53:21.311031',1,18,NULL,NULL,0,0,'Out of network',NULL,NULL,'Chain Tools and Products P Ltd',NULL,NULL,NULL,NULL),(1481,'Narayana kumar',NULL,NULL,'92445 21079',NULL,'2025-03-20 12:53:21.366359',1,18,NULL,NULL,0,0,'Share details need call',NULL,NULL,'sakthi machines',NULL,NULL,NULL,NULL),(1482,'Ravivarman',NULL,NULL,'7550329222',NULL,'2025-03-20 12:53:21.412386',1,18,NULL,NULL,0,0,'Ring',NULL,NULL,'S&T Engineers(P)Ltd',NULL,NULL,NULL,NULL),(1483,'Naveen',NULL,NULL,'9944890719',NULL,'2025-03-20 12:53:21.466681',1,18,NULL,NULL,0,0,'Share details of website & Brochures',NULL,NULL,'Gem Precision Tool (P) Ltd',NULL,NULL,NULL,NULL),(1484,NULL,NULL,NULL,'98949 91321',NULL,'2025-03-20 12:53:21.521860',1,18,NULL,NULL,0,0,'Busy',NULL,NULL,'Givveo Technologies Private Limited',NULL,NULL,NULL,NULL),(1485,NULL,NULL,NULL,'9843240322',NULL,'2025-03-20 12:53:21.567669',1,18,NULL,NULL,0,0,NULL,NULL,NULL,'Utvyakta Solutions Private Limited',NULL,NULL,NULL,NULL),(1486,NULL,NULL,NULL,'915 960 6000',NULL,'2025-03-20 12:53:21.613605',1,18,NULL,NULL,0,0,'No need',NULL,NULL,'BALU IRON AND STEEL COMPANY',NULL,NULL,NULL,NULL),(1487,NULL,NULL,NULL,'93630 93630',NULL,'2025-03-20 12:53:21.669408',1,18,NULL,NULL,0,0,'Having team',NULL,NULL,'Crossfields',NULL,NULL,NULL,NULL),(1488,'Gokul',NULL,NULL,'9677879778',NULL,'2025-03-20 12:53:21.723669',1,18,NULL,NULL,0,0,'Need call',NULL,NULL,'everest chillers',NULL,NULL,NULL,NULL),(1489,NULL,NULL,NULL,'9543399009',NULL,'2025-03-22 04:25:32.118231',1,11,NULL,NULL,0,0,'21.03.25 not ans , WA shared',4,NULL,'KR CREATION','ramu data base',NULL,NULL,NULL),(1490,'RAJENDRAN',NULL,NULL,'9600216555',NULL,'2025-03-22 04:26:23.671968',1,11,NULL,NULL,0,0,'21.03.25	if needed will call back',4,NULL,'ADARSH KNITWEAR PVT LTD','Ramu data base',NULL,NULL,NULL),(1491,'Sampathkumar Veluswamy',NULL,NULL,'9843011490',NULL,'2025-03-22 05:32:06.211376',1,18,NULL,NULL,0,0,'No need',NULL,NULL,'Wintek Packing Solution',NULL,NULL,NULL,NULL),(1492,NULL,NULL,NULL,'9361144244',NULL,'2025-03-22 05:32:06.261935',1,18,NULL,NULL,0,0,'Busy',NULL,NULL,'Stallion Machine Tools PVT LTD',NULL,NULL,NULL,NULL),(1493,'Ruban',NULL,NULL,'73582 88364 / 97514 13266',NULL,'2025-03-22 05:32:06.317746',1,18,NULL,NULL,0,0,'Share details need call',NULL,NULL,'Star toolings',NULL,NULL,NULL,NULL),(1494,'perumal Selvaraj',NULL,NULL,'9842005552',NULL,'2025-03-22 05:32:06.374506',1,18,NULL,NULL,0,0,'Ring',NULL,NULL,'NARITAA TOOLING PRIVATE LIMITED',NULL,NULL,NULL,NULL),(1495,'Karthik',NULL,NULL,'99763 20202 / 99761 20202',NULL,'2025-03-22 05:32:06.431798',1,18,NULL,NULL,0,0,'Ask to share details',NULL,NULL,'CNC MART',NULL,NULL,NULL,NULL),(1496,NULL,NULL,NULL,'8524991347',NULL,'2025-03-22 05:32:06.477129',1,18,NULL,NULL,0,0,'Share details need call',NULL,NULL,'Universal Jet Enterprises',NULL,NULL,NULL,NULL),(1497,'Saravanan',NULL,NULL,'9865198989 / 90953 33499',NULL,'2025-03-22 05:32:06.524272',1,18,NULL,NULL,0,0,'Ask to share details',NULL,NULL,'Lexis Tooling Systems Pvt. Ltd.',NULL,NULL,NULL,NULL),(1498,NULL,NULL,NULL,'9940149169',NULL,'2025-03-22 05:32:06.562005',1,18,NULL,NULL,0,0,'Busy',NULL,NULL,'Karuvi Power Tools Systems Pvt. Ltd.',NULL,NULL,NULL,NULL),(1499,NULL,NULL,NULL,'74188 81174',NULL,'2025-03-22 05:32:06.599336',1,18,NULL,NULL,0,0,'Busy',NULL,NULL,'Tsugami Precision Engineering India Pvt. Ltd.',NULL,NULL,NULL,NULL),(1500,NULL,NULL,NULL,'8300823950',NULL,'2025-03-22 05:32:06.654930',1,18,NULL,NULL,0,0,'Share details need call',NULL,NULL,'Dynamic Trading Company',NULL,NULL,NULL,NULL),(1501,NULL,NULL,NULL,'73390 25177',NULL,'2025-03-22 05:32:06.692471',1,18,NULL,NULL,0,0,'Out of service',NULL,NULL,'Janatics',NULL,NULL,NULL,NULL),(1502,'Anu',NULL,NULL,'98940 77663, 98940 77664',NULL,'2025-03-22 05:32:06.748770',1,18,NULL,NULL,0,0,'Share details need call',NULL,NULL,'Km biomed',NULL,NULL,NULL,NULL),(1503,NULL,NULL,NULL,'0422 2454082',NULL,'2025-03-22 05:32:06.793830',1,18,NULL,NULL,0,0,'Num not exist',NULL,NULL,'karthigeeta and associates',NULL,NULL,NULL,NULL),(1504,'Sujitha',NULL,NULL,'9944999948 9944999968',NULL,'2025-03-22 05:32:06.839702',1,18,NULL,NULL,0,0,'Share brochures details',NULL,NULL,'Arch4Foundation - Architectural Design Consultancy',NULL,NULL,NULL,NULL),(1505,NULL,NULL,NULL,'89400 99099',NULL,'2025-03-22 05:32:06.887040',1,18,NULL,NULL,0,0,'Ring',NULL,NULL,'Warp associates',NULL,NULL,NULL,NULL),(1506,NULL,NULL,NULL,'99944 93344',NULL,'2025-03-22 05:32:06.941272',1,18,NULL,NULL,0,0,'Share details gothrough & call',NULL,NULL,'Omar and Associates',NULL,NULL,NULL,NULL),(1507,NULL,NULL,NULL,'422 439 9377',NULL,'2025-03-22 05:32:06.996065',1,18,NULL,NULL,0,0,'Ring',NULL,NULL,'Owm Architecture - Leading Residential & Commercial Building Architecture and Designing Services',NULL,NULL,NULL,NULL),(1508,NULL,NULL,NULL,'9345155557 8489155557',NULL,'2025-03-22 05:32:07.050616',1,18,NULL,NULL,0,0,'No requirements',NULL,NULL,'MASTERPIECE Architects',NULL,NULL,NULL,NULL),(1509,NULL,NULL,NULL,'91 8148275191 88836 57959',NULL,'2025-03-22 05:32:07.096383',1,18,NULL,NULL,0,0,'Share details need call',NULL,NULL,'Wallcodee - Best Top10 Architects Civil Residential Architects',NULL,NULL,NULL,NULL),(1510,NULL,NULL,NULL,'96888 88600',NULL,'2025-03-22 05:32:07.133857',1,18,NULL,NULL,0,0,'No requirements',NULL,NULL,'Fourth Dimension Architects',NULL,NULL,NULL,NULL),(1511,NULL,NULL,NULL,'090037 77737',NULL,'2025-03-22 05:32:07.181053',1,18,NULL,NULL,0,0,'Ring',NULL,NULL,'Jehovah Nissi Design Build p Ltd',NULL,NULL,NULL,NULL),(1512,NULL,NULL,NULL,'0422 222 0645',NULL,'2025-03-22 05:32:07.226697',1,18,NULL,NULL,0,0,'Num not reachable',NULL,NULL,'Sundar Sundaram Architects',NULL,NULL,NULL,NULL),(1513,'Raja',NULL,NULL,'89258 47664',NULL,'2025-03-22 05:32:07.273353',1,18,NULL,NULL,0,0,'Share details need call',NULL,NULL,'Golden Electronic Controls India Pvt Ltd',NULL,NULL,NULL,NULL),(1514,NULL,NULL,NULL,'9843377760',NULL,'2025-03-22 05:32:07.328739',1,18,NULL,NULL,0,0,'Busy',NULL,NULL,'Ganga Solar Solutions',NULL,NULL,NULL,NULL),(1515,NULL,NULL,NULL,'73730 90500',NULL,'2025-03-22 05:32:07.383195',1,18,NULL,NULL,0,0,'Having team',NULL,NULL,'Ezon Energy Solutions Pvt Ltd',NULL,NULL,NULL,NULL),(1516,NULL,NULL,NULL,'7845622271',NULL,'2025-03-25 05:04:55.095614',1,12,NULL,NULL,0,0,'already team is handling not required thanks  , share me you details will check - cb',4,NULL,'IBR Perfume',NULL,NULL,NULL,NULL),(1517,NULL,NULL,NULL,'97907 69135',NULL,'2025-03-25 05:34:57.725479',1,12,NULL,NULL,0,0,'share me profile will get back',NULL,NULL,'Jivanam Wellness',NULL,NULL,NULL,NULL),(1518,NULL,NULL,NULL,'9322887463',NULL,'2025-03-25 05:34:57.782613',1,12,NULL,NULL,0,0,'not required',NULL,NULL,'Sagar Textiles',NULL,NULL,NULL,NULL),(1519,NULL,NULL,NULL,'7498175526',NULL,'2025-03-25 05:34:57.839706',1,12,NULL,NULL,0,0,'line busy',NULL,NULL,'Bid Industries',NULL,NULL,NULL,NULL),(1520,NULL,NULL,NULL,'9321914100',NULL,'2025-03-25 05:34:57.895050',1,12,NULL,NULL,0,0,'not required',NULL,NULL,'Heera Moti Textiles (India) Pvt Ltd',NULL,NULL,NULL,NULL),(1521,NULL,NULL,NULL,'7045852383',NULL,'2025-03-25 05:34:57.943623',1,12,NULL,NULL,0,0,'call after sometime am driving',NULL,NULL,'Vaishnavi Global Private Limited',NULL,NULL,NULL,NULL),(1522,NULL,NULL,NULL,'9322258037',NULL,'2025-03-25 05:34:58.000014',1,12,NULL,NULL,0,0,'line busy',NULL,NULL,'Sparsh Fab Textiles Private Limited',NULL,NULL,NULL,NULL),(1523,NULL,NULL,NULL,'9867604882',NULL,'2025-03-25 05:34:58.048138',1,12,NULL,NULL,0,0,'not required',NULL,NULL,'Textronics Design Systems I Pvt Ltd',NULL,NULL,NULL,NULL),(1524,NULL,NULL,NULL,'7021452112',NULL,'2025-03-25 05:34:58.096654',1,12,NULL,NULL,0,0,'not required',NULL,NULL,'Woolmark Services India Private Limited',NULL,NULL,NULL,NULL),(1525,NULL,NULL,NULL,'9820070303',NULL,'2025-03-25 05:34:58.153709',1,12,NULL,NULL,0,0,NULL,NULL,NULL,'R K Textiles',NULL,NULL,NULL,NULL),(1526,NULL,NULL,NULL,'9769977740',NULL,'2025-03-25 05:34:58.202029',1,12,NULL,NULL,0,0,NULL,NULL,NULL,'Textile Excellence',NULL,NULL,NULL,NULL),(1527,NULL,NULL,NULL,'9819062550',NULL,'2025-03-25 05:34:58.241495',1,12,NULL,NULL,0,0,'not a right ttime to talk diconnected',NULL,NULL,'Topman International Ltd',NULL,NULL,NULL,NULL),(1528,NULL,NULL,NULL,'9321243789',NULL,'2025-03-25 05:34:58.289942',1,12,NULL,NULL,0,0,'not required',NULL,NULL,'Hema Dyeing & Printing Mills Pvt Ltd',NULL,NULL,NULL,NULL),(1529,NULL,NULL,NULL,'9820306406',NULL,'2025-03-25 05:34:58.329195',1,12,NULL,NULL,0,0,'line busy',NULL,NULL,'Shree Ranisati Industries',NULL,NULL,NULL,NULL),(1530,NULL,NULL,NULL,'9167785687',NULL,'2025-03-25 05:34:58.377981',1,12,NULL,NULL,0,0,'NA',NULL,NULL,'90 Elementos Pvt. Ltd.',NULL,NULL,NULL,NULL),(1531,NULL,NULL,NULL,'9004609327',NULL,'2025-03-25 05:34:58.425902',1,12,NULL,NULL,0,0,'not valid',NULL,NULL,'Sohan Industries Pvt Ltd',NULL,NULL,NULL,NULL),(1532,NULL,NULL,NULL,'7304474491',NULL,'2025-03-25 05:34:58.483000',1,12,NULL,NULL,0,0,'busy call back later',NULL,NULL,'Pulcra Chemicals India Private Limited',NULL,NULL,NULL,NULL),(1533,NULL,NULL,NULL,'9930558896',NULL,'2025-03-25 05:34:58.540224',1,12,NULL,NULL,0,0,'NA',NULL,NULL,'Dystar India Pvt. Ltd.',NULL,NULL,NULL,NULL),(1534,NULL,NULL,NULL,'8146568406',NULL,'2025-03-25 05:34:58.595457',1,12,NULL,NULL,0,0,'out f service',NULL,NULL,'Tansfer Chemicals India Pvt Ltd',NULL,NULL,NULL,NULL),(1535,'Ahamed Salideen',NULL,NULL,'98949 99312',NULL,'2025-03-25 05:34:58.648865',1,12,NULL,NULL,0,0,'have own team if need',NULL,NULL,'EV HUB',NULL,NULL,NULL,NULL),(1536,NULL,NULL,NULL,'85258 88888',NULL,'2025-03-25 05:34:58.695335',1,12,NULL,NULL,0,0,'i will update give some time ,',NULL,NULL,'Wagon Wheelz - AutoEVmart',NULL,NULL,NULL,NULL),(1537,NULL,NULL,NULL,'9003422640',NULL,'2025-03-25 05:34:58.750435',1,12,NULL,NULL,0,0,'already engaged with someone have no idea to change it now',NULL,NULL,'Roots EV',NULL,NULL,NULL,NULL),(1538,NULL,NULL,NULL,'6384440214',NULL,'2025-03-25 05:34:58.796134',1,12,NULL,NULL,0,0,'not required',NULL,NULL,'E Royce Motors',NULL,NULL,NULL,NULL),(1539,NULL,NULL,NULL,'9600837686',NULL,'2025-03-25 05:34:58.841890',1,12,NULL,NULL,0,0,NULL,NULL,NULL,'Eco Dynaamic Equipments',NULL,NULL,NULL,NULL),(1540,'Karthikeyan',NULL,NULL,'9944433082',NULL,'2025-03-25 05:34:58.889245',1,12,NULL,NULL,0,0,'Not required',NULL,NULL,'MAHLE Electric Drives India Pvt. Ltd',NULL,NULL,NULL,NULL),(1541,NULL,NULL,NULL,'6382494102',NULL,'2025-03-25 05:34:58.935271',1,12,NULL,NULL,0,0,'not required for now already given to company under 1 year contract',NULL,NULL,'Grian Motors',NULL,NULL,NULL,NULL),(1542,NULL,NULL,NULL,'95629 77353',NULL,'2025-03-25 05:34:58.981196',1,12,NULL,NULL,0,0,'disconnnected after intro',NULL,NULL,'TORQ INDIA',NULL,NULL,NULL,NULL),(1543,'vijvay',NULL,NULL,', 9514711611',NULL,'2025-03-25 05:34:59.028531',1,12,NULL,NULL,0,0,'she gave vijay number , he told not now in future',NULL,NULL,'delEVery',NULL,NULL,NULL,NULL),(1544,NULL,NULL,NULL,'9600975111',NULL,'2025-03-25 05:34:59.082981',1,12,NULL,NULL,0,0,'not required',NULL,NULL,'Gaura Electric Vehicles Manufacturing Pvt ltd',NULL,NULL,NULL,NULL),(1545,'Karthick Rakkiannan',NULL,NULL,'8778142551',NULL,'2025-03-25 05:34:59.127988',1,12,5,NULL,0,0,'22/04-ALREADY TOOK A Person no need now  ,15/04/2025- :line busy , 10/04/2025- NA , yes looking for improvement share me your profile and when pitched for meeting he we can do that after april 15 -imp cb',NULL,NULL,'TAARK ELECTRIC VEHICLES & EQUIPMENTS PVT LTD',NULL,NULL,'2025-04-22 10:55:21.426379',NULL),(1546,NULL,NULL,NULL,'98433 14612',NULL,'2025-03-25 05:34:59.175820',1,12,NULL,NULL,0,0,'have a team',NULL,NULL,'Stark Motors',NULL,NULL,NULL,NULL),(1547,NULL,NULL,NULL,'88262 75365',NULL,'2025-03-25 05:34:59.230028',1,12,NULL,NULL,0,0,'not available',NULL,NULL,'Voltam Electrik',NULL,NULL,NULL,NULL),(1548,'Raja',NULL,NULL,'9843532319',NULL,'2025-03-25 12:38:02.871618',1,18,NULL,NULL,0,0,'Ask to send mail',NULL,NULL,'Vijaya Hospital',NULL,NULL,NULL,NULL),(1549,'Vengudupathi G',NULL,NULL,'422-2312363',NULL,'2025-03-25 12:38:02.917409',1,18,NULL,NULL,0,0,'Num not exist',NULL,NULL,'Sporadasecure',NULL,NULL,NULL,NULL),(1550,'Karthikeyan Jawahar',NULL,NULL,'8047644638',NULL,'2025-03-25 12:38:02.964351',1,18,NULL,NULL,0,0,'No response',NULL,NULL,'Karma Innovations & Solutions Private Limited',NULL,NULL,NULL,NULL),(1551,'Vasai-Virar,',NULL,NULL,'098206 07145',NULL,'2025-03-25 12:38:03.010183',1,18,NULL,NULL,0,0,'Wrong num',NULL,NULL,'zhenli-machinery-india-pvt-ltd',NULL,NULL,NULL,NULL),(1552,'Vaibhav',NULL,NULL,'9558689560',NULL,'2025-03-25 12:38:03.055925',1,18,NULL,NULL,0,0,'Share details',NULL,NULL,'CFM Engineers',NULL,NULL,NULL,NULL),(1553,NULL,NULL,NULL,'9848450521',NULL,'2025-03-25 12:38:03.111309',1,18,NULL,NULL,0,0,'No requirements',NULL,NULL,'Interfoundary',NULL,NULL,NULL,NULL),(1554,'Bala',NULL,NULL,'9791173666',NULL,'2025-03-25 12:38:03.220119',1,18,NULL,NULL,0,0,'Share details inform to team & call',NULL,NULL,'Sri Krishana Automations',NULL,NULL,NULL,NULL),(1555,'Jaisinh Vaerkar',NULL,NULL,'9894601930',NULL,'2025-03-25 12:38:03.275013',1,18,NULL,NULL,0,0,'Ring',NULL,NULL,'The Pennisular Export Company',NULL,NULL,NULL,NULL),(1556,NULL,NULL,NULL,'9486774786',NULL,'2025-03-25 12:38:03.329140',1,18,NULL,NULL,0,0,'No requirements',NULL,NULL,'AMTECH Machinery And Tools',NULL,NULL,NULL,NULL),(1557,NULL,NULL,NULL,'96265 44999',NULL,'2025-03-25 12:38:03.383994',1,18,NULL,NULL,0,0,'Ring',NULL,NULL,'Aalayam Foundation',NULL,NULL,NULL,NULL),(1558,NULL,NULL,NULL,'92821 22600',NULL,'2025-03-25 12:38:03.438614',1,18,NULL,NULL,0,0,'Not reachable',NULL,NULL,'Abhinitha Foundation Pvt. Ltd',NULL,NULL,NULL,NULL),(1559,NULL,NULL,NULL,'9543740000',NULL,'2025-03-25 12:38:03.492430',1,18,NULL,NULL,0,0,'Not reachable',NULL,NULL,'Ananya Shelters',NULL,NULL,NULL,NULL),(1560,NULL,NULL,NULL,'9600811188 / 97884 36699',NULL,'2025-03-25 12:38:03.551461',1,18,NULL,NULL,0,0,'Having team',NULL,NULL,'Arima Constructions & Developers',NULL,NULL,NULL,NULL),(1561,NULL,NULL,NULL,'9497123916',NULL,'2025-03-25 12:38:03.607744',1,18,NULL,NULL,0,0,'Having team',NULL,NULL,'Chathamkulam Builders',NULL,NULL,NULL,NULL),(1562,NULL,NULL,NULL,'90873 99001',NULL,'2025-03-25 12:38:03.664716',1,18,NULL,NULL,0,0,'He will call',NULL,NULL,'CREST REALTY',NULL,NULL,NULL,NULL),(1563,NULL,NULL,NULL,'96008 44777',NULL,'2025-03-25 12:38:03.720785',1,18,NULL,NULL,0,0,'Not reachable',NULL,NULL,'Cordon Bleu Properties and Infrastructures',NULL,NULL,NULL,NULL),(1564,NULL,NULL,NULL,'96268 55583 | 97511 55583',NULL,'2025-03-25 12:38:03.777855',1,18,NULL,NULL,0,0,'Busy',NULL,NULL,'DIAMOND CITY',NULL,NULL,NULL,NULL),(1565,NULL,NULL,NULL,'97866 55531 | 99431 76500',NULL,'2025-03-25 12:38:03.834911',1,18,NULL,NULL,0,0,'Said no requirements',NULL,NULL,'Viswa & Devji Diamonds',NULL,NULL,NULL,NULL),(1566,NULL,NULL,NULL,'97866 55531',NULL,'2025-03-25 12:38:03.881587',1,18,NULL,NULL,0,0,'Said no requirements',NULL,NULL,'Wondr Diamonds',NULL,NULL,NULL,NULL),(1567,NULL,NULL,NULL,'81440 00999',NULL,'2025-03-25 12:38:03.930275',1,18,NULL,NULL,0,0,'He will call',NULL,NULL,'Elysium Properties',NULL,NULL,NULL,NULL),(1568,NULL,NULL,NULL,'94450 27751 | 94440 79477',NULL,'2025-03-25 12:38:03.977869',1,18,NULL,NULL,0,0,'Ring',NULL,NULL,'Fairyland Foundations',NULL,NULL,NULL,NULL),(1569,NULL,NULL,NULL,'95009 43100',NULL,'2025-03-25 12:38:04.026745',1,18,NULL,NULL,0,0,'Need call',NULL,NULL,'Foundation One Infrastructures Pvt. Ltd',NULL,NULL,NULL,NULL),(1570,NULL,NULL,NULL,'99468 30300',NULL,'2025-03-25 12:38:04.074861',1,18,NULL,NULL,0,0,'Need call',NULL,NULL,'Global Habitat',NULL,NULL,NULL,NULL),(1571,NULL,NULL,NULL,'96596 23599',NULL,'2025-03-25 12:38:04.131744',1,18,NULL,NULL,0,0,'Share details need call',NULL,NULL,'Globuse Realtors Pvt Ltd',NULL,NULL,NULL,NULL),(1572,NULL,NULL,NULL,'9942009450',NULL,'2025-03-25 12:38:04.187552',1,18,NULL,NULL,0,0,'No requirements',NULL,NULL,'Gowtham Housing',NULL,NULL,NULL,NULL),(1573,NULL,NULL,NULL,'70922 11222',NULL,'2025-03-25 12:38:04.244642',1,18,NULL,NULL,0,0,'Share details they inform to his MD',NULL,NULL,'Greenfield Housing India P Ltd',NULL,NULL,NULL,NULL),(1574,NULL,NULL,NULL,'94864 04497',NULL,'2025-03-25 12:38:04.301542',1,18,NULL,NULL,0,0,'No requirements',NULL,NULL,'Harish Homes Bhairav',NULL,NULL,NULL,NULL),(1575,NULL,NULL,NULL,'9092223553',NULL,'2025-03-25 12:38:04.357743',1,18,NULL,NULL,0,0,'No requirements',NULL,NULL,'India Builders',NULL,NULL,NULL,NULL),(1576,NULL,NULL,NULL,'93448 18949 | 95611 16587',NULL,'2025-03-25 12:38:04.398181',1,18,NULL,NULL,0,0,'Having team',NULL,NULL,'India Land Tech Park',NULL,NULL,NULL,NULL),(1577,NULL,NULL,NULL,'97870 16111',NULL,'2025-03-25 12:38:04.445067',1,18,NULL,NULL,0,0,'Ring',NULL,NULL,'Infinium Developers',NULL,NULL,NULL,NULL),(1578,'Isaac','Marketing',NULL,'9373709057',NULL,'2025-03-25 12:38:04.485928',1,18,2,377,1,0,'Requirements in DM Details shared',4,NULL,'Tussor Machine Tools','Google',NULL,'2025-04-15 05:48:54.767506',NULL),(1579,NULL,NULL,NULL,'9095015080',NULL,'2025-03-25 12:38:04.541751',1,18,NULL,NULL,0,0,'Ring',NULL,NULL,'PRECISION MACHINE TOOLS',NULL,NULL,NULL,NULL),(1580,NULL,NULL,NULL,'4222524340',NULL,'2025-03-25 12:38:04.599507',1,18,NULL,NULL,0,0,'Ring',NULL,NULL,'Ideal Machine Tool',NULL,NULL,NULL,NULL),(1581,NULL,NULL,NULL,'98432 70806',NULL,'2025-03-25 12:38:04.655400',1,18,NULL,NULL,0,0,'Ring',NULL,NULL,'Hiratek Machine Tools',NULL,NULL,NULL,NULL),(1582,NULL,NULL,NULL,'7338970541 / 9087742266',NULL,'2025-03-25 12:38:04.712674',1,18,NULL,NULL,0,0,'Ring',NULL,NULL,'LSK Machine Tools',NULL,NULL,NULL,NULL),(1583,'suriya',NULL,NULL,'97516 61778',NULL,'2025-03-25 12:39:04.906729',1,11,NULL,NULL,0,0,'he asked Local seo & Linkedin markering costs',NULL,NULL,'CPEC GLOBAL',NULL,NULL,NULL,NULL),(1584,'Yaswanthrajan',NULL,NULL,'80124 27326',NULL,'2025-03-25 12:39:04.960053',1,11,NULL,NULL,0,0,'no need',NULL,NULL,'FASCO Private Limited',NULL,NULL,NULL,NULL),(1585,'nagaraj',NULL,NULL,'98422 59052',NULL,'2025-03-25 12:39:05.016460',1,11,NULL,NULL,0,0,'no need',NULL,NULL,'Premier Precision Engineering',NULL,NULL,NULL,NULL),(1586,'kalaivani',NULL,NULL,'97877 45252',NULL,'2025-03-25 12:39:05.075036',1,11,NULL,NULL,0,0,'if need will call back',NULL,NULL,'Impel Ferrocast Pvt Ltd',NULL,NULL,NULL,NULL),(1587,'vijay',NULL,NULL,'94433 21847',NULL,'2025-03-25 12:39:05.131036',1,11,NULL,NULL,0,0,'out of network',NULL,NULL,'Ratnalekshmi Precision Tools Pvt .ltd',NULL,NULL,NULL,NULL),(1588,NULL,NULL,NULL,'98431 82275',NULL,'2025-03-25 12:39:05.188033',1,11,NULL,NULL,0,0,'not ans',NULL,NULL,'Delta Copper Alloys',NULL,NULL,NULL,NULL),(1589,'Bharathi',NULL,NULL,'93450 92106',NULL,'2025-03-25 12:39:05.243424',1,11,NULL,NULL,0,0,'no need asked WA sent, AGT Vendor',NULL,NULL,'Geco Legend Enviro Tech',NULL,NULL,NULL,NULL),(1590,'Vijay Kumar',NULL,NULL,'93631 44383',NULL,'2025-03-25 12:39:05.292254',1,11,NULL,NULL,0,0,'no need',NULL,NULL,'Schumak Equipment (India) Private Limited',NULL,NULL,NULL,NULL),(1591,'Marketing',NULL,NULL,'99439 17774',NULL,'2025-03-25 12:39:05.348428',1,11,NULL,NULL,0,0,'switched off, WA sent',NULL,NULL,'Gishnu Gears (P) Ltd',NULL,NULL,NULL,NULL),(1592,'deepa',NULL,NULL,'96111 22930',NULL,'2025-03-25 12:39:05.397536',1,11,NULL,NULL,0,0,'no need',NULL,NULL,'MACRO PRECISION COMPONENTS',NULL,NULL,NULL,NULL),(1593,'Selvaraj',NULL,NULL,'98940 68716',NULL,'2025-03-25 12:39:05.445846',1,11,NULL,NULL,0,0,'not ans , WA sent Both',NULL,NULL,'Sandfits Foundries Private Limited',NULL,NULL,NULL,NULL),(1594,'Rajasekar',NULL,NULL,'99943 52523',NULL,'2025-03-25 12:39:05.502021',1,11,NULL,NULL,0,0,'no need',NULL,NULL,'S.V. Techno Castings',NULL,NULL,NULL,NULL),(1595,NULL,NULL,NULL,'95004 55783',NULL,'2025-03-25 12:39:05.571512',1,11,NULL,NULL,0,0,'not ans',NULL,NULL,'COMPASS INDIA',NULL,NULL,NULL,NULL),(1596,'Yogaraj',NULL,NULL,'73392 22802',NULL,'2025-03-25 12:39:05.620596',1,11,NULL,NULL,0,0,'need website but takes time , asked WA sent',NULL,NULL,'Borne Technologies Private Limited',NULL,NULL,NULL,NULL),(1597,NULL,NULL,NULL,'94872 17821',NULL,'2025-03-25 12:39:05.668024',1,11,NULL,NULL,0,0,'no need',NULL,NULL,'Babu Engineering',NULL,NULL,NULL,NULL),(1598,'manju',NULL,NULL,'98946 42455',NULL,'2025-03-25 12:39:05.716778',1,11,NULL,NULL,0,0,'not ans , Not in WA',NULL,NULL,'Datafield India Private Limited',NULL,NULL,NULL,NULL),(1599,'Praveen raj',NULL,NULL,'95851 43030',NULL,'2025-03-25 12:39:05.764237',1,11,NULL,NULL,0,0,'call April month',NULL,NULL,'YES INTECH',NULL,NULL,NULL,NULL),(1600,'Sibimon',NULL,NULL,'99942 06025',NULL,'2025-03-25 12:39:05.812576',1,11,NULL,NULL,0,0,'no need have team',NULL,NULL,'Q & Q solutions',NULL,NULL,NULL,NULL),(1601,'bhagavath singh',NULL,NULL,'90470 98100',NULL,'2025-03-25 12:39:05.851903',1,11,NULL,NULL,0,0,'no need',NULL,NULL,'VAMBSK FABS (P) LTD',NULL,NULL,NULL,NULL),(1602,'indumathi',NULL,NULL,'98422 90633',NULL,'2025-03-25 12:39:05.900982',1,11,NULL,NULL,0,0,'no need, indiamart site have',NULL,NULL,'Indhu Hydraulics',NULL,NULL,NULL,NULL),(1603,'sasidaran',NULL,NULL,'94430 61190',NULL,'2025-03-25 12:39:05.949575',1,11,NULL,NULL,0,0,'no need have team',NULL,NULL,'Surakhsha Transport Systems Private Limited',NULL,NULL,NULL,NULL),(1604,'satheesh',NULL,NULL,'98430 92454',NULL,'2025-03-25 12:39:05.997311',1,11,NULL,NULL,0,0,'no need, indiamart site have',NULL,NULL,'Everon Industries',NULL,NULL,NULL,NULL),(1605,NULL,NULL,NULL,'77080 00765',NULL,'2025-03-25 12:39:06.046370',1,11,NULL,NULL,0,0,'no need, tradeindia site have',NULL,NULL,'Expert Equipments',NULL,NULL,NULL,NULL),(1606,'kathirvel',NULL,NULL,'96886 66081',NULL,'2025-03-25 12:39:06.093243',1,11,NULL,NULL,0,0,'no need',NULL,NULL,'Arunagiri Sales Corporation',NULL,NULL,NULL,NULL),(1607,NULL,NULL,NULL,'7708853761',NULL,'2025-03-26 05:59:41.214047',1,11,NULL,NULL,0,0,'25.03.25	not ans',NULL,NULL,'Zalseera costumes','Mercy  gave',NULL,NULL,NULL),(1608,'Shri Vardhana Vel',NULL,NULL,'919566672813',NULL,'2025-03-26 06:11:35.137640',1,12,2,367,1,0,'proposal share for E commerce website .',13,NULL,'Ace KIng & Ace Queen',NULL,NULL,NULL,NULL),(1609,NULL,NULL,NULL,'9150870543',NULL,'2025-03-26 07:38:32.059033',1,12,NULL,NULL,0,0,'21/03/2025- he asked you do say complete things , he asked for marketing strategies how you will do we can discusss and then we can go for a meet .',4,NULL,'Mylal Exports',NULL,NULL,NULL,NULL),(1610,'Koushalya','Marketing person',NULL,'919524141526',NULL,'2025-03-26 10:09:42.081352',1,12,2,368,1,0,'she have gone through the presentation. We\'ll get back when there is a requirement.',4,NULL,'Vilvah',NULL,NULL,'2025-03-26 10:12:20.068568',NULL),(1611,NULL,NULL,NULL,'9994678899',NULL,'2025-03-26 10:25:44.425922',1,12,NULL,NULL,0,0,'not required',NULL,NULL,'KAY VENTURES PRIVATE LIMITED',NULL,NULL,NULL,NULL),(1612,NULL,NULL,NULL,'9442150295',NULL,'2025-03-26 10:25:44.485180',1,12,NULL,NULL,0,0,'not required',NULL,NULL,'K.S.M. EXPORTS',NULL,NULL,NULL,NULL),(1613,NULL,NULL,NULL,'9791520626',NULL,'2025-03-26 10:25:44.540849',1,12,NULL,NULL,0,0,'if need',NULL,NULL,'K.V. SELVI TEX',NULL,NULL,NULL,NULL),(1614,NULL,NULL,NULL,'7708411338',NULL,'2025-03-26 10:25:44.594791',1,12,NULL,NULL,0,0,'cb monday',NULL,NULL,'KAMYA FABS',NULL,NULL,NULL,NULL),(1615,NULL,NULL,NULL,'9842250030',NULL,'2025-03-26 10:25:44.648429',1,12,NULL,NULL,0,0,'Not required',NULL,NULL,'MADHURA GAARMENTS',NULL,NULL,NULL,NULL),(1616,NULL,NULL,NULL,'95240455521',NULL,'2025-03-26 10:25:44.695574',1,12,NULL,NULL,0,0,'not valid',NULL,NULL,'MAHAM KNIT FASHION',NULL,NULL,NULL,NULL),(1617,NULL,NULL,NULL,'9843140478',NULL,'2025-03-26 10:25:44.750144',1,12,NULL,NULL,0,0,'line busy',NULL,NULL,'M.R.K. APPARELS',NULL,NULL,NULL,NULL),(1618,NULL,NULL,NULL,'9894322488',NULL,'2025-03-26 10:25:44.796012',1,12,NULL,NULL,0,0,NULL,NULL,NULL,'MS Karthikeyan Garments',NULL,NULL,NULL,NULL),(1619,NULL,NULL,NULL,'9994711182',NULL,'2025-03-26 10:25:44.842725',1,12,NULL,NULL,0,0,'he gave vijayan number  - he didn\'t picked',NULL,NULL,'M.S.GARMENTS',NULL,NULL,NULL,NULL),(1620,NULL,NULL,NULL,'9443264754',NULL,'2025-03-26 10:25:44.888739',1,12,NULL,NULL,0,0,'line busy',NULL,NULL,'M.S.K. CREATIONS P.LTD',NULL,NULL,NULL,NULL),(1621,NULL,NULL,NULL,'089035 24711',NULL,'2025-03-26 10:25:44.926025',1,12,NULL,NULL,0,0,'not required',NULL,NULL,'M.S.P. APPARELS',NULL,NULL,NULL,NULL),(1622,'raj kumar',NULL,NULL,'96888 77077',NULL,'2025-03-26 10:25:44.973148',1,12,NULL,NULL,0,0,'he will save number website already given , will call you for DM',NULL,NULL,'GURU KARUNAA TEXTILE MILLS PVT LTD',NULL,NULL,NULL,NULL),(1623,NULL,NULL,NULL,'9750902140',NULL,'2025-03-26 10:25:45.019381',1,12,NULL,NULL,0,0,'not required',NULL,NULL,'M.G. COTTON CO. P. LTD.',NULL,NULL,NULL,NULL),(1624,NULL,NULL,NULL,'9952822290,',NULL,'2025-03-26 10:25:45.069479',1,12,NULL,NULL,0,0,'not required',NULL,NULL,'M.G. KNIT GARMENTS',NULL,NULL,NULL,NULL),(1625,NULL,NULL,NULL,'90425 52524',NULL,'2025-03-26 10:25:45.116717',1,12,NULL,NULL,0,0,'will call you back in 1 hr',NULL,NULL,'MKM Knit creation',NULL,NULL,NULL,NULL),(1626,NULL,NULL,NULL,'9442120893',NULL,'2025-03-26 10:25:45.174230',1,12,NULL,NULL,0,0,'NA',NULL,NULL,'M.N. GROWN (I)P.LTD',NULL,NULL,NULL,NULL),(1627,NULL,NULL,NULL,'7373757577',NULL,'2025-03-26 10:25:45.229822',1,12,NULL,NULL,0,0,'not valid',NULL,NULL,'M.D. CLOTHING(INDIA) PVT.LTD.,',NULL,NULL,NULL,NULL),(1628,NULL,NULL,NULL,'9894057211',NULL,'2025-03-26 10:25:45.278941',1,12,NULL,NULL,0,0,'line busy',NULL,NULL,'L.S.M. GARMENTS',NULL,NULL,NULL,NULL),(1629,NULL,NULL,NULL,'9965535570',NULL,'2025-03-26 10:25:45.334487',1,12,NULL,NULL,0,0,'if need',NULL,NULL,'KNITWIN FASHION',NULL,NULL,NULL,NULL),(1630,NULL,NULL,NULL,'9994978377',NULL,'2025-03-26 10:25:45.391379',1,12,NULL,NULL,0,0,NULL,NULL,NULL,'LAKSHANYA GARMENTS',NULL,NULL,NULL,NULL),(1631,'srinivasan',NULL,NULL,'9994653336',NULL,'2025-03-26 10:25:45.439205',1,12,NULL,NULL,0,0,'if need will already tied up for 6 months',NULL,NULL,'KNITWIN INTERNATIONAL (INNER WEAR EXPORTERS)',NULL,NULL,NULL,NULL),(1632,NULL,NULL,NULL,'9047010474',NULL,'2025-03-26 10:25:45.487663',1,12,NULL,NULL,0,0,'not required now',NULL,NULL,'Koral',NULL,NULL,NULL,NULL),(1633,NULL,NULL,NULL,'9442238706',NULL,'2025-03-26 10:25:45.527036',1,12,NULL,NULL,0,0,'not requried',NULL,NULL,'K K KNIt Exports',NULL,NULL,NULL,NULL),(1634,NULL,NULL,NULL,'9364574044',NULL,'2025-03-26 12:21:01.822965',1,11,NULL,NULL,0,0,'line busy',NULL,NULL,'RABWIN INDUSTRIES PRIVATE LIMITED',NULL,NULL,NULL,NULL),(1635,NULL,NULL,NULL,'96293 00011',NULL,'2025-03-26 12:21:01.876351',1,11,NULL,NULL,0,0,'no need already doing',NULL,NULL,'Unimech Industries Pvt Ltd',NULL,NULL,NULL,NULL),(1636,NULL,NULL,NULL,'9677790745',NULL,'2025-03-26 12:21:01.932130',1,11,NULL,NULL,0,0,'no need',NULL,NULL,'Jeeva\'s industries and engineering solutions',NULL,NULL,NULL,NULL),(1637,NULL,NULL,NULL,'9344835880',NULL,'2025-03-26 12:21:01.988685',1,11,NULL,NULL,0,0,'no need already doing',NULL,NULL,'Hydro Press Industries',NULL,NULL,NULL,NULL),(1638,NULL,NULL,NULL,'9066632007',NULL,'2025-03-26 12:21:02.037495',1,11,NULL,NULL,0,0,'out of network',NULL,NULL,'RSHA INDUSTRIES',NULL,NULL,NULL,NULL),(1639,NULL,NULL,NULL,'9994328226',NULL,'2025-03-26 12:21:02.085648',1,11,NULL,NULL,0,0,'switched off',NULL,NULL,'World Innovation Technologies',NULL,NULL,NULL,NULL),(1640,NULL,NULL,NULL,'9788349702',NULL,'2025-03-26 12:21:02.161142',1,11,NULL,NULL,0,0,'no need have vendor',NULL,NULL,'Sri Vinayaka PLASTECH',NULL,NULL,NULL,NULL),(1641,NULL,NULL,NULL,'9976538426',NULL,'2025-03-26 12:21:02.231552',1,11,NULL,NULL,0,0,'no need',NULL,NULL,'SSS Industries',NULL,NULL,NULL,NULL),(1642,NULL,NULL,NULL,'422 2655666',NULL,'2025-03-26 12:21:02.288884',1,11,NULL,NULL,0,0,'not ans, linkedin conection gave',NULL,NULL,'Elger Controls India Private Limited',NULL,NULL,NULL,NULL),(1643,NULL,NULL,NULL,'8925926455',NULL,'2025-03-26 12:21:02.360282',1,11,NULL,NULL,0,0,'not ans',NULL,NULL,'FLOSYS PUMPS PVT LTD',NULL,NULL,NULL,NULL),(1644,'Dinesh kumar',NULL,NULL,'98423 74949',NULL,'2025-03-26 12:21:02.413880',1,11,2,NULL,0,0,'05.04.25	if needed will call back \nhe need brochures',NULL,NULL,'T-Fab Technologies LLP',NULL,NULL,'2025-04-08 04:27:20.619109',NULL),(1645,NULL,NULL,NULL,'6382575329',NULL,'2025-03-26 12:21:02.453041',1,11,NULL,NULL,0,0,'line busy',NULL,NULL,'Kondaia Engineering Company Private Limited',NULL,NULL,NULL,NULL),(1646,NULL,NULL,NULL,'80425-34481',NULL,'2025-03-26 12:29:10.759210',1,18,NULL,NULL,0,0,'Num not exist',NULL,NULL,'Orient Machine Tools',NULL,NULL,NULL,NULL),(1647,NULL,NULL,NULL,'9952769543',NULL,'2025-03-26 12:29:10.807662',1,18,NULL,NULL,0,0,'Call evenging',NULL,NULL,'Smart tech CNC machining industrial',NULL,NULL,NULL,NULL),(1648,'Thirumalai Raja - Marketing',NULL,NULL,'7305794486',NULL,'2025-03-26 12:29:10.863612',1,18,NULL,NULL,0,0,'Share details need call',NULL,NULL,'Electro Mec Machinery Manufacturers Private Limited',NULL,NULL,NULL,NULL),(1649,NULL,NULL,NULL,'8807966351',NULL,'2025-03-26 12:29:10.917810',1,18,NULL,NULL,0,0,'Num not exist',NULL,NULL,'Machine Tech Solution',NULL,NULL,NULL,NULL),(1650,NULL,NULL,NULL,'96989 19484',NULL,'2025-03-26 12:29:10.971897',1,18,NULL,NULL,0,0,'No need',NULL,NULL,'Universal Machines',NULL,NULL,NULL,NULL),(1651,NULL,NULL,NULL,'9150033120',NULL,'2025-03-26 12:29:11.027410',1,18,NULL,NULL,0,0,'Share details need call',NULL,NULL,'RS Automation',NULL,NULL,NULL,NULL),(1652,'Sathish',NULL,NULL,'7904331123',NULL,'2025-03-26 12:29:11.081582',1,18,NULL,NULL,0,0,'Share details need call',NULL,NULL,'Sree Kaderi Ambal Mills',NULL,NULL,NULL,NULL),(1653,'Angu ananda',NULL,NULL,'9994403966',NULL,'2025-03-26 12:29:11.135733',1,18,NULL,NULL,0,0,'Having own team',NULL,NULL,'GP Cottons,Yarns and Fabrics',NULL,NULL,NULL,NULL),(1654,NULL,NULL,NULL,'90477 77757',NULL,'2025-03-26 12:29:11.191200',1,18,NULL,NULL,0,0,'Call tomorrow',NULL,NULL,'Point Pumps',NULL,NULL,NULL,NULL),(1655,'Karthika Velayutham',NULL,NULL,'9488563535',NULL,'2025-03-26 12:29:11.245314',1,18,NULL,NULL,0,0,'Ring',NULL,NULL,'Vidluxe',NULL,NULL,NULL,NULL),(1656,NULL,NULL,NULL,'9894615000',NULL,'2025-03-26 12:29:11.299127',1,18,NULL,NULL,0,0,'No requirements',NULL,NULL,'K.R.C. Housing & Infrastructure',NULL,NULL,NULL,NULL),(1657,NULL,NULL,NULL,'9364450855 | 9364440855',NULL,'2025-03-26 12:29:11.337825',1,18,NULL,NULL,0,0,'He will call',NULL,NULL,'Lumbodhara Promoters',NULL,NULL,NULL,NULL),(1658,NULL,NULL,NULL,'9751570707',NULL,'2025-03-26 12:29:11.375294',1,18,NULL,NULL,0,0,'Ring',NULL,NULL,'M and C Property Development Private Limited',NULL,NULL,NULL,NULL),(1659,NULL,NULL,NULL,'75500 62121',NULL,'2025-03-26 12:29:11.412951',1,18,NULL,NULL,0,0,'Not interested',NULL,NULL,'Marutham Group',NULL,NULL,NULL,NULL),(1660,NULL,NULL,NULL,'98422 12080 | 99949 12840',NULL,'2025-03-26 12:29:11.451673',1,18,NULL,NULL,0,0,'Share details team will call',NULL,NULL,'MayFlower',NULL,NULL,NULL,NULL),(1661,NULL,NULL,NULL,'96559 13145',NULL,'2025-03-26 12:29:11.489181',1,18,NULL,NULL,0,0,'Not interested',NULL,NULL,'Merestone(Merestone Properties Pvt Ltd)',NULL,NULL,NULL,NULL),(1662,NULL,NULL,NULL,'98433 33111',NULL,'2025-03-26 12:29:11.536828',1,18,NULL,NULL,0,0,'Ring',NULL,NULL,'Mount Housing',NULL,NULL,NULL,NULL),(1663,NULL,NULL,NULL,'93428 00331',NULL,'2025-03-26 12:29:11.582421',1,18,NULL,NULL,0,0,'Need call',NULL,NULL,'Nithya Estates',NULL,NULL,NULL,NULL),(1664,NULL,NULL,NULL,'98423 23071',NULL,'2025-03-26 12:29:11.628546',1,18,NULL,NULL,0,0,'Busy',NULL,NULL,'Nivasan Homes',NULL,NULL,NULL,NULL),(1665,NULL,NULL,NULL,'95430 54288',NULL,'2025-03-26 12:29:11.684032',1,18,NULL,NULL,0,0,'No response',NULL,NULL,'Patteeswara Developers India Private Limited',NULL,NULL,NULL,NULL),(1666,NULL,NULL,NULL,'94425 58917',NULL,'2025-03-26 12:29:11.738166',1,18,NULL,NULL,0,0,'Switch off',NULL,NULL,'PNR Prime Realty,',NULL,NULL,NULL,NULL),(1667,NULL,NULL,NULL,'98460 54000',NULL,'2025-03-26 12:29:11.791832',1,18,NULL,NULL,0,0,'Ring',NULL,NULL,'Promag Foundations & Structures Pvt Ltd',NULL,NULL,NULL,NULL),(1668,NULL,NULL,NULL,'90925 99992',NULL,'2025-03-26 12:29:11.839681',1,18,NULL,NULL,0,0,'No response',NULL,NULL,'R.R Promoters',NULL,NULL,NULL,NULL),(1669,'Karthik',NULL,NULL,'9659499999 | 77085 74111',NULL,'2025-03-26 12:29:11.893384',1,18,NULL,NULL,0,0,'Share details need call',NULL,NULL,'Radiant Real Properties India Pvt. Ltd',NULL,NULL,NULL,NULL),(1670,NULL,NULL,NULL,'81900 77700',NULL,'2025-03-26 12:29:11.939372',1,18,NULL,NULL,0,0,'No requirements',NULL,NULL,'CHIMP Goli Soda',NULL,NULL,NULL,NULL),(1671,NULL,NULL,NULL,'9344754389',NULL,'2025-03-26 12:29:11.986583',1,18,NULL,NULL,0,0,'No need',NULL,NULL,'AKSHAY INDUSTRIES',NULL,NULL,NULL,NULL),(1672,NULL,NULL,NULL,'8098645843',NULL,'2025-03-26 12:29:12.040794',1,18,NULL,NULL,0,0,'He will call if need',NULL,NULL,'chamraj tea',NULL,NULL,NULL,NULL),(1673,NULL,NULL,NULL,'9894067658',NULL,'2025-03-26 12:29:12.094964',1,18,NULL,NULL,0,0,'Need call',NULL,NULL,'MARSHAll Soft Drinks',NULL,NULL,NULL,NULL),(1674,NULL,NULL,NULL,'9894096119',NULL,'2025-03-26 12:29:12.150420',1,18,NULL,NULL,0,0,'No requirements',NULL,NULL,'William\'s Wine',NULL,NULL,NULL,NULL),(1675,NULL,NULL,NULL,'94428 85944',NULL,'2025-03-26 12:29:12.204604',1,18,NULL,NULL,0,0,'Ring',NULL,NULL,'Redmonta',NULL,NULL,NULL,NULL),(1676,'Mohan Ramasamy',NULL,NULL,'9962930506',NULL,'2025-03-27 12:27:28.965388',1,18,NULL,NULL,0,0,'No idea',NULL,NULL,'Alzest Auto Cast',NULL,NULL,NULL,NULL),(1677,'Aswanth Rajamanickam',NULL,NULL,'7373736393',NULL,'2025-03-27 12:27:29.012592',1,18,NULL,NULL,0,0,'Share details he will call',NULL,NULL,'ARM Industries',NULL,NULL,NULL,NULL),(1678,'Arjun Rajput',NULL,NULL,'7678529653',NULL,'2025-03-27 12:27:29.068250',1,18,NULL,NULL,0,0,'No requirements',NULL,NULL,'Sekhani Groups)',NULL,NULL,NULL,NULL),(1679,'Palani samy',NULL,NULL,'9842250218',NULL,'2025-03-27 12:27:29.122379',1,18,NULL,NULL,0,0,'Ask to share details',NULL,NULL,'Aquatex',NULL,NULL,NULL,NULL),(1680,'Yogaanathan',NULL,NULL,'087544 40984',NULL,'2025-03-27 12:27:29.176449',1,18,NULL,NULL,0,0,'Share details he is busy with work',NULL,NULL,'GVR Groups',NULL,NULL,NULL,NULL),(1681,'Anirudh',NULL,NULL,'7402430003',NULL,'2025-03-27 12:27:29.232002',1,18,NULL,NULL,0,0,'Share details need call',NULL,NULL,'INKA Smart Home',NULL,NULL,NULL,NULL),(1682,NULL,NULL,NULL,'097905 47888',NULL,'2025-03-27 12:27:29.286182',1,18,NULL,NULL,0,0,'No requirements',NULL,NULL,'Coretech Solutions',NULL,NULL,NULL,NULL),(1683,NULL,NULL,NULL,'076048 51813',NULL,'2025-03-27 12:27:29.340361',1,18,NULL,NULL,0,0,'No requirements',NULL,NULL,'ESQUIRE AUTOMATION',NULL,NULL,NULL,NULL),(1684,NULL,NULL,NULL,'78716 72315, 89218 17758',NULL,'2025-03-27 12:27:29.395878',1,18,NULL,NULL,0,0,'Busy',NULL,NULL,'Home IQ - Smart Home Automation',NULL,NULL,NULL,NULL),(1685,NULL,NULL,NULL,'098439 12345',NULL,'2025-03-27 12:27:29.450011',1,18,NULL,NULL,0,0,'Having team',NULL,NULL,'The Domotics',NULL,NULL,NULL,NULL),(1686,NULL,NULL,NULL,'098848 97994',NULL,'2025-03-27 12:27:29.504063',1,18,NULL,NULL,0,0,'Busy',NULL,NULL,'Astute Automation',NULL,NULL,NULL,NULL),(1687,NULL,NULL,NULL,'097896 25966',NULL,'2025-03-27 12:27:29.559050',1,18,NULL,NULL,0,0,'No requirements',NULL,NULL,'Forge Hitech Automation',NULL,NULL,NULL,NULL),(1688,NULL,NULL,NULL,'095008 50000',NULL,'2025-03-27 12:27:29.613656',1,18,NULL,NULL,0,0,'No requirements',NULL,NULL,'Onebee Technology Private Limited',NULL,NULL,NULL,NULL),(1689,NULL,NULL,NULL,'095979 12908',NULL,'2025-03-27 12:27:29.659398',1,18,NULL,NULL,0,0,'Ring',NULL,NULL,'Nexus Automation Solutions',NULL,NULL,NULL,NULL),(1690,NULL,NULL,NULL,'0422 420 0121',NULL,'2025-03-27 12:27:29.706594',1,18,NULL,NULL,0,0,'Need call',NULL,NULL,'Electronic Devices & Systems',NULL,NULL,NULL,NULL),(1691,NULL,NULL,NULL,'090848 40848',NULL,'2025-03-27 12:27:29.752039',1,18,NULL,NULL,0,0,'No requirements',NULL,NULL,'Tixa',NULL,NULL,NULL,NULL),(1692,NULL,NULL,NULL,'073392 90928',NULL,'2025-03-27 12:27:29.798440',1,18,NULL,NULL,0,0,'Call back evening',NULL,NULL,'EYE GUARD CCTV SURVEILLANCE',NULL,NULL,NULL,NULL),(1693,NULL,NULL,NULL,'8248392833',NULL,'2025-03-27 12:27:29.862249',1,18,NULL,NULL,0,0,'Ring',NULL,NULL,'ARK ENTERPRISESS',NULL,NULL,NULL,NULL),(1694,NULL,NULL,NULL,'97695 76773',NULL,'2025-03-27 12:27:29.916385',1,18,NULL,NULL,0,0,'Busy',NULL,NULL,'BuildTrack Smart Home Automation',NULL,NULL,NULL,NULL),(1695,NULL,NULL,NULL,'91 81243-44786',NULL,'2025-03-27 12:27:29.971829',1,18,NULL,NULL,0,0,'No requirements',NULL,NULL,'Infiniti Automation',NULL,NULL,NULL,NULL),(1696,'Sampath Kumar',NULL,NULL,'7259599558 - 89251 06665',NULL,'2025-03-27 12:27:30.025948',1,18,NULL,NULL,0,0,'Ring',NULL,NULL,'FestonSEV',NULL,NULL,NULL,NULL),(1697,NULL,NULL,NULL,'95007-25552\n(+91)99528-12',NULL,'2025-03-27 12:27:30.071721',1,18,NULL,NULL,0,0,'No requirements',NULL,NULL,'EDS automation',NULL,NULL,NULL,NULL),(1698,NULL,NULL,NULL,'9842234033',NULL,'2025-03-27 12:27:30.119060',1,18,NULL,NULL,0,0,'No requirements',NULL,NULL,'Technostore',NULL,NULL,NULL,NULL),(1699,NULL,NULL,NULL,'094870 44355',NULL,'2025-03-27 12:27:30.164834',1,18,NULL,NULL,0,0,'Having team',NULL,NULL,'Iotics Technology Private Limited',NULL,NULL,NULL,NULL),(1700,NULL,NULL,NULL,'9361724408',NULL,'2025-03-27 12:27:30.219016',1,18,NULL,NULL,0,0,'Share details inform to manager',NULL,NULL,'Tucker Motors Private Limited',NULL,NULL,NULL,NULL),(1701,NULL,NULL,NULL,'9629644781',NULL,'2025-03-27 12:27:30.274991',1,18,NULL,NULL,0,0,'Ring',NULL,NULL,'TamiraBot Advanced Engineering',NULL,NULL,NULL,NULL),(1702,NULL,NULL,NULL,'94874 79610 / 9626333934',NULL,'2025-03-27 12:27:30.332395',1,18,NULL,NULL,0,0,'Ring',NULL,NULL,'OXYGEN ENERGY ENTERPRISES & OXYGEN ENERGY SERVICES',NULL,NULL,NULL,NULL),(1703,NULL,NULL,NULL,'8220628889',NULL,'2025-03-27 12:27:30.387930',1,18,NULL,NULL,0,0,'Ring',NULL,NULL,'NEW ENERGY WAGON',NULL,NULL,NULL,NULL),(1704,NULL,NULL,NULL,'95431 45123',NULL,'2025-03-27 12:27:30.442007',1,18,NULL,NULL,0,0,'Ring',NULL,NULL,'Clenergy Innovations Private Limited (CLIP Energy)',NULL,NULL,NULL,NULL),(1705,NULL,NULL,NULL,'7795007665',NULL,'2025-03-27 12:27:30.497031',1,18,NULL,NULL,0,0,'call back april 15th share detials',NULL,NULL,'Opto Electric Vehicles',NULL,NULL,NULL,NULL),(1706,'Shree Bharathi Manoranjan',NULL,NULL,'9500935115',NULL,'2025-03-28 09:48:25.614684',1,12,NULL,NULL,0,0,'2/04/2025- he told if i need will call , she gave number of husband , he tld to shre portfolio cost informed asked to shre profile , he already have domain , hosting and SSL',NULL,NULL,'Five P Venture',NULL,NULL,'2025-04-02 07:23:13.465629',NULL),(1707,NULL,NULL,NULL,'9150636385',NULL,'2025-03-28 09:48:25.686877',1,12,NULL,NULL,0,0,'not required',NULL,NULL,'Organic Fiber Clothing',NULL,NULL,NULL,NULL),(1708,'Dinesh Chandrabose',NULL,NULL,'9740180096',NULL,'2025-03-28 09:48:25.744025',1,12,NULL,NULL,0,0,'not reequired now',NULL,NULL,'Shine Organic Clothing Company',NULL,NULL,NULL,NULL),(1709,NULL,NULL,NULL,'9894605315',NULL,'2025-03-28 09:48:25.799762',1,12,NULL,NULL,0,0,'he told am driving am the concern person',NULL,NULL,'Greener Private Limited',NULL,NULL,NULL,NULL),(1710,'ARIVOLI',NULL,NULL,'9786612012',NULL,'2025-03-28 09:48:25.856852',1,12,NULL,NULL,0,0,'he asked to share rpofile first driving now , will upate tom -cb',NULL,NULL,'Organic Clothes India',NULL,NULL,NULL,NULL),(1711,'RaviShankar Muruges',NULL,NULL,'96986 99699',NULL,'2025-03-28 09:48:25.912753',1,12,NULL,NULL,0,0,'not valid',NULL,NULL,'TRENDY INCORP',NULL,NULL,NULL,NULL),(1712,NULL,NULL,NULL,'8344742303',NULL,'2025-03-28 09:48:25.969858',1,12,NULL,NULL,0,0,NULL,NULL,NULL,'Expoknits International',NULL,NULL,NULL,NULL),(1713,'Vinoth Kumar',NULL,NULL,'9994810107 -',NULL,'2025-03-28 09:48:26.025575',1,12,NULL,NULL,0,0,'not required',NULL,NULL,'Fashion Clothing Company',NULL,NULL,NULL,NULL),(1714,NULL,NULL,NULL,'9952800900',NULL,'2025-03-28 09:48:26.082715',1,12,NULL,NULL,0,0,'share me details not now - cb',NULL,NULL,'Rajasri Export',NULL,NULL,NULL,NULL),(1715,NULL,NULL,NULL,'9600025510',NULL,'2025-03-28 09:48:26.129909',1,12,NULL,NULL,0,0,'22/04- Switchoff , we amking products yet , later need will update you',NULL,NULL,'Sukhino Clothings',NULL,NULL,'2025-04-22 11:54:48.404707',NULL),(1716,NULL,NULL,NULL,'9566673491',NULL,'2025-03-28 09:48:26.170512',1,12,NULL,NULL,0,0,'not required',NULL,NULL,'Four pillars sustainable clothing',NULL,NULL,NULL,NULL),(1717,NULL,NULL,NULL,'9043203959',NULL,'2025-03-28 09:48:26.227492',1,12,NULL,NULL,0,0,'linr busy -cb',NULL,NULL,'Tari-Theloomtheory',NULL,NULL,NULL,NULL),(1718,NULL,NULL,NULL,'9597754226',NULL,'2025-03-28 09:48:26.274998',1,12,NULL,NULL,0,0,'asked to share profile , already have own developer',NULL,NULL,'Ashta',NULL,NULL,NULL,NULL),(1719,NULL,NULL,NULL,'9965617676',NULL,'2025-03-28 09:48:26.323933',1,12,NULL,NULL,0,0,'already tied up with other company share me your detials if need in future will get back',NULL,NULL,'Sri Chakra Textiles',NULL,NULL,NULL,NULL),(1720,NULL,NULL,NULL,'7982838280',NULL,'2025-03-28 09:48:26.380089',1,12,NULL,NULL,0,0,'not requied now',NULL,NULL,'Alpha Industries',NULL,NULL,NULL,NULL),(1721,NULL,NULL,NULL,'90475 89465',NULL,'2025-03-28 09:48:26.437181',1,12,NULL,NULL,0,0,'concern person is out will ask to calll - cb',NULL,NULL,'Eco-life',NULL,NULL,NULL,NULL),(1722,NULL,NULL,NULL,'97872 74556',NULL,'2025-03-28 09:48:26.509629',1,12,NULL,NULL,0,0,'not required',NULL,NULL,'SMR YARNS AND EXPORT FABRICS',NULL,NULL,NULL,NULL),(1723,NULL,NULL,NULL,'98946 57747',NULL,'2025-03-28 09:48:26.566800',1,12,NULL,NULL,0,0,'not required',NULL,NULL,'Dharshini Impex',NULL,NULL,NULL,NULL),(1724,'Habeeb',NULL,NULL,'9364311991',NULL,'2025-03-28 09:48:26.622604',1,12,NULL,NULL,0,0,'24/03/2025- he was busy in purchase , will let you know if  comes in cbe',NULL,NULL,'Cresent kitchen studio',NULL,NULL,NULL,NULL),(1725,NULL,NULL,NULL,'9443683122',NULL,'2025-03-28 09:48:26.679698',1,12,NULL,NULL,0,0,'cb tom busy',NULL,NULL,'LEWA Designers',NULL,NULL,NULL,NULL),(1726,NULL,NULL,NULL,'9994462200',NULL,'2025-03-28 10:02:23.142191',1,12,NULL,NULL,0,0,'not required now',NULL,NULL,'Surabe Enterprise',NULL,NULL,NULL,NULL),(1727,NULL,NULL,NULL,'9047024223',NULL,'2025-03-28 10:02:23.195160',1,12,5,NULL,0,0,'11 , 10/04/2025- NA , 27/03/2025- asked give me a day will update , he told you do for overseas we are into exporting , shared profile in mail - cb',NULL,NULL,'Unmoda | Sustainable Clothing',NULL,NULL,'2025-04-11 06:04:22.812631',NULL),(1728,'Naveen Micheal John - Executive Director',NULL,NULL,'9952412274',NULL,'2025-03-28 10:02:23.252366',1,12,NULL,NULL,0,0,'asked to share profile he will check with the concern person , corperate video already did pitch for likedIN - cb',NULL,NULL,'Cotton Blossom',NULL,NULL,NULL,NULL),(1729,'Manuraj - VP',NULL,NULL,'8903777842',NULL,'2025-03-28 10:02:23.308410',1,12,NULL,NULL,0,0,'team already doing if need will contact share me your profile',NULL,NULL,'Varthagam International',NULL,NULL,NULL,NULL),(1730,NULL,NULL,NULL,'9659550002',NULL,'2025-03-28 10:02:23.364029',1,12,NULL,382,1,0,'15/04/2025- asked to do watsup he was busy ,1/04/2025 -line busy , asked to share details -cb',NULL,NULL,'AR APPAREL',NULL,NULL,'2025-04-17 05:14:14.824196',NULL),(1731,NULL,NULL,NULL,'9942499537',NULL,'2025-03-28 10:02:23.421248',1,12,NULL,NULL,0,0,NULL,NULL,NULL,'Edison Clothing Inc Industries',NULL,NULL,NULL,NULL),(1732,'Satheesh Kannan',NULL,NULL,'95855 16034',NULL,'2025-03-28 10:02:23.477062',1,12,NULL,NULL,0,0,'NA , line busy',NULL,NULL,'Nitin Exports',NULL,NULL,NULL,NULL),(1733,NULL,NULL,NULL,'88707 75609',NULL,'2025-03-28 10:02:23.534169',1,12,NULL,NULL,0,0,'disconnected after intro',NULL,NULL,'MKS CLOTHING COMPANY',NULL,NULL,NULL,NULL),(1734,NULL,NULL,NULL,'9843222262',NULL,'2025-03-28 10:02:23.589945',1,12,NULL,NULL,0,0,'if need wil call',NULL,NULL,'K K Balusamy & Co',NULL,NULL,NULL,NULL),(1735,NULL,NULL,NULL,'9787310101',NULL,'2025-03-28 10:02:23.647026',1,12,NULL,NULL,0,0,'not required',NULL,NULL,'SRI SHAKTHI TEX',NULL,NULL,NULL,NULL),(1736,NULL,NULL,NULL,'97900 10240',NULL,'2025-03-28 10:02:23.704521',1,12,NULL,NULL,0,0,'line busy',NULL,NULL,'Gnanam Tex',NULL,NULL,NULL,NULL),(1737,NULL,NULL,NULL,'8015606330',NULL,'2025-03-28 10:02:23.760073',1,12,NULL,NULL,0,0,'cb tom',NULL,NULL,'Sri Mangalambigai Tex',NULL,NULL,NULL,NULL),(1738,NULL,NULL,NULL,'9489372011',NULL,'2025-03-28 10:02:23.817232',1,12,NULL,NULL,0,0,'line busy',NULL,NULL,'FERTILE APPARELS',NULL,NULL,NULL,NULL),(1739,NULL,NULL,NULL,'8838319743',NULL,'2025-03-28 10:02:23.873024',1,12,NULL,379,1,0,'03/04/2025- NA , 02/04/2025- sir is out she will cb after come ask what all you do branding , developing , asked to share portfolio',NULL,NULL,'Obuli Tex',NULL,NULL,'2025-04-07 12:20:50.382941',NULL),(1740,NULL,NULL,NULL,'9500979992',NULL,'2025-03-28 10:02:23.930189',1,12,NULL,NULL,0,0,'08/04/2025- spoke to manager waiting for reply will update , 03/04/2025- in meeting willcheck and update , 27/03/2025- will call you in factory now ,asked to share profile and brochure , catlogue samples',NULL,NULL,'Ecoline Clothing',NULL,NULL,'2025-04-08 12:18:45.962357',NULL),(1741,NULL,NULL,NULL,'94866 09111',NULL,'2025-03-28 10:02:23.977188',1,12,NULL,NULL,0,0,'switchoff share mail -cb',NULL,NULL,'Artis Apparel Exports Private Limited',NULL,NULL,NULL,NULL),(1742,NULL,NULL,NULL,'9790015992',NULL,'2025-03-28 10:02:24.026127',1,12,NULL,NULL,0,0,'if need will call',NULL,NULL,'Shree Renga Polyester Pvt Ltd',NULL,NULL,NULL,NULL),(1743,NULL,NULL,NULL,'9443156282',NULL,'2025-03-28 10:02:24.065269',1,12,NULL,NULL,0,0,'out of network',NULL,NULL,'Adhavaa Bags',NULL,NULL,NULL,NULL),(1744,NULL,NULL,NULL,'9894031155',NULL,'2025-03-28 10:02:24.114391',1,12,NULL,NULL,0,0,'not idea if need',NULL,NULL,'Anayajothi Fabrics',NULL,NULL,NULL,NULL),(1745,NULL,NULL,NULL,'99944 45751',NULL,'2025-03-28 10:02:24.153420',1,12,NULL,NULL,0,0,'not now if need',NULL,NULL,'UNIQUE IMPEX',NULL,NULL,NULL,NULL),(1746,NULL,NULL,NULL,'9443339717',NULL,'2025-03-28 10:02:24.202393',1,12,NULL,NULL,0,0,'not required',NULL,NULL,'saravana traders',NULL,NULL,NULL,NULL),(1747,NULL,NULL,NULL,'9790063644',NULL,'2025-03-28 10:02:24.259570',1,12,NULL,NULL,0,0,'not required , already doing',NULL,NULL,'Kattapai',NULL,NULL,NULL,NULL),(1748,NULL,NULL,NULL,'8300809008',NULL,'2025-03-28 10:02:24.315340',1,12,NULL,NULL,0,0,'concern person is not there , she told cb tom after 11',NULL,NULL,'Ecosphere',NULL,NULL,NULL,NULL),(1749,'SATHISH NAIR',NULL,NULL,'422 424300',NULL,'2025-03-28 12:13:10.972708',1,18,NULL,NULL,0,0,'Not reachable',NULL,NULL,'ESSEMM India',NULL,NULL,NULL,NULL),(1750,NULL,NULL,NULL,'9047398282',NULL,'2025-03-28 12:13:11.026705',1,18,NULL,NULL,0,0,'Share details need call',NULL,NULL,'ABT Logistics',NULL,NULL,NULL,NULL),(1751,NULL,NULL,NULL,'98430 23642',NULL,'2025-03-28 12:13:11.074285',1,18,NULL,NULL,0,0,'Ring',NULL,NULL,'AK Power Service',NULL,NULL,NULL,NULL),(1752,NULL,NULL,NULL,'9677421228 -',NULL,'2025-03-28 12:13:11.123011',1,18,NULL,NULL,0,0,'Ring',NULL,NULL,'K Power',NULL,NULL,NULL,NULL),(1753,NULL,NULL,NULL,'8048974782',NULL,'2025-03-28 12:13:11.171095',1,18,NULL,NULL,0,0,'Ring',NULL,NULL,'Arun Rega Bakery Machineries Pvt Ltd',NULL,NULL,NULL,NULL),(1754,'Prakash',NULL,NULL,'99655 85000',NULL,'2025-03-28 12:13:11.227875',1,18,NULL,NULL,0,0,'Share details need call',NULL,NULL,'Jai Sakthi Mills',NULL,NULL,NULL,NULL),(1755,NULL,NULL,NULL,'422 2313197',NULL,'2025-03-28 12:13:11.282367',1,18,NULL,NULL,0,0,'Ring',NULL,NULL,'Niswin Foods',NULL,NULL,NULL,NULL),(1756,NULL,NULL,NULL,'9362393638',NULL,'2025-03-28 12:13:11.336546',1,18,NULL,NULL,0,0,'Busy',NULL,NULL,'Ponmurugan Dhall Mills',NULL,NULL,NULL,NULL),(1757,NULL,NULL,NULL,'93601  20030.',NULL,'2025-03-28 12:13:11.392039',1,18,NULL,NULL,0,0,'Need call',NULL,NULL,'Prabu Soap Works(Arasan Group)',NULL,NULL,NULL,NULL),(1758,NULL,NULL,NULL,'9842475279',NULL,'2025-03-28 12:13:11.446131',1,18,NULL,NULL,0,0,'He will call in auditing',NULL,NULL,'Auxichem India & Company',NULL,NULL,NULL,NULL),(1759,NULL,NULL,NULL,'9363090009',NULL,'2025-03-28 12:13:11.501628',1,18,NULL,NULL,0,0,'No requirements',NULL,NULL,'Brindhaa Processing Mills',NULL,NULL,NULL,NULL),(1760,NULL,NULL,NULL,'99444 23190',NULL,'2025-03-28 12:13:11.555813',1,18,NULL,NULL,0,0,'No requirements',NULL,NULL,'Parvathi Dyeing',NULL,NULL,NULL,NULL),(1761,'Balakrishnan Murthy',NULL,NULL,'9894630011 | 9843033900',NULL,'2025-03-28 12:13:11.609976',1,18,NULL,NULL,0,0,'No requirements',NULL,NULL,'Velan Dyeing',NULL,NULL,NULL,NULL),(1762,'N.Mahalingam',NULL,NULL,'98948 24444',NULL,'2025-03-28 12:13:11.665382',1,18,NULL,NULL,0,0,'Ring',NULL,NULL,'SSM Dyeing',NULL,NULL,NULL,NULL),(1763,'RGunasekaran',NULL,NULL,'98422 48333 | 99943 36333',NULL,'2025-03-28 12:13:11.727901',1,18,NULL,NULL,0,0,'Call next week',NULL,NULL,'DGK Dyeing Mills',NULL,NULL,NULL,NULL),(1764,NULL,NULL,NULL,'7353857999',NULL,'2025-03-28 12:13:11.782092',1,18,NULL,NULL,0,0,'Call next week',NULL,NULL,'Anu Foods',NULL,NULL,NULL,NULL),(1765,NULL,NULL,NULL,'9442181581',NULL,'2025-03-28 12:13:11.837542',1,18,NULL,NULL,0,0,'Share details need call',NULL,NULL,'Eagle Foods India',NULL,NULL,NULL,NULL),(1766,NULL,NULL,NULL,'9842381864',NULL,'2025-03-28 12:13:11.883155',1,18,NULL,NULL,0,0,'Ring',NULL,NULL,'Pontraders',NULL,NULL,NULL,NULL),(1767,NULL,NULL,NULL,'9787193067',NULL,'2025-03-28 12:13:11.929245',1,18,NULL,NULL,0,0,'Call half an hour later',NULL,NULL,'Mahaganapathi foods',NULL,NULL,NULL,NULL),(1768,NULL,NULL,NULL,'82200 12616, 91 99444 126',NULL,'2025-03-28 12:13:11.984665',1,18,NULL,NULL,0,0,'Ring',NULL,NULL,'S.V.S Foods',NULL,NULL,NULL,NULL),(1769,NULL,NULL,NULL,'9047195374',NULL,'2025-03-28 12:13:12.030459',1,18,NULL,NULL,0,0,'Out of Service',NULL,NULL,'Sri Sai Food Products',NULL,NULL,NULL,NULL),(1770,NULL,NULL,NULL,'9894898777',NULL,'2025-03-28 12:13:12.076351',1,18,NULL,NULL,0,0,'No idea',NULL,NULL,'Nagasiva Foods',NULL,NULL,NULL,NULL),(1771,NULL,NULL,NULL,'9442362526',NULL,'2025-03-28 12:13:12.123498',1,18,NULL,NULL,0,0,'No requirements',NULL,NULL,'T.Poomarathaia Nadar Agro foods',NULL,NULL,NULL,NULL),(1772,NULL,NULL,NULL,'8610067624',NULL,'2025-03-28 12:13:12.177726',1,18,NULL,NULL,0,0,'Having team',NULL,NULL,'Rubyni Food Products',NULL,NULL,NULL,NULL),(1773,NULL,NULL,NULL,'9791333943',NULL,'2025-03-28 12:13:12.231568',1,18,NULL,NULL,0,0,'Ring',NULL,NULL,'jeyam food products',NULL,NULL,NULL,NULL),(1774,NULL,NULL,NULL,'9025316142',NULL,'2025-03-28 12:13:12.270439',1,18,NULL,NULL,0,0,'Ring',NULL,NULL,'Sri foods India',NULL,NULL,NULL,NULL),(1775,NULL,NULL,NULL,'8122772052',NULL,'2025-03-28 12:13:12.307921',1,18,NULL,NULL,0,0,'Local shop no need',NULL,NULL,'bismi_masala_',NULL,NULL,NULL,NULL),(1776,NULL,NULL,NULL,'90476 69397 | 99521 97001',NULL,'2025-03-28 12:13:12.348364',1,18,NULL,NULL,0,0,'Share details need call',NULL,NULL,'Madurai Pandian Appalam',NULL,NULL,NULL,NULL),(1777,NULL,NULL,NULL,'7339658833',NULL,'2025-03-28 12:13:12.392554',1,18,NULL,NULL,0,0,'Ask DM Details shared call April 7th',NULL,NULL,'F AND B ENTERPRISES',NULL,NULL,NULL,NULL),(1778,'Yudesh Kumar',NULL,NULL,'7402074024 | 9566756679',NULL,'2025-03-28 12:13:12.430087',1,18,NULL,NULL,0,0,'out of service',NULL,NULL,'Urbio Pure Food & Beverages',NULL,NULL,NULL,NULL),(1779,NULL,NULL,NULL,'9003661063',NULL,'2025-03-28 12:13:12.477480',1,18,NULL,NULL,0,0,'Need call',NULL,NULL,'ROYAL GOLI SODA',NULL,NULL,NULL,NULL),(1780,NULL,NULL,NULL,'9894142433',NULL,'2025-03-28 12:13:12.523108',1,18,NULL,NULL,0,0,'Ring',NULL,NULL,'Tanvi Foods',NULL,NULL,NULL,NULL),(1781,NULL,NULL,NULL,'9976618269',NULL,'2025-03-28 12:13:12.560372',1,18,NULL,NULL,0,0,'Need call',NULL,NULL,'Sivasakthi Foods',NULL,NULL,NULL,NULL),(1782,NULL,NULL,NULL,'4551 293 318',NULL,'2025-03-28 12:13:12.599178',1,18,NULL,NULL,0,0,'Ring',NULL,NULL,'Vsa Foods',NULL,NULL,NULL,NULL),(1783,NULL,NULL,NULL,'090871 00111',NULL,'2025-03-28 00:00:00.000000',1,18,NULL,NULL,0,0,'Switch off',NULL,NULL,'Kesariya Food And Beverages Pvt Ltd',NULL,NULL,NULL,NULL),(1784,NULL,NULL,NULL,'8927772777',NULL,'2025-03-28 12:13:12.699707',1,18,NULL,NULL,0,0,'Share details need call',NULL,NULL,'Fibro Foods Private Limited',NULL,NULL,NULL,NULL),(1785,'Suriya','Cheif Architect',NULL,'9952233966','suriyajparch.studio@gmail.com','2025-04-01 05:10:01.909761',1,24,2,370,1,0,NULL,6,NULL,'JS Groups',NULL,NULL,NULL,NULL),(1786,'Srikanth',NULL,NULL,NULL,'info@eliscription.com','2025-04-01 07:20:09.895119',1,24,2,371,1,0,'He is interested in Logo and website development services for Elico.',15,NULL,'Elico',NULL,NULL,NULL,NULL),(1788,NULL,NULL,NULL,'9994926842',NULL,'2025-04-02 12:22:21.634743',1,12,2,373,1,0,'Client told will start april 2 nd week',4,NULL,'Rk Exports',NULL,NULL,NULL,NULL),(1789,'Padmanben',NULL,NULL,'98427 27735',NULL,'2025-04-03 04:44:47.492262',1,12,NULL,NULL,0,0,'07/04/2025- called to discuss with ramu , owner padmanaben gave number to discuss about website , she didn\'t replied',NULL,NULL,'Blue Hill granite',NULL,NULL,'2025-04-10 05:51:17.862008',NULL),(1790,'Logeswaran',NULL,NULL,'9894878393',NULL,'2025-04-03 04:44:47.554562',1,12,NULL,NULL,0,0,'08/03/2025- line busy , 02/04/2025- NA , 288/04/2025- he asked to share profile for website told costing',NULL,NULL,'Anboli Exports',NULL,NULL,'2025-04-12 10:31:51.589456',NULL),(1791,NULL,NULL,NULL,'9994610711',NULL,'2025-04-03 04:44:47.609557',1,12,NULL,NULL,0,0,'02/04/2025- he was in train - cb , 28/04/2025 -he was busy cb after some time',NULL,NULL,'Anugraha Fashion Mill Private Limited',NULL,NULL,'2025-04-12 10:29:06.774830',NULL),(1792,'Antony',NULL,NULL,'9894991550',NULL,'2025-04-03 04:44:47.665052',1,12,NULL,NULL,0,0,'02/04/2025 - call you after sometime concern person is in hte meeting , cb tom morning sir is out of station',NULL,NULL,'Anthony Garments Private Limited',NULL,NULL,NULL,NULL),(1793,'Ruban',NULL,NULL,'9965523005',NULL,'2025-04-03 04:44:47.720061',1,12,NULL,NULL,0,0,'02/04/2025- have not processed yet , team will call -cb , 28/03/2025- he told shipment is going on developing team will call you , he asked to share sugession in mail  pitched for website - cb',NULL,NULL,'Amaravathi Textiles',NULL,NULL,NULL,NULL),(1794,NULL,NULL,NULL,'9894570007',NULL,'2025-04-03 04:44:47.767010',1,12,NULL,NULL,0,0,'line busy',NULL,NULL,'Asia Cotton',NULL,NULL,NULL,NULL),(1795,NULL,NULL,NULL,'99048 43078',NULL,'2025-04-03 04:44:47.814797',1,12,NULL,NULL,0,0,'if need will call',NULL,NULL,'Asia Pacific International',NULL,NULL,NULL,NULL),(1796,NULL,NULL,NULL,'9843056807',NULL,'2025-04-03 04:44:47.861793',1,12,NULL,NULL,0,0,'28/03/2025- Not required , not aswered',NULL,NULL,'Asian Fabricx Private Limited',NULL,NULL,'2025-04-12 10:31:38.880484',NULL),(1797,NULL,NULL,NULL,'9444015970',NULL,'2025-04-03 04:44:47.912279',1,12,NULL,NULL,0,0,'not required , 28/04/2025-CB tom',NULL,NULL,'Asian Industrial Valves & Instruments',NULL,NULL,'2025-04-12 10:27:34.124899',NULL),(1798,NULL,NULL,NULL,'9940156575',NULL,'2025-04-03 04:44:47.966828',1,12,NULL,NULL,0,0,'not required',NULL,NULL,'Aspick Engineering Private Limited',NULL,NULL,NULL,NULL),(1799,NULL,NULL,NULL,'95855 02302',NULL,'2025-04-03 04:44:48.023514',1,12,NULL,NULL,0,0,'not required',NULL,NULL,'Assisi Garments',NULL,NULL,NULL,NULL),(1800,NULL,NULL,NULL,'9841094950',NULL,'2025-04-03 04:44:48.078862',1,12,NULL,NULL,0,0,'Switchoff',NULL,NULL,'Aster Comfort Designs Private Limited',NULL,NULL,NULL,NULL),(1801,'Ganesh',NULL,NULL,'9380211884',NULL,'2025-04-03 04:44:48.134668',1,12,NULL,NULL,0,0,'04/04/2025- not required , 03/04/02025-Na',NULL,NULL,'Atlas Crane Private Limited',NULL,NULL,'2025-04-07 07:28:59.288346',NULL),(1802,'Ganesh',NULL,NULL,'98946 08382',NULL,'2025-04-03 04:44:48.189704',1,12,NULL,NULL,0,0,'cb after 1 hr we can talk breif',NULL,NULL,'Atlas Textiles',NULL,NULL,NULL,NULL),(1803,NULL,NULL,NULL,'9789755836',NULL,'2025-04-03 04:44:48.246636',1,12,5,NULL,0,0,'10, 08/04/2025  - NA , 02/04/2025- He told to cb on 07/04 , have plans to do website - will call after 4pm',NULL,NULL,'A V M International',NULL,NULL,'2025-04-12 10:32:43.788794',NULL),(1804,NULL,NULL,NULL,'95852 95852',NULL,'2025-04-03 04:44:48.301178',1,12,NULL,NULL,0,0,'Line busy',NULL,NULL,'B & B Builders',NULL,NULL,NULL,NULL),(1805,NULL,NULL,NULL,'9443138615',NULL,'2025-04-03 04:44:48.356507',1,12,NULL,NULL,0,0,'not at this movement',NULL,NULL,'B R S Exports',NULL,NULL,NULL,NULL),(1806,'Mujahid',NULL,NULL,'84899 11200',NULL,'2025-04-03 04:44:48.420878',1,12,NULL,NULL,0,0,'not now already with one agency if needd fututre',NULL,NULL,'Baer Shoes (India) Private Limited',NULL,NULL,NULL,NULL),(1807,NULL,NULL,NULL,'97903 38762',NULL,'2025-04-03 04:44:48.476270',1,12,NULL,NULL,0,0,NULL,NULL,NULL,'Bagavathi Exports',NULL,NULL,NULL,NULL),(1808,NULL,NULL,NULL,'98408 53573',NULL,'2025-04-03 04:44:48.532431',1,12,NULL,NULL,0,0,'not required',NULL,NULL,'Bharat Textiles & Proofing Industries Limited',NULL,NULL,NULL,NULL),(1809,NULL,NULL,NULL,'98401 46223',NULL,'2025-04-03 04:44:48.587305',1,12,NULL,NULL,0,0,'cb later',NULL,NULL,'Bhuvaneshwari Pharmesh Private Limited',NULL,NULL,NULL,NULL),(1810,'Mr. Yusuf',NULL,NULL,'9282132572',NULL,'2025-04-03 04:44:48.643832',1,12,NULL,NULL,0,0,'not required',NULL,NULL,'Bmk Hydraulics',NULL,NULL,NULL,NULL),(1811,NULL,NULL,NULL,'94440 80783',NULL,'2025-04-03 04:44:48.698432',1,12,NULL,NULL,0,0,'not required',NULL,NULL,'Boopathy Engineering Works Private Limited',NULL,NULL,NULL,NULL),(1812,NULL,NULL,NULL,'78240 00222',NULL,'2025-04-03 04:44:48.747138',1,12,NULL,NULL,0,0,'not required closed that business',NULL,NULL,'Brightway Gloves (Private) Limited',NULL,NULL,NULL,NULL),(1813,'Mr.A.Senthil Kumar',NULL,NULL,'8870330233 -',NULL,'2025-04-03 04:44:48.835543',1,12,NULL,NULL,0,0,'line busy',NULL,NULL,'Bumi Geo Engineering Private Limited',NULL,NULL,NULL,NULL),(1814,NULL,NULL,NULL,'88280 07049',NULL,'2025-04-03 04:44:48.891397',1,12,NULL,NULL,0,0,'not required',NULL,NULL,'C C I Sourcing Private Limited',NULL,NULL,NULL,NULL),(1815,NULL,NULL,NULL,'80989 97700',NULL,'2025-04-03 04:44:48.946845',1,12,NULL,NULL,0,0,'not required',NULL,NULL,'C K Airtech India Private Limited',NULL,NULL,NULL,NULL),(1816,NULL,NULL,NULL,'98407 52550',NULL,'2025-04-03 04:44:49.002596',1,12,NULL,NULL,0,0,'not required',NULL,NULL,'C Ramachand Impex',NULL,NULL,NULL,NULL),(1817,NULL,NULL,NULL,'94441 14701',NULL,'2025-04-03 04:44:49.049487',1,12,NULL,NULL,0,0,'not required',NULL,NULL,'Cable Fort',NULL,NULL,NULL,NULL),(1818,NULL,NULL,NULL,'99525 48082',NULL,'2025-04-03 04:44:49.104747',1,12,NULL,NULL,0,0,'not required',NULL,NULL,'Beauty Fashions',NULL,NULL,NULL,NULL),(1819,NULL,NULL,NULL,'9362273366',NULL,'2025-04-03 04:44:49.161681',1,12,NULL,NULL,0,0,'not required',NULL,NULL,'Banaraswala Metal Crafts Private Limited',NULL,NULL,NULL,NULL),(1820,'Narayanan',NULL,NULL,'9381012723',NULL,'2025-04-03 04:44:49.216655',1,12,NULL,NULL,0,0,'not requiired',NULL,NULL,'Avon Seals Private Limited',NULL,NULL,NULL,NULL),(1821,NULL,NULL,NULL,'9443998485',NULL,'2025-04-03 05:44:02.714675',1,11,NULL,NULL,0,0,'no need',NULL,NULL,'STEM Industries Pvt Ltd',NULL,NULL,NULL,NULL),(1822,NULL,NULL,NULL,'9952300514',NULL,'2025-04-03 05:44:02.771802',1,11,NULL,NULL,0,0,'no need',NULL,NULL,'Anubhavi Engineering Industries',NULL,NULL,NULL,NULL),(1823,NULL,NULL,NULL,'9003756862',NULL,'2025-04-03 05:44:02.825060',1,11,NULL,NULL,0,0,'no need',NULL,NULL,'Justin Industries',NULL,NULL,NULL,NULL),(1824,NULL,NULL,NULL,'9344922511',NULL,'2025-04-03 05:44:02.878834',1,11,NULL,NULL,0,0,'not ans',NULL,NULL,'Ravi Steels',NULL,NULL,NULL,NULL),(1825,NULL,NULL,NULL,'80982 85868',NULL,'2025-04-03 05:44:02.933491',1,11,NULL,NULL,0,0,'if need will call back / out of network , WA number 63832 75502',NULL,NULL,'NALAM FOOD PRODUCTS',NULL,NULL,NULL,NULL),(1826,NULL,NULL,NULL,'98655 90999',NULL,'2025-04-03 05:44:02.986292',1,11,NULL,NULL,0,0,'not ans',NULL,NULL,'HI TECH INDUSTRIES KUNNATHUR',NULL,NULL,NULL,NULL),(1827,NULL,NULL,NULL,'9842677888',NULL,'2025-04-03 05:44:03.040173',1,11,NULL,NULL,0,0,'no need',NULL,NULL,'Kothari Drip Irrigation Systems Ltd',NULL,NULL,NULL,NULL),(1828,NULL,NULL,NULL,'9443263840',NULL,'2025-04-03 05:44:03.093862',1,11,NULL,NULL,0,0,'if need will call back',NULL,NULL,'INDIRA INDUSTRIES - Head Office',NULL,NULL,NULL,NULL),(1829,NULL,NULL,NULL,'9842757948',NULL,'2025-04-03 05:44:03.148442',1,11,NULL,NULL,0,0,'after 2 months will see',NULL,NULL,'GS Rotavators',NULL,NULL,NULL,NULL),(1830,NULL,NULL,NULL,'9003300033',NULL,'2025-04-03 05:44:03.201897',1,11,NULL,NULL,0,0,'not ans',NULL,NULL,'JANABALAJI HYDRAULICS & COMPRESSOR',NULL,NULL,NULL,NULL),(1831,NULL,NULL,NULL,'98427 43488',NULL,'2025-04-03 05:44:03.255167',1,11,NULL,NULL,0,0,'he have requirements , next tuesday want call & wednesday can meet , WA sent',NULL,NULL,'Rig manufacturers Sendhur hydraulics SHE',NULL,NULL,NULL,NULL),(1832,NULL,NULL,NULL,'9600373737',NULL,'2025-04-03 05:44:03.308541',1,11,2,NULL,0,0,'07.04.25	remind him about website\n\nWA portfolio sent him',NULL,NULL,'Vijay Balaji Tex',NULL,NULL,'2025-04-08 04:30:56.778447',NULL),(1833,NULL,NULL,NULL,'4222512695',NULL,'2025-04-03 05:44:03.362987',1,11,NULL,NULL,0,0,'not exist',NULL,NULL,'ABR Engineering Company',NULL,NULL,NULL,NULL),(1834,NULL,NULL,NULL,'9943170707',NULL,'2025-04-03 05:44:03.407621',1,11,NULL,NULL,0,0,'not ans both',NULL,NULL,'ANIKHA GARMENTS',NULL,NULL,NULL,NULL),(1835,NULL,NULL,NULL,'8903170707',NULL,'2025-04-03 05:44:03.453090',1,11,NULL,NULL,0,0,'not ans / out of network',NULL,NULL,'JV Overseas Exports (JV Wears)',NULL,NULL,NULL,NULL),(1836,NULL,NULL,NULL,'8754102536',NULL,'2025-04-03 05:44:03.499873',1,11,NULL,NULL,0,0,'no need',NULL,NULL,'Sri Krishna Industrial Works',NULL,NULL,NULL,NULL),(1837,NULL,NULL,NULL,'9865710090',NULL,'2025-04-03 05:44:03.552827',1,11,NULL,NULL,0,0,'no need',NULL,NULL,'Sree Kalaimagal Hydraulics',NULL,NULL,NULL,NULL),(1838,'Lakshmiraj Ponraj','Managing Director',3,'9842949049','lakshmiraj@atktextiles.com','2025-04-04 11:27:42.967286',1,12,2,374,0,0,'MD told share proposal to maheshwaran , will discuss and might have meeting next week',14,NULL,NULL,'Cold calling',NULL,NULL,NULL),(1839,'Amutha',NULL,NULL,'85085 20202',NULL,'2025-04-04 12:36:21.205207',1,11,NULL,NULL,0,0,'not ans',NULL,NULL,'Blue Hills Memorial',NULL,NULL,NULL,NULL),(1840,'Karthikeyan',NULL,NULL,'96295 17733',NULL,'2025-04-04 12:36:21.275087',1,11,NULL,NULL,0,0,'Proposal sent , he asked very less budget for Ecom proposal',NULL,NULL,'Karur cotton mills',NULL,NULL,NULL,NULL),(1841,'Kunchidapadam',NULL,NULL,'9094072763',NULL,'2025-04-04 12:36:21.320813',1,11,NULL,NULL,0,0,'no need, wrong number',NULL,NULL,'Adithya Ferro Cast India Private Limited',NULL,NULL,NULL,NULL),(1842,NULL,NULL,NULL,'9047122666',NULL,'2025-04-04 12:36:21.367859',1,11,NULL,NULL,0,0,'no need',NULL,NULL,'Bindhu Engineering Industries',NULL,NULL,NULL,NULL),(1843,NULL,NULL,NULL,'99949 67887',NULL,'2025-04-04 12:36:21.414340',1,11,NULL,NULL,0,0,'no need',NULL,NULL,'New Standard Engineering',NULL,NULL,NULL,NULL),(1844,NULL,NULL,NULL,'93631 29252',NULL,'2025-04-04 12:36:21.468574',1,11,NULL,NULL,0,0,'switched off',NULL,NULL,'Mishkat Enterprises',NULL,NULL,NULL,NULL),(1845,NULL,NULL,NULL,'422 653 0984',NULL,'2025-04-04 12:36:21.523829',1,11,NULL,NULL,0,0,'not ans',NULL,NULL,'JS Auto Cast Foundry India Private Limited',NULL,NULL,NULL,NULL),(1846,NULL,NULL,NULL,'9894366467',NULL,'2025-04-04 12:36:21.577605',1,11,NULL,NULL,0,0,'not ans',NULL,NULL,'Chansuba Pumps Private Limited',NULL,NULL,NULL,NULL),(1847,NULL,NULL,NULL,'9894632030',NULL,'2025-04-04 12:36:21.623261',1,11,2,NULL,0,0,'10.04.25	admin spoke MD busy, she will get back \n\nline busy / DM needs an afternoon want call him',NULL,NULL,'Solar Powertech Solutions',NULL,NULL,'2025-04-11 06:35:15.151402',NULL),(1848,NULL,NULL,NULL,'9976769533',NULL,'2025-04-04 12:36:21.670207',1,11,NULL,NULL,0,0,'he will call back',NULL,NULL,'SK POWER SOLUTION',NULL,NULL,NULL,NULL),(1849,'8220049970',NULL,NULL,'7358249970',NULL,'2025-04-04 12:36:21.716405',1,11,NULL,NULL,0,0,'not ans',NULL,NULL,'Glazer solar energy solutions',NULL,NULL,NULL,NULL),(1850,NULL,NULL,NULL,'99438 54740',NULL,'2025-04-04 12:36:21.762121',1,11,NULL,NULL,0,0,'Line busy',NULL,NULL,'Yuvraj Energy',NULL,NULL,NULL,NULL),(1851,'Aravind',NULL,NULL,'94431 82533',NULL,'2025-04-04 12:36:21.811837',1,11,NULL,NULL,0,0,'line busy, WA shared 3 months ago spoke Gads',NULL,NULL,'HARIYA SOLAR DEVELOPER PRIVATE LIMITED.',NULL,NULL,NULL,NULL),(1852,'Aswin krishna',NULL,NULL,'9786666010',NULL,'2025-04-04 12:36:21.865372',1,11,2,NULL,0,0,'10.04.25	not in budget\n\nhe asked meta ad, cost shared him',NULL,NULL,'Beamz Energy Solutions',NULL,NULL,'2025-04-11 06:35:49.312123',NULL),(1853,'Felix Bernard',NULL,NULL,'9600715993',NULL,'2025-04-04 12:36:21.911187',1,11,NULL,NULL,0,0,'no need, have team',NULL,NULL,'Nigaran Green Energy Solutions',NULL,NULL,NULL,NULL),(1854,NULL,NULL,NULL,'97505 88800',NULL,'2025-04-04 12:36:21.967024',1,11,NULL,NULL,0,0,'no need',NULL,NULL,'Thuran Coir Mills',NULL,NULL,NULL,NULL),(1855,'Nalla Sivam',NULL,NULL,'88700 76667',NULL,'2025-04-04 12:36:22.021436',1,11,NULL,NULL,0,0,'no need, dont call',NULL,NULL,'ACE Tex',NULL,NULL,NULL,NULL),(1856,NULL,NULL,NULL,'98432 36963',NULL,'2025-04-04 12:36:22.075164',1,11,NULL,NULL,0,0,'WA sent',NULL,NULL,'Santhalakshmi Mills',NULL,NULL,NULL,NULL),(1857,'raghunandan',NULL,NULL,'9786019319',NULL,'2025-04-04 12:36:22.130820',1,11,NULL,NULL,0,0,'not ans',NULL,NULL,'Green India Exports',NULL,NULL,NULL,NULL),(1858,NULL,NULL,NULL,'95009 09013',NULL,'2025-04-04 12:36:22.184903',1,11,NULL,NULL,0,0,'no need',NULL,NULL,'castwell foundries',NULL,NULL,NULL,NULL),(1859,NULL,NULL,NULL,'98658 24655',NULL,'2025-04-04 12:36:22.240664',1,11,NULL,NULL,0,0,'no need',NULL,NULL,'Suvai Condiments Company',NULL,NULL,NULL,NULL),(1860,NULL,NULL,NULL,'95672 92126',NULL,'2025-04-04 12:36:22.294415',1,11,NULL,NULL,0,0,'not ans',NULL,NULL,'Jeevans House',NULL,NULL,NULL,NULL),(1861,'she',NULL,NULL,'9787772405',NULL,'2025-04-04 12:36:22.348910',1,11,NULL,NULL,0,0,'if needed will call back, WA sent',NULL,NULL,'GVG Industries (P) Ltd',NULL,NULL,NULL,NULL),(1862,NULL,NULL,NULL,'98422 68311',NULL,'2025-04-04 12:36:22.404252',1,11,NULL,NULL,0,0,'no need',NULL,NULL,'Sri Venkatesa Mills',NULL,NULL,NULL,NULL),(1863,NULL,NULL,NULL,'96883 99377',NULL,'2025-04-04 12:36:22.457796',1,11,NULL,NULL,0,0,'WA sent',NULL,NULL,'Meera Textiles Pvt Ltd',NULL,NULL,NULL,NULL),(1864,'SAKTHI GANESH',NULL,NULL,'98439 96900',NULL,'2025-04-04 12:36:22.503998',1,11,NULL,NULL,0,0,'no need',NULL,NULL,'Capital Knit',NULL,NULL,NULL,NULL),(1867,'Dhaval Shah',NULL,NULL,'98902 90999',NULL,'2025-04-05 04:47:54.214750',1,18,NULL,NULL,0,0,'No requirements',NULL,NULL,'Jairaj',NULL,NULL,NULL,NULL),(1868,'Sowmiya B',NULL,NULL,'9159758699 - 7305087677',NULL,'2025-04-05 04:47:54.286599',1,18,NULL,NULL,0,0,'Share details need call',NULL,NULL,'Janatics Global solutions Pvt Ltd',NULL,NULL,NULL,NULL),(1869,'karthikeyan mohanan',NULL,NULL,'9952020357 - 9003937184',NULL,'2025-04-05 04:47:54.333736',1,18,NULL,NULL,0,0,'Ring',NULL,NULL,'VVA Groups',NULL,NULL,NULL,NULL),(1870,'Balaji Sankarapandian',NULL,NULL,'9994411095',NULL,'2025-04-05 04:47:54.383019',1,18,NULL,NULL,0,0,'Ring',NULL,NULL,'V SQUARE',NULL,NULL,NULL,NULL),(1871,NULL,NULL,NULL,'98940 23903',NULL,'2025-04-05 04:47:54.431818',1,18,NULL,NULL,0,0,'Share details need call',NULL,NULL,'Synthesis Home Textiles Pvt Ltd',NULL,NULL,NULL,NULL),(1872,'PRADEEP SRIKANTHAN',NULL,NULL,'99626 00704 - 76673 37656',NULL,'2025-04-05 04:47:54.470572',1,18,NULL,NULL,0,0,'Ring',NULL,NULL,'Redington Solar',NULL,NULL,NULL,NULL),(1873,'Anil Karthikeyan',NULL,NULL,'9944486061',NULL,'2025-04-05 04:47:54.519868',1,18,NULL,NULL,0,0,'Ring',NULL,NULL,'Loyal Textiles',NULL,NULL,NULL,NULL),(1874,'Senthilmani',NULL,NULL,'8344420885-7397395665',NULL,'2025-04-05 04:47:54.575213',1,18,NULL,NULL,0,0,'Ask to Share corporate videos, He will call he had an requirement but it will take time',NULL,NULL,'SAM Robotics',NULL,NULL,'2025-04-05 05:44:56.375019',NULL),(1875,'Ajay K',NULL,NULL,'8925106665',NULL,'2025-04-05 04:47:54.623827',1,18,NULL,NULL,0,0,'Ring',NULL,NULL,'Festa Solar',NULL,NULL,NULL,NULL),(1876,'Avinash',NULL,NULL,'9988937555',NULL,'2025-04-05 04:47:54.671682',1,18,NULL,NULL,0,0,'Shared to Dimple',NULL,NULL,'Abhishek Enterprises',NULL,NULL,NULL,NULL),(1877,'Satish Babu Sakhamuri',NULL,NULL,'81234 99618',NULL,'2025-04-05 04:47:54.728928',1,18,NULL,NULL,0,0,'Ring',NULL,NULL,'Jayram Industries India Pvt Ltd and Sakhamuri Group',NULL,NULL,NULL,NULL),(1878,'Micheal A',NULL,NULL,'9597133593',NULL,'2025-04-05 04:47:54.776313',1,18,NULL,NULL,0,0,'Share details need call',NULL,NULL,'MR Events And Ripe Kitchen',NULL,NULL,NULL,NULL),(1879,'Jeyaprakash P',NULL,NULL,'99406 63251',NULL,'2025-04-05 04:47:54.817241',1,18,NULL,NULL,0,0,'Busy',NULL,NULL,'Kriba Events',NULL,NULL,NULL,NULL),(1880,'Amit Tyagi',NULL,NULL,'9099973801',NULL,'2025-04-05 04:47:54.857320',1,18,NULL,NULL,0,0,'Call later',NULL,NULL,'Rajkrupa Textiles (India) Pvt Ltd',NULL,NULL,NULL,NULL),(1881,'Prashant Gohel',NULL,NULL,NULL,NULL,'2025-04-05 04:47:54.904862',1,18,NULL,NULL,0,0,NULL,NULL,NULL,'RAJKOT POWERTRANS PVT. LTD.',NULL,NULL,NULL,NULL),(1882,'Jai Karthik',NULL,NULL,'9994142525',NULL,'2025-04-05 04:47:54.954261',1,18,NULL,NULL,0,0,'Share SEO Price & don\'t call him only whatsapp',NULL,NULL,'Zylish Apparelz',NULL,NULL,NULL,NULL),(1883,'Nikhil Savaliya',NULL,NULL,'9825431761',NULL,'2025-04-05 04:47:55.009641',1,18,NULL,NULL,0,0,'Busy',NULL,NULL,'ONIX RENEWABLE LIMITED',NULL,NULL,NULL,NULL),(1884,'Rohit K Babra',NULL,NULL,'9958418242',NULL,'2025-04-05 04:47:55.068475',1,18,NULL,NULL,0,0,'Ring',NULL,NULL,'INFRABRICK',NULL,NULL,NULL,NULL),(1885,'suresh kumar - CEO',NULL,NULL,'9443010402',NULL,'2025-04-05 04:47:55.124054',1,18,NULL,NULL,0,0,'Busy',NULL,NULL,'VTN garments',NULL,NULL,NULL,NULL),(1886,'Ashwanth Suresh Babu - CEO',NULL,NULL,'6381773133',NULL,'2025-04-05 04:47:55.173066',1,18,NULL,NULL,0,0,'Need call',NULL,NULL,'atoddlerthing',NULL,NULL,NULL,NULL),(1887,'Karthick Mohan -CEO',NULL,NULL,'094876 25207',NULL,'2025-04-05 04:47:55.228931',1,18,NULL,NULL,0,0,'No requirements',NULL,NULL,'Karthick Tex',NULL,NULL,NULL,NULL),(1888,'Radhakrishnan N',NULL,NULL,'9942566664',NULL,'2025-04-05 04:47:55.285711',1,18,NULL,NULL,0,0,'Share details our price was high for him',NULL,NULL,'D and D Fashion',NULL,NULL,NULL,NULL),(1889,'Arul Saravanan - CEO',NULL,NULL,NULL,NULL,'2025-04-05 04:47:55.333590',1,18,NULL,NULL,0,0,NULL,NULL,NULL,'SCMgarments',NULL,NULL,NULL,NULL),(1890,NULL,NULL,NULL,'73587 09900',NULL,'2025-04-05 04:47:55.382087',1,18,NULL,NULL,0,0,'Need call',NULL,NULL,'Sharadha Terry Products Private Ltd',NULL,NULL,NULL,NULL),(1891,NULL,NULL,NULL,'9952177777',NULL,'2025-04-05 04:47:55.430799',1,18,NULL,NULL,0,0,'No requirements',NULL,NULL,'vethaexports',NULL,NULL,NULL,NULL),(1892,'RAJAGOPAL MANI VENUGOPAL - CEO',NULL,NULL,NULL,NULL,'2025-04-05 04:47:55.480112',1,18,NULL,NULL,0,0,NULL,NULL,NULL,'S P Texcoms',NULL,NULL,NULL,NULL),(1893,'ARAVINDH -CEO',NULL,NULL,NULL,NULL,'2025-04-05 04:47:55.536180',1,18,NULL,NULL,0,0,NULL,NULL,NULL,'Aruvie Processing Mills',NULL,NULL,NULL,NULL),(1894,'Lakshmi Kanthan - CEO',NULL,NULL,'6381632708',NULL,'2025-04-05 04:47:55.592138',1,18,NULL,NULL,0,0,'No requirements',NULL,NULL,'Quasar Exports',NULL,NULL,NULL,NULL),(1895,'Dr.Vetrivel Arumugam - Chief Operating Officer',NULL,NULL,'9894784222',NULL,'2025-04-05 04:47:55.649064',1,18,NULL,NULL,0,0,'Ring',NULL,NULL,'Nimbark Fashions Ltd',NULL,NULL,NULL,NULL),(1896,'Subhashini Ramachandran - CEO',NULL,NULL,'8870136333',NULL,'2025-04-05 04:47:55.705044',1,18,NULL,NULL,0,0,'Share catalogues',NULL,NULL,'Zebustore',NULL,NULL,NULL,NULL),(1897,'Founder & CEO - Boobalan Pitchamuthu',NULL,NULL,'65836 64852',NULL,'2025-04-05 04:47:55.761905',1,18,NULL,NULL,0,0,'Num not exist',NULL,NULL,'Texcoms',NULL,NULL,NULL,NULL),(1898,'Vijay Anand - General Manager',NULL,NULL,'98438 38830',NULL,'2025-04-05 04:47:55.818006',1,18,NULL,NULL,0,0,'Busy',NULL,NULL,'Ringmann',NULL,NULL,NULL,NULL),(1899,'Mr.K.GRAJKUMAR - Managing Director / Mr.GU.RATHAKRISHNA - Director',NULL,NULL,'98422-05252 / 98422-05757',NULL,'2025-04-05 04:47:55.875183',1,18,NULL,NULL,0,0,'Ring',NULL,NULL,'Shree M.T.K Textiles',NULL,NULL,NULL,NULL),(1900,NULL,NULL,NULL,'98430 55217',NULL,'2025-04-05 04:47:55.932084',1,18,NULL,NULL,0,0,'Busy',NULL,NULL,'Atex',NULL,NULL,NULL,NULL),(1901,'Srihari Devarajan','Managing Director',3,'9585711041','samudhrikalakshanaonline@gmail.com','2025-04-05 05:44:09.192692',1,12,2,365,0,0,'spoke to him regarding further meet with him he told if it is about DM he\'s the right person you can check with him he\'s the right perosn',4,NULL,NULL,'Cold calling',NULL,NULL,NULL),(1902,NULL,NULL,NULL,'9347578980',NULL,'2025-04-07 07:20:11.602954',1,12,NULL,NULL,0,0,'she tols this is her personal number , not related to that',NULL,NULL,'Suganda Skin care',NULL,NULL,'2025-04-07 09:40:41.366078',NULL),(1903,NULL,NULL,NULL,'73738 00164',NULL,'2025-04-07 07:20:11.604930',1,12,NULL,NULL,0,0,'number don\'t not exist',NULL,NULL,'Arunkkumar Spinning Mill Private Limited',NULL,NULL,NULL,NULL),(1904,'Venkateswaran T',NULL,NULL,'9363009093',NULL,'2025-04-07 07:20:11.606576',1,12,NULL,NULL,0,0,'not reachable at the movement',NULL,NULL,'Arthanari Loom Centre Textile Private Limited',NULL,NULL,NULL,NULL),(1905,'Mr.G Keerthivasan',NULL,NULL,'9003040180',NULL,'2025-04-07 07:20:11.608200',1,12,NULL,NULL,0,0,'Not answering',NULL,NULL,'Anjana Electronics Private Limited',NULL,NULL,NULL,NULL),(1906,NULL,NULL,NULL,'9789604904',NULL,'2025-04-07 07:20:11.609760',1,12,NULL,NULL,0,0,'28/03/2025-not required already doing ,  picked Na -cb',NULL,NULL,'Ambur Shoes',NULL,NULL,'2025-04-12 10:32:01.141426',NULL),(1907,NULL,NULL,NULL,'99419 22183',NULL,'2025-04-07 07:20:11.614569',1,12,NULL,NULL,0,0,NULL,NULL,NULL,'Annai Builders Real Estates Private Limited',NULL,NULL,NULL,NULL),(1908,NULL,NULL,NULL,'98405 88811',NULL,'2025-04-07 07:20:11.616602',1,12,NULL,NULL,0,0,'NOt required',NULL,NULL,'Akshaya Private Limited',NULL,NULL,NULL,NULL),(1909,NULL,NULL,NULL,'9841079207',NULL,'2025-04-07 07:20:11.618273',1,12,NULL,NULL,0,0,'not at the movement',NULL,NULL,'Attire Creation Company',NULL,NULL,NULL,NULL),(1910,NULL,NULL,NULL,'9843039571',NULL,'2025-04-07 07:20:11.619898',1,12,NULL,NULL,0,0,'not required now',NULL,NULL,'Aviram Knitters',NULL,NULL,NULL,NULL),(1911,NULL,NULL,NULL,'73586 01901',NULL,'2025-04-07 07:20:11.621563',1,12,NULL,NULL,0,0,'na',NULL,NULL,'Bachi Shoes India Private Limited',NULL,NULL,NULL,NULL),(1912,NULL,NULL,NULL,'9840227619',NULL,'2025-04-07 07:20:11.623176',1,12,NULL,NULL,0,0,'not reachable',NULL,NULL,'Bang\'s Bakery Private Limited',NULL,NULL,NULL,NULL),(1913,'sakthi',NULL,NULL,'9840082730',NULL,'2025-04-07 07:20:11.624784',1,12,NULL,NULL,0,0,'share profile -cb',NULL,NULL,'Bapalal and Company Jewellers',NULL,NULL,NULL,NULL),(1914,NULL,NULL,NULL,'94426 23532',NULL,'2025-04-07 07:20:11.626374',1,12,NULL,NULL,0,0,'line busy',NULL,NULL,'Bauuaa Pharmacy',NULL,NULL,NULL,NULL),(1915,NULL,NULL,NULL,'9003034660',NULL,'2025-04-07 07:20:11.628080',1,12,NULL,NULL,0,0,'not interested',NULL,NULL,'Besto Engineering',NULL,NULL,NULL,NULL),(1916,NULL,NULL,NULL,'9363036299',NULL,'2025-04-07 07:20:11.629822',1,12,NULL,NULL,0,0,'we re in exports we dont want',NULL,NULL,'Bestitch Knits',NULL,NULL,NULL,NULL),(1917,NULL,NULL,NULL,'98410 10250',NULL,'2025-04-07 07:20:11.631528',1,12,NULL,NULL,0,0,'not required',NULL,NULL,'Blow Packaging (India) Limited',NULL,NULL,NULL,NULL),(1918,NULL,NULL,NULL,'94441 11093',NULL,'2025-04-07 07:20:11.633236',1,12,NULL,NULL,0,0,'not required if need',NULL,NULL,'Bright\'n Power Electronics',NULL,NULL,NULL,NULL),(1919,NULL,NULL,NULL,'96553 86785',NULL,'2025-04-07 07:20:11.634945',1,12,NULL,NULL,0,0,'not required',NULL,NULL,'Brindha Engineerings',NULL,NULL,NULL,NULL),(1920,NULL,NULL,NULL,'9943151170',NULL,'2025-04-07 07:20:11.636660',1,12,NULL,NULL,0,0,'cb tom',NULL,NULL,'C C Z International',NULL,NULL,NULL,NULL),(1921,NULL,NULL,NULL,'9884912907',NULL,'2025-04-07 07:20:11.638299',1,12,NULL,NULL,0,0,'not required',NULL,NULL,'Callidai Motor Works Private Limited',NULL,NULL,NULL,NULL),(1922,NULL,NULL,NULL,'7823998835',NULL,'2025-04-07 07:20:11.640053',1,12,NULL,NULL,0,0,'not required',NULL,NULL,'Bonfiglioli Transmissions Private Limited',NULL,NULL,NULL,NULL),(1923,NULL,NULL,NULL,'92822 31235',NULL,'2025-04-07 07:20:11.641801',1,12,NULL,NULL,0,0,'not required',NULL,NULL,'C R P (India) Private Limited',NULL,NULL,NULL,NULL),(1924,NULL,NULL,NULL,'98422 33881',NULL,'2025-04-07 07:20:11.643533',1,12,NULL,NULL,0,0,'if need',NULL,NULL,'CAM Engineers (India) Private Limited',NULL,NULL,NULL,NULL),(1925,'Zahir',NULL,NULL,'93438 64300',NULL,'2025-04-07 09:42:17.866011',1,12,NULL,NULL,0,0,'not requrired',NULL,NULL,'All Sports',NULL,NULL,NULL,NULL),(1926,NULL,NULL,NULL,'9137159961',NULL,'2025-04-07 09:42:17.868055',1,12,NULL,NULL,0,0,'04/04/2025- if management need they will call share profile , 03/04/2025- aksed to call tom 4.45 pm , he tols have inhouse team but still call me after march - cb',NULL,NULL,'Karpagam Jewellers',NULL,NULL,NULL,NULL),(1927,NULL,NULL,NULL,'80759 99504',NULL,'2025-04-07 09:42:17.869757',1,12,NULL,NULL,0,0,'not required',NULL,NULL,'Aromen Engineering Company Private Limited',NULL,NULL,NULL,NULL),(1928,NULL,NULL,NULL,'8048974060',NULL,'2025-04-07 09:42:17.871421',1,12,NULL,NULL,0,0,'not required',NULL,NULL,'Arrow Instruments',NULL,NULL,NULL,NULL),(1929,NULL,NULL,NULL,'98840 44864',NULL,'2025-04-07 09:42:17.873964',1,12,NULL,NULL,0,0,'not required',NULL,NULL,'Apsara Plastic Industries',NULL,NULL,NULL,NULL),(1930,NULL,NULL,NULL,'4424997181',NULL,'2025-04-07 09:42:17.875539',1,12,NULL,NULL,0,0,'not required',NULL,NULL,'Argus Cosmetics Limited',NULL,NULL,NULL,NULL),(1931,NULL,NULL,NULL,'9965734444',NULL,'2025-04-07 09:42:17.877099',1,12,5,NULL,0,0,'VSM Weavess ,08/04/2025 -Na  in msg aasked whos this shared our profile , she gave this marketing person surendran number he didn\'t picked -cb',NULL,NULL,'VSM Weavess',NULL,NULL,'2025-04-11 04:33:01.791733',NULL),(1932,NULL,NULL,NULL,'09655998877',NULL,'2025-04-07 09:42:17.879170',1,12,NULL,NULL,0,0,'10/04/2025- he asked to share profile -cb ,08/04/2025- NA, he \'s driving i told will cb later - cb',NULL,NULL,'SubaShree Knit Fab',NULL,NULL,'2025-04-11 04:34:34.504201',NULL),(1933,NULL,NULL,NULL,'8140944009',NULL,'2025-04-07 09:42:17.880914',1,12,NULL,NULL,0,0,'not now  share profile , if need',NULL,NULL,'BabuTex Fabrics',NULL,NULL,NULL,NULL),(1934,NULL,NULL,NULL,'94872 89086',NULL,'2025-04-07 09:42:17.882429',1,12,NULL,NULL,0,0,'NA',NULL,NULL,'PINE GARMENTS',NULL,NULL,NULL,NULL),(1935,NULL,NULL,NULL,NULL,NULL,'2025-04-07 09:42:17.883936',1,12,NULL,NULL,0,0,'not required now',NULL,NULL,'Boss Exports',NULL,NULL,NULL,NULL),(1936,'Mac Selvan',NULL,NULL,'98944 20000',NULL,'2025-04-07 09:42:17.885382',1,12,NULL,NULL,0,0,'NA',NULL,NULL,'Gloria casa moda',NULL,NULL,NULL,NULL),(1937,'Balamurugessan N',NULL,NULL,'9597036366',NULL,'2025-04-07 09:42:17.886884',1,12,NULL,NULL,0,0,'07/04/2025- not required , NA',NULL,NULL,'Greenwaay Tex Style',NULL,NULL,'2025-04-10 04:53:14.071320',NULL),(1938,NULL,NULL,NULL,'9830922086',NULL,'2025-04-07 09:42:17.888391',1,12,NULL,NULL,0,0,'not required',NULL,NULL,'Enclothe',NULL,NULL,NULL,NULL),(1939,NULL,NULL,NULL,'9545506364',NULL,'2025-04-07 09:42:17.889881',1,12,NULL,NULL,0,0,'cb tom',NULL,NULL,'kenindia',NULL,NULL,NULL,NULL),(1940,NULL,NULL,NULL,'097866 55155',NULL,'2025-04-07 09:42:17.891384',1,12,NULL,NULL,0,0,NULL,NULL,NULL,'Mantra Design Studio',NULL,NULL,NULL,NULL),(1941,NULL,NULL,NULL,'96777 19734',NULL,'2025-04-07 09:42:17.892883',1,12,NULL,NULL,0,0,'not interested',NULL,NULL,'Rockwin builders',NULL,NULL,NULL,NULL),(1942,NULL,NULL,NULL,'9655151222',NULL,'2025-04-07 09:42:17.894455',1,12,NULL,NULL,0,0,'NA',NULL,NULL,'Space Clothiers',NULL,NULL,NULL,NULL),(1943,NULL,NULL,NULL,'90801 64566',NULL,'2025-04-07 09:42:17.896153',1,12,NULL,NULL,0,0,'tem out of service',NULL,NULL,'Sk houzz',NULL,NULL,NULL,NULL),(1944,NULL,NULL,NULL,'8008019281',NULL,'2025-04-07 09:42:17.897715',1,12,NULL,NULL,0,0,'she told we don\'t share number will share mail , shared mail',NULL,NULL,'pmj jewells',NULL,NULL,NULL,NULL),(1945,'Natarajan',NULL,NULL,'8072751364',NULL,'2025-04-07 12:15:59.064123',1,12,NULL,378,1,0,'he told have requirement of websites , he was running busy will check and get back',4,NULL,'Viking Textile',NULL,NULL,NULL,NULL),(1946,'Jayapradha',NULL,NULL,'6379401155',NULL,'2025-04-08 04:28:54.719826',1,11,2,NULL,0,0,'05.04.25	05.04.25 not in our budegt / she asked brand store A+content only',14,NULL,'JUNO Nature','Office land line call',NULL,NULL,NULL),(1947,'Ram kishore','Managing Director',3,'9047769135','info@ponnifab.in','2025-04-08 04:37:42.315923',1,12,2,309,1,0,'NA',4,NULL,NULL,'NA',NULL,NULL,NULL),(1948,'Senthilkumar Rajappan',NULL,NULL,'8754224555',NULL,'2025-04-09 04:58:06.177495',1,18,NULL,NULL,0,0,'Share details need call',NULL,NULL,'Instreamadtech',NULL,NULL,NULL,NULL),(1949,'TR.Bhala Kumar',NULL,NULL,'9972 9994 33',NULL,'2025-04-09 04:58:06.179740',1,18,NULL,NULL,0,0,'Not interested',NULL,NULL,'TR Industries',NULL,NULL,NULL,NULL),(1950,'Dhanabal Ramu',NULL,NULL,'9842290075',NULL,'2025-04-09 04:58:06.181495',1,18,NULL,NULL,0,0,'Ring',NULL,NULL,'Vaari Automation',NULL,NULL,NULL,NULL),(1951,'SHIRISH PANDEY',NULL,NULL,'97111 10458',NULL,'2025-04-09 04:58:06.183209',1,18,NULL,NULL,0,0,'Busy',NULL,NULL,'Planet Sun India Private Ltd',NULL,NULL,NULL,NULL),(1952,'SASIKUMAR N',NULL,NULL,'81042 79409',NULL,'2025-04-09 04:58:06.184914',1,18,NULL,NULL,0,0,'Call tomorrow',NULL,NULL,'Aerem',NULL,NULL,NULL,NULL),(1953,'Mohanraj C P, Sandhya',NULL,NULL,'73059 91641 - 96005 58761',NULL,'2025-04-09 04:58:06.186574',1,18,NULL,NULL,0,0,'Share details gothrough & call',NULL,NULL,'SEPA',NULL,NULL,NULL,NULL),(1954,'Santhiya Mohan',NULL,NULL,'8098058606',NULL,'2025-04-09 04:58:06.188336',1,18,NULL,NULL,0,0,'Share details need call',NULL,NULL,'S.P Retail Ventures Ltd',NULL,NULL,NULL,NULL),(1955,'Reddy',NULL,NULL,'99000 36969',NULL,'2025-04-09 04:58:06.190030',1,18,NULL,NULL,0,0,'Share details he don\'t know english only kannada',NULL,NULL,'ENERFRA PROJECTS ( INDIA ) PRIVATE LIMITED',NULL,NULL,NULL,NULL),(1956,'Dinesh D',NULL,NULL,'9443280926',NULL,'2025-04-09 04:58:06.191709',1,18,NULL,NULL,0,0,'Share details need call',NULL,NULL,'R A Energy Tech',NULL,NULL,NULL,NULL),(1957,NULL,NULL,NULL,'9629927382',NULL,'2025-04-09 04:58:06.193322',1,18,NULL,NULL,0,0,'No requirement',NULL,NULL,'Sri Sai Solar',NULL,NULL,NULL,NULL),(1958,NULL,NULL,NULL,'93614 15169',NULL,'2025-04-09 04:58:06.195058',1,18,NULL,NULL,0,0,'Share details send to concern team',NULL,NULL,'Cascade Solar',NULL,NULL,NULL,NULL),(1959,NULL,NULL,NULL,'9894213123',NULL,'2025-04-09 04:58:06.197130',1,18,NULL,NULL,0,0,'Busy',NULL,NULL,'POWER LINE CONTROLS',NULL,NULL,NULL,NULL),(1960,NULL,NULL,NULL,'8015233352',NULL,'2025-04-09 04:58:06.198958',1,18,NULL,NULL,0,0,'Busy',NULL,NULL,'Klymate Technologies LLP',NULL,NULL,NULL,NULL),(1961,'Mukesh',NULL,NULL,'86100 39503 | 9677422223',NULL,'2025-04-09 04:58:06.200656',1,18,NULL,NULL,0,0,'Share details need call',NULL,NULL,'MahaMeru Impex Private Limited',NULL,NULL,NULL,NULL),(1962,NULL,NULL,NULL,'89399 78450',NULL,'2025-04-09 04:58:06.202282',1,18,NULL,NULL,0,0,'Customer care num',NULL,NULL,'Solstrom Energy Solutions',NULL,NULL,NULL,NULL),(1963,NULL,NULL,NULL,'95004 22344',NULL,'2025-04-09 04:58:06.203869',1,18,NULL,NULL,0,0,'Already doing with his friends',NULL,NULL,'Ryno Trading and Technical Service',NULL,NULL,NULL,NULL),(1964,NULL,NULL,NULL,'9698004640',NULL,'2025-04-09 04:58:06.205482',1,18,NULL,NULL,0,0,'Tieup with other company',NULL,NULL,'Perfect Energy',NULL,NULL,NULL,NULL),(1965,NULL,NULL,NULL,'93644 47184',NULL,'2025-04-09 04:58:06.207102',1,18,NULL,NULL,0,0,'No requirement',NULL,NULL,'MINE POWER - ELECTRICAL PANELS',NULL,NULL,NULL,NULL),(1966,NULL,NULL,NULL,'9443732033',NULL,'2025-04-09 04:58:06.208687',1,18,NULL,NULL,0,0,'Not interested',NULL,NULL,'SS Systems',NULL,NULL,NULL,NULL),(1967,NULL,NULL,NULL,'99766 94555',NULL,'2025-04-09 04:58:06.210254',1,18,NULL,NULL,0,0,'Having team',NULL,NULL,'S Power New Energy India',NULL,NULL,NULL,NULL),(1968,'Sanjay Vardhan N - VP',NULL,NULL,'94433 98450',NULL,'2025-04-09 04:58:06.211746',1,18,NULL,NULL,0,0,'Share details need call',NULL,NULL,'Sanjay Eco Green Power Private Limited',NULL,NULL,NULL,NULL),(1969,'Mr.Kanagaraj ( Chief )',NULL,NULL,'9842755822',NULL,'2025-04-09 04:58:06.213915',1,18,NULL,NULL,0,0,'Share details need call',NULL,NULL,'Warrior Power Systems',NULL,NULL,NULL,NULL),(1970,'Arun kumar',NULL,NULL,'96552 22655',NULL,'2025-04-09 04:58:06.215469',1,18,NULL,NULL,0,0,'Call later',NULL,NULL,'Five Fingers',NULL,NULL,NULL,NULL),(1971,'BALASAHEB LASHKAR',NULL,NULL,'9168247515',NULL,'2025-04-09 04:58:06.217037',1,18,NULL,NULL,0,0,'Out of network',NULL,NULL,'SONAI INTERNATIONAL EXIM',NULL,NULL,NULL,NULL),(1972,'Mahesh',NULL,NULL,'9042546626',NULL,'2025-04-09 04:58:06.218594',1,18,NULL,NULL,0,0,'Share details need call',NULL,NULL,'GPM ENGINEERING',NULL,NULL,NULL,NULL),(1973,NULL,NULL,NULL,'98429 16486 | 98428 08486',NULL,'2025-04-09 04:58:06.220159',1,18,NULL,NULL,0,0,'Share details need call',NULL,NULL,'Sira Engineering Pvt Ltd',NULL,NULL,NULL,NULL),(1974,'Rajendran',NULL,NULL,'9842705246',NULL,'2025-04-09 04:58:06.221718',1,18,NULL,NULL,0,0,'Share details he will gothrough & call',NULL,NULL,'Bharat Engineering',NULL,NULL,NULL,NULL),(1975,NULL,NULL,NULL,'93459 40412',NULL,'2025-04-09 04:58:06.223201',1,18,NULL,NULL,0,0,'Call 10mins later',NULL,NULL,'PAANAYIL HEAVY ENGINEERING AND FABRICATIONS',NULL,NULL,NULL,NULL),(1976,'Karthik',NULL,NULL,'98947 58543',NULL,'2025-04-09 04:58:06.225100',1,18,NULL,NULL,0,0,'Share details need call',NULL,NULL,'Elge Engineering',NULL,NULL,NULL,NULL),(1977,'Pitchai Subramanian - CEO',NULL,NULL,'9952594495',NULL,'2025-04-09 04:58:06.226821',1,18,NULL,NULL,0,0,'Ring',NULL,NULL,'RH Engineering Corporation',NULL,NULL,NULL,NULL),(1978,NULL,NULL,NULL,'9500241910 | 9047533833',NULL,'2025-04-09 04:58:06.228577',1,18,NULL,NULL,0,0,'Share details need call',NULL,NULL,'PENTAUMEC SPACE STRUCTURES',NULL,NULL,NULL,NULL),(1979,NULL,NULL,NULL,'98430 79653',NULL,'2025-04-09 04:58:06.230157',1,18,NULL,NULL,0,0,'Num not exist',NULL,NULL,'Vaanithi Engineering Industries',NULL,NULL,NULL,NULL),(1980,NULL,NULL,NULL,'9080582309',NULL,'2025-04-09 04:58:06.231744',1,18,NULL,NULL,0,0,'Busy',NULL,NULL,'Assa Equipments',NULL,NULL,NULL,NULL),(1981,NULL,NULL,NULL,'95005 89995 | 95003 92225',NULL,'2025-04-09 04:58:06.233341',1,18,NULL,NULL,0,0,'No requirements',NULL,NULL,'Rehovot Engineering Products',NULL,NULL,NULL,NULL),(1982,NULL,NULL,NULL,'98422 25896 | 94452 48337',NULL,'2025-04-09 04:58:06.234827',1,18,NULL,NULL,0,0,'No requirements',NULL,NULL,'EVERRISE ENGINERING',NULL,NULL,NULL,NULL),(1983,'SURESH MADHEVAN',NULL,NULL,'9600951569',NULL,'2025-04-09 04:58:06.236939',1,18,NULL,NULL,0,0,'Ring',NULL,NULL,'SIMGROSYS CONSULTING SERVICES',NULL,NULL,NULL,NULL),(1984,NULL,NULL,NULL,'78678 94779',NULL,'2025-04-09 04:58:06.238489',1,18,NULL,NULL,0,0,'Share details he will call',NULL,NULL,'Sahara Structures',NULL,NULL,NULL,NULL),(1985,NULL,NULL,NULL,'94422 88865',NULL,'2025-04-09 12:04:23.768470',1,11,NULL,NULL,0,0,'no need',NULL,NULL,'Ooty chocolate factory',NULL,NULL,NULL,NULL),(1986,NULL,NULL,NULL,'9944151522',NULL,'2025-04-09 12:04:23.770621',1,11,NULL,NULL,0,0,'recently given a vendor, lets see',NULL,NULL,'M&N CHOCOSTORY',NULL,NULL,NULL,NULL),(1987,'Gaurav Arora',NULL,NULL,'9843096280',NULL,'2025-04-09 12:04:23.772422',1,11,NULL,NULL,0,0,'he asked website traffic , SMM cost shared',NULL,NULL,'King Star Chocolates, Botanical Garden',NULL,NULL,NULL,NULL),(1988,NULL,NULL,NULL,'9489614171',NULL,'2025-04-09 12:04:23.774101',1,11,NULL,NULL,0,0,'if need will call back',NULL,NULL,'OotyMade',NULL,NULL,NULL,NULL),(1989,NULL,NULL,NULL,'9626481220',NULL,'2025-04-09 12:04:23.775741',1,11,NULL,NULL,0,0,'no line',NULL,NULL,'Tee Tuu\'s OOTY CHOCOLATE FACTORY',NULL,NULL,NULL,NULL),(1990,NULL,NULL,NULL,'9443052066',NULL,'2025-04-09 12:04:23.777358',1,11,NULL,NULL,0,0,'not ans',NULL,NULL,'Homewood Chocolate factory',NULL,NULL,NULL,NULL),(1991,NULL,NULL,NULL,'9360101031',NULL,'2025-04-09 12:04:23.778918',1,11,NULL,NULL,0,0,'no need',NULL,NULL,'Divi Chocolates',NULL,NULL,NULL,NULL),(1992,NULL,NULL,NULL,'98436 99995',NULL,'2025-04-09 12:04:23.780589',1,11,NULL,NULL,0,0,'line busy',NULL,NULL,'Modern Stores / Moddy\'s Chocolates',NULL,NULL,NULL,NULL),(1993,NULL,NULL,NULL,'9843766611',NULL,'2025-04-09 12:04:23.782114',1,11,NULL,NULL,0,0,'no need',NULL,NULL,'Nilgiri Products',NULL,NULL,NULL,NULL),(1994,NULL,NULL,NULL,'96004 46262',NULL,'2025-04-09 12:04:23.783621',1,11,NULL,NULL,0,0,'no need',NULL,NULL,'Kodai Chocolate Factory',NULL,NULL,NULL,NULL),(1995,NULL,NULL,NULL,'9884883393',NULL,'2025-04-09 12:04:23.785110',1,11,NULL,NULL,0,0,'no need',NULL,NULL,'Meltiez Chocolate Factory',NULL,NULL,NULL,NULL),(1996,NULL,NULL,NULL,'6379790035',NULL,'2025-04-09 12:04:23.786597',1,11,NULL,NULL,0,0,'not ans',NULL,NULL,'Deepan Mills',NULL,NULL,NULL,NULL),(1997,NULL,NULL,NULL,'7010960895',NULL,'2025-04-09 12:04:23.788654',1,11,NULL,NULL,0,0,'no need',NULL,NULL,'Sri Ganapathy Mills',NULL,NULL,NULL,NULL),(1998,NULL,NULL,NULL,'9965573385',NULL,'2025-04-09 12:04:23.790298',1,11,NULL,NULL,0,0,'not ans',NULL,NULL,'M.RAMSINGH AGRO FOODS PRIVATE LIMITED',NULL,NULL,NULL,NULL),(1999,NULL,NULL,NULL,'4546255877',NULL,'2025-04-09 12:04:23.791753',1,11,NULL,NULL,0,0,'not exist',NULL,NULL,'Balasanka Mill',NULL,NULL,NULL,NULL),(2000,NULL,NULL,NULL,'9940247488',NULL,'2025-04-09 12:04:23.793294',1,11,NULL,NULL,0,0,'switched off',NULL,NULL,'RNL MILLETS',NULL,NULL,NULL,NULL),(2001,NULL,NULL,NULL,'9344540264',NULL,'2025-04-09 12:04:23.794765',1,11,NULL,NULL,0,0,'no need',NULL,NULL,'Thiruppathy Dhall Mill Theni',NULL,NULL,NULL,NULL),(2002,NULL,NULL,NULL,'9790722864',NULL,'2025-04-09 12:04:23.796240',1,11,NULL,NULL,0,0,'no need',NULL,NULL,'SLS Dhall Mills',NULL,NULL,NULL,NULL),(2003,'Sathish',NULL,NULL,'9384067407',NULL,'2025-04-09 12:04:23.797752',1,11,NULL,380,1,0,'proposal walk through given, he will update',NULL,NULL,'JS Promoters',NULL,NULL,'2025-04-09 12:09:44.763337',NULL),(2004,NULL,NULL,NULL,'7667067374',NULL,'2025-04-09 12:04:23.799240',1,11,NULL,NULL,0,0,'he will share concern number',NULL,NULL,'Benchmark Tea Factory and chocolate factory',NULL,NULL,NULL,NULL),(2006,'manikandan',NULL,NULL,'95662 75630',NULL,'2025-04-10 04:28:03.895913',1,12,NULL,NULL,0,0,NULL,NULL,NULL,'dainaa hardware',NULL,NULL,NULL,NULL),(2007,'Mr. GOKUL RAJ NARAYANAN - MD',NULL,NULL,'9962001332',NULL,'2025-04-10 04:28:03.898291',1,12,NULL,NULL,0,0,'`17/04/2025- wil get back when need , he was in a meeting asked to send watsup msg he will come back - cb',NULL,NULL,'SRI SUN SOLAR ENERGISER PVT LTD',NULL,NULL,'2025-04-21 04:46:30.031389',NULL),(2008,NULL,NULL,NULL,'99623 11444',NULL,'2025-04-10 04:28:03.900104',1,12,NULL,NULL,0,0,'cb morning',NULL,NULL,'S S POWER SOLAR',NULL,NULL,NULL,NULL),(2009,NULL,NULL,NULL,'99945 14376',NULL,'2025-04-10 04:28:03.901902',1,12,NULL,NULL,0,0,'concern person is not there',NULL,NULL,'Vigor Solar Energy Pvt Ltd',NULL,NULL,NULL,NULL),(2010,NULL,NULL,NULL,'9840373947',NULL,'2025-04-10 04:28:03.903683',1,12,NULL,NULL,0,0,'not required',NULL,NULL,'STAR SOLAR POWER CHENNAI',NULL,NULL,NULL,NULL),(2011,NULL,NULL,NULL,'8754477217',NULL,'2025-04-10 04:28:03.907360',1,12,NULL,NULL,0,0,'not required now',NULL,NULL,'Creative Eco Solutions Pvt Ltd',NULL,NULL,NULL,NULL),(2012,NULL,NULL,NULL,'72002 62046',NULL,'2025-04-10 04:28:03.909059',1,12,NULL,NULL,0,0,'already doing if need',NULL,NULL,'Shiva Sakthi Solar',NULL,NULL,NULL,NULL),(2013,NULL,NULL,NULL,'8428939860',NULL,'2025-04-10 04:28:03.910742',1,12,NULL,NULL,0,0,'line busy',NULL,NULL,'CHENNAI SOLAR ENERGY SYSTEMS',NULL,NULL,NULL,NULL),(2014,'Balaji M Sundaram',NULL,NULL,'9566096226',NULL,'2025-04-10 04:28:03.912384',1,12,NULL,NULL,0,0,'17/04/2025 -one of my family member is doing this not reqired , line busy , texted in meeting will cb',NULL,NULL,'Grand Solar Private Limited',NULL,NULL,'2025-04-21 04:42:37.427272',NULL),(2015,NULL,NULL,NULL,'9840524089',NULL,'2025-04-10 04:28:03.913964',1,12,NULL,NULL,0,0,'not required',NULL,NULL,'Tamilnadu Energy Systems',NULL,NULL,NULL,NULL),(2016,NULL,NULL,NULL,'8428880333',NULL,'2025-04-10 04:28:03.915564',1,12,NULL,NULL,0,0,'already have',NULL,NULL,'Squire Solar',NULL,NULL,NULL,NULL),(2017,'krishna kumar',NULL,NULL,'9444300454',NULL,'2025-04-10 04:28:03.917146',1,12,NULL,NULL,0,0,'17/04/2025-he will cehck and reply , how got number , share profile , if impressed will call you',NULL,NULL,'IPC Technologies',NULL,NULL,'2025-04-21 04:41:55.708892',NULL),(2018,NULL,NULL,NULL,'7358559826',NULL,'2025-04-10 04:28:03.918856',1,12,NULL,NULL,0,0,NULL,NULL,NULL,'SootLess Energy',NULL,NULL,NULL,NULL),(2019,NULL,NULL,NULL,'9941505334',NULL,'2025-04-10 04:28:03.920505',1,12,NULL,NULL,0,0,'i have a team',NULL,NULL,'RedSky Solar Technologies',NULL,NULL,NULL,NULL),(2020,NULL,NULL,NULL,'9840571770',NULL,'2025-04-10 04:28:03.922402',1,12,NULL,NULL,0,0,'not required - don\'t call this number again',NULL,NULL,'JV SOLAR ENERGY PVT LTD',NULL,NULL,NULL,NULL),(2021,'J.Sagaya Arockiya Raj',NULL,NULL,'9842492947',NULL,'2025-04-10 04:28:03.924106',1,12,NULL,NULL,0,0,'saravanan gave srimathi number , srimathi asked to share profile - cb',NULL,NULL,'Velmurugan Heavy Engg. Inds. Pvt. Ltd',NULL,NULL,NULL,NULL),(2022,'J.Sagaya Arockiya Raj Director',NULL,NULL,'98429-07771',NULL,'2025-04-10 04:28:03.925761',1,12,NULL,NULL,0,0,NULL,NULL,NULL,'Tool Fab Engineering Industries Ltd.',NULL,NULL,NULL,NULL),(2023,'udayakumar',NULL,NULL,'8220043561',NULL,'2025-04-10 04:28:03.927404',1,12,NULL,NULL,0,0,'line busy',NULL,NULL,'Acoustics India Private Limited',NULL,NULL,NULL,NULL),(2024,'Premanathan Kandhaswamy',NULL,NULL,'98940 11428',NULL,'2025-04-10 04:28:03.928962',1,12,NULL,NULL,0,0,'not have plans now if need',NULL,NULL,'Anand Engineering Products Pvt. Ltd',NULL,NULL,NULL,NULL),(2025,'Dr. Sarfudeen M',NULL,NULL,'90039 66002',NULL,'2025-04-10 04:28:03.930627',1,12,NULL,NULL,0,0,'he told i will tell HR to call you',NULL,NULL,'Barakath Engineering Industries Private Ltd.',NULL,NULL,NULL,NULL),(2026,NULL,NULL,NULL,'94433 87982',NULL,'2025-04-10 04:28:03.932336',1,12,NULL,NULL,0,0,'he gave email id will check and get back-cb',NULL,NULL,'Sekar Engineering Works',NULL,NULL,NULL,NULL),(2027,NULL,NULL,NULL,'9444945648',NULL,'2025-04-10 04:28:03.934048',1,12,NULL,NULL,0,0,'na',NULL,NULL,'Maha engineering',NULL,NULL,NULL,NULL),(2028,NULL,NULL,NULL,'9443372191',NULL,'2025-04-10 04:28:03.935677',1,12,NULL,NULL,0,0,'asked for watsupp booking slots for fottball turf , need for 1 week  , they can book in watsupp itself so that we can proceed',NULL,NULL,'Andrew Industries',NULL,NULL,NULL,NULL),(2029,NULL,NULL,NULL,'9443158610',NULL,'2025-04-10 04:28:03.937840',1,12,NULL,NULL,0,0,'already have',NULL,NULL,'Fabrichem (Trichy) Pvt Ltd',NULL,NULL,NULL,NULL),(2030,'Syed Arif A R',NULL,NULL,'9842450569',NULL,'2025-04-10 04:28:03.940120',1,12,NULL,NULL,0,0,NULL,NULL,NULL,'Five Star Industries',NULL,NULL,NULL,NULL),(2031,'MAHESH BABU',NULL,NULL,'6382043893',NULL,'2025-04-10 04:28:03.942006',1,12,NULL,NULL,0,0,'pitched for likedIn told profile if need will get back-cb',NULL,NULL,'Dynepro Private Limited',NULL,NULL,NULL,NULL),(2032,'Gururaj',NULL,NULL,'9443114070',NULL,'2025-04-10 04:28:03.943712',1,12,NULL,NULL,0,0,'not required',NULL,NULL,'Guru Engineering Works Trichy',NULL,NULL,NULL,NULL),(2033,'veeranan',NULL,NULL,'8220042931',NULL,'2025-04-10 04:28:03.945334',1,12,NULL,NULL,0,0,'sreeranan told to share profile im mail - cb',NULL,NULL,'TEFUGEN Technologies Private Limited',NULL,NULL,NULL,NULL),(2034,NULL,NULL,NULL,'4312500472',NULL,'2025-04-10 04:28:03.946975',1,12,NULL,NULL,0,0,'not required',NULL,NULL,'ALTEC FABRICATORS',NULL,NULL,NULL,NULL),(2035,NULL,NULL,NULL,'9842855023',NULL,'2025-04-10 04:28:03.948607',1,12,NULL,NULL,0,0,'not required',NULL,NULL,'lakshmi electricals works',NULL,NULL,NULL,NULL),(2036,NULL,NULL,NULL,'9344916778',NULL,'2025-04-10 04:28:03.953848',1,12,NULL,NULL,0,0,'not required',NULL,NULL,'TREAT',NULL,NULL,NULL,NULL),(2037,'Kandiban Gajendiran',NULL,NULL,'92444 18381',NULL,'2025-04-10 04:28:03.955540',1,12,NULL,NULL,0,0,'cb tom',NULL,NULL,'Gangaa Machines',NULL,NULL,NULL,NULL),(2038,NULL,NULL,NULL,'7810828308',NULL,'2025-04-10 04:28:03.957161',1,12,NULL,NULL,0,0,'he was driving cb tom',NULL,NULL,'SRI SAI POWER AND EQUIPMENTS PRIVATE LIMITED',NULL,NULL,NULL,NULL),(2039,NULL,NULL,NULL,'98940 62092',NULL,'2025-04-10 04:28:03.958700',1,12,NULL,NULL,0,0,'concern person is not there',NULL,NULL,'Essaar Energy Equipments',NULL,NULL,NULL,NULL),(2040,'govind',NULL,NULL,'9842224405',NULL,'2025-04-10 04:41:48.166092',1,12,NULL,NULL,0,0,'17/04/2025- not required if neeed will cb, 08/04/2025-told him cost and how we work , he said will check and update -cb , asked cost for sales  for solar panel scheme installation in and around cbe have turnover of 30 crcre',NULL,NULL,'Creative Power Solution',NULL,NULL,'2025-04-21 04:45:21.410903',NULL),(2041,NULL,NULL,NULL,'78458 56601',NULL,'2025-04-10 04:41:48.168284',1,12,NULL,NULL,0,0,'19/04/2025- asked for website and DM quote she told seem high will revert then sahred ZIng \n website yet to update , 17/04/2025- she herslf eill update busy eith other works no need to follow up , 10/04/2025- he gave aruna nnumber , she didn\'t picked drop her msg , 05/04/02025- NA , he asked that you do for kpr and told about nishant , asked to sahre profile she might have reqirement in 2 weeks - imp follow up',NULL,NULL,'Aksara Tex',NULL,NULL,'2025-04-21 04:44:42.055210',NULL),(2042,'Pradeep Karthikeyan',NULL,NULL,'7845871221',NULL,'2025-04-10 04:41:48.170076',1,12,NULL,NULL,0,0,'16/04/2025-not interested , NA',NULL,NULL,'Eco smart energy systems',NULL,NULL,'2025-04-21 05:21:31.902125',NULL),(2043,NULL,NULL,NULL,'9566089222',NULL,'2025-04-10 04:41:48.171674',1,12,NULL,NULL,0,0,'line busy',NULL,NULL,'Grids Infrastructure Solutions Pvt. Ltd',NULL,NULL,NULL,NULL),(2044,'Arun kumar',NULL,NULL,'9940116216',NULL,'2025-04-10 04:41:48.173272',1,12,NULL,NULL,0,0,'10/04 she shared the profile to MD yet to reply she will cb , arun gave megala number magala told already hired one business partner she will check with MD and get back -cb',NULL,NULL,'Shizen Energy India Pvt. Ltd.',NULL,NULL,'2025-04-11 04:31:13.438362',NULL),(2045,NULL,NULL,NULL,'97894 44300',NULL,'2025-04-10 04:41:48.174953',1,12,NULL,NULL,0,0,'if need update you',NULL,NULL,'SMARTK SOLUTIONS',NULL,NULL,NULL,NULL),(2046,'kalichamy K',NULL,NULL,'99625 60000',NULL,'2025-04-10 04:41:48.176702',1,12,NULL,NULL,0,0,'NA',NULL,NULL,'Inesh Smart Energy',NULL,NULL,NULL,NULL),(2047,'vinoth',NULL,NULL,'7617661766',NULL,'2025-04-10 04:41:48.178494',1,12,NULL,NULL,0,0,'he gave mr vinoth number- didn\'t picked -cb',NULL,NULL,'Rich Phytocare: Solar Company Chennai',NULL,NULL,NULL,NULL),(2048,NULL,NULL,NULL,'8939978450',NULL,'2025-04-10 04:41:48.181391',1,12,NULL,NULL,0,0,'17/04/2025-not required now , marketing team is on leave today in chennai , am in cbe cb tom - cb',NULL,NULL,'Solstrom Solar Energy solutions',NULL,NULL,'2025-04-21 04:47:09.165882',NULL),(2049,'Bharathiraja Kaliyamoorthy',NULL,NULL,'9710412354',NULL,'2025-04-10 04:41:48.183158',1,12,NULL,NULL,0,0,'cb tomm',NULL,NULL,'GEESYS Technologies India Private Limited',NULL,NULL,NULL,NULL),(2050,'sheik fatulla',NULL,NULL,'9176668617',NULL,'2025-04-10 04:41:48.185083',1,12,NULL,NULL,0,0,'already one is doing share me your profile will cehck with the team if need will get back',NULL,NULL,'Daystar Solar',NULL,NULL,NULL,NULL),(2051,'murali',NULL,NULL,'84314 58505',NULL,'2025-04-10 04:41:48.187004',1,12,NULL,NULL,0,0,'share profile in mail everyone will see what all you do , without knowing i can\'t tell .',NULL,NULL,'Jeevaditya Solar Power Pvt Ltd',NULL,NULL,NULL,NULL),(2052,'Nagarajan CR',NULL,NULL,'98400 70046',NULL,'2025-04-10 04:41:48.188740',1,12,NULL,NULL,0,0,'nagarajancr@sreenandhees.in',NULL,NULL,'Sree Nandhee\'s Technologies',NULL,NULL,NULL,NULL),(2053,NULL,NULL,NULL,'93429 96277',NULL,'2025-04-10 04:41:48.191296',1,12,NULL,NULL,0,0,'Not required',NULL,NULL,'Transcendent Energy Tech Solutions Pvt Ltd',NULL,NULL,NULL,NULL),(2054,'balasubramanium',NULL,NULL,'9363711175',NULL,'2025-04-10 04:41:48.192979',1,12,NULL,NULL,0,0,'17/04/2025-NA , 10/04/2025- he asked cost and SM channaels he told will get in touch with you ,taking with 2 3 companies , but branding is not there oonly google review pitched for SM , he told wwill get back share profile -cb',NULL,NULL,'Midastouch solar',NULL,NULL,'2025-04-21 04:45:53.201929',NULL),(2055,NULL,NULL,NULL,'9629512981',NULL,'2025-04-10 04:41:48.194593',1,12,NULL,NULL,0,0,'he \'s going out station call back after 10',NULL,NULL,'Esha Energy',NULL,NULL,NULL,NULL),(2056,NULL,NULL,NULL,'9677064402',NULL,'2025-04-10 04:41:48.196647',1,12,NULL,NULL,0,0,'switcchoff',NULL,NULL,'Volboozter',NULL,NULL,NULL,NULL),(2057,'Alfred',NULL,NULL,'94878 55286',NULL,'2025-04-10 04:41:48.198305',1,12,NULL,NULL,0,0,'already tied up with other agency , share me your profile , asked location will get back if need',NULL,NULL,'Progen Energy Solutions',NULL,NULL,NULL,NULL),(2058,NULL,NULL,NULL,'9367912615',NULL,'2025-04-10 04:41:48.199970',1,12,NULL,NULL,0,0,'17/04/2025- owner is out station will cb when omes  , concern person is in meeting she will cb when free -cb',NULL,NULL,'Shree Solar',NULL,NULL,'2025-04-21 04:41:30.422607',NULL),(2059,'sabapathi',NULL,NULL,'98422 05150',NULL,'2025-04-10 04:41:48.201606',1,12,NULL,NULL,0,0,'already one company is doing , share me your pprofile if need',NULL,NULL,'GEM Solar Solutions',NULL,NULL,NULL,NULL),(2060,'jagadish',NULL,NULL,'98422 91069',NULL,'2025-04-10 04:41:48.203095',1,12,NULL,NULL,0,0,'line busy',NULL,NULL,'FOCUSUN ENERGY SYSTEMS',NULL,NULL,NULL,NULL),(2061,'vasanth',NULL,NULL,'9842213636',NULL,'2025-04-10 04:41:48.205214',1,12,NULL,NULL,0,0,'he told looking for , then told am out busy cb tom , shared profile - cb',NULL,NULL,'VC Green Energy Private Limited',NULL,NULL,NULL,NULL),(2062,NULL,NULL,NULL,'97157 27345',NULL,'2025-04-10 04:41:48.206625',1,12,NULL,NULL,0,0,'not required',NULL,NULL,'Kanali Aatral',NULL,NULL,NULL,NULL),(2063,NULL,NULL,NULL,'98424 62286',NULL,'2025-04-10 04:41:48.208086',1,12,NULL,NULL,0,0,'not required',NULL,NULL,'AMON SOLAR SOLUTIONS',NULL,NULL,NULL,NULL),(2064,'Senthil',NULL,NULL,'9342987562',NULL,'2025-04-10 04:41:48.209546',1,12,NULL,NULL,0,0,'22/04- he told MD is busy in other will check will take 10 days then update if he free , he told will check with management and get back shared profile -cb',NULL,NULL,'K Powers',NULL,NULL,'2025-04-22 11:15:33.046191',NULL),(2065,'chidambaram',NULL,NULL,'9994441175',NULL,'2025-04-10 04:55:02.960961',1,12,NULL,NULL,0,0,'05/04/2025- NA , after meeting followup , he said they are already working after 3 onth will see if not satisfied will come to you',NULL,NULL,'valli & Co',NULL,NULL,NULL,NULL),(2066,NULL,NULL,NULL,'422 666 6777',NULL,'2025-04-10 05:14:47.881922',1,18,NULL,NULL,0,0,'Ring',NULL,NULL,'HIROTEC INDIA',NULL,NULL,NULL,NULL),(2067,NULL,NULL,NULL,'099949 24984',NULL,'2025-04-10 05:14:47.883784',1,18,NULL,NULL,0,0,'Share details need call',NULL,NULL,'Bamboo Events Planning & Decor',NULL,NULL,NULL,NULL),(2068,'Thiyagarajan',NULL,NULL,'090420 70570',NULL,'2025-04-10 05:14:47.885486',1,18,NULL,NULL,0,0,'Share details need call',NULL,NULL,'Melky Celebrations',NULL,NULL,NULL,NULL),(2069,'Sathish',NULL,NULL,'080727 02652',NULL,'2025-04-10 05:14:47.887223',1,18,NULL,NULL,0,0,'Share DM Price',NULL,NULL,'Dreamholic Event Planners',NULL,NULL,NULL,NULL),(2070,NULL,NULL,NULL,'88707 66660',NULL,'2025-04-10 05:14:47.888822',1,18,NULL,NULL,0,0,'Having team',NULL,NULL,'Orange Art Factory (OAF)',NULL,NULL,NULL,NULL),(2071,NULL,NULL,NULL,'090256 70001',NULL,'2025-04-10 05:14:47.890410',1,18,NULL,NULL,0,0,'Ring',NULL,NULL,'Sarva Wedding Planners',NULL,NULL,NULL,NULL),(2072,NULL,NULL,NULL,'096292 89869',NULL,'2025-04-10 05:14:47.892021',1,18,NULL,NULL,0,0,'Not interested',NULL,NULL,'Kovai Event Planners',NULL,NULL,NULL,NULL),(2073,NULL,NULL,NULL,'090956 56238',NULL,'2025-04-10 05:14:47.893604',1,18,NULL,NULL,0,0,'No requirements',NULL,NULL,'Wow Events and Promotions',NULL,NULL,NULL,NULL),(2074,NULL,NULL,NULL,'9659127184',NULL,'2025-04-10 05:14:47.895091',1,18,NULL,NULL,0,0,'Busy',NULL,NULL,'Vel Event',NULL,NULL,NULL,NULL),(2075,NULL,NULL,NULL,'81444 04555',NULL,'2025-04-10 05:14:47.896808',1,18,NULL,NULL,0,0,'Busy',NULL,NULL,'Glider Events',NULL,NULL,NULL,NULL),(2076,NULL,NULL,NULL,'97151 22122',NULL,'2025-04-10 05:14:47.898600',1,18,NULL,NULL,0,0,'Ring',NULL,NULL,'RJ Creative Promos & Events',NULL,NULL,NULL,NULL),(2077,'Karthik',NULL,NULL,'9842579927',NULL,'2025-04-10 05:14:47.900255',1,18,NULL,NULL,0,0,'No requirements',NULL,NULL,'Nakshathra Event Planner',NULL,NULL,NULL,NULL),(2078,NULL,NULL,NULL,'98654 09325 , 73738 53031',NULL,'2025-04-10 05:14:47.901792',1,18,NULL,NULL,0,0,'Ring',NULL,NULL,'S. Samy Decorators & Sound Services',NULL,NULL,NULL,NULL),(2079,'Pooja',NULL,NULL,'9842712262',NULL,'2025-04-10 05:14:47.903327',1,18,NULL,NULL,0,0,'No requirements',NULL,NULL,'Shara Petals',NULL,NULL,NULL,NULL),(2080,NULL,NULL,NULL,'98438 44406',NULL,'2025-04-10 05:14:47.904832',1,18,NULL,NULL,0,0,'Having team',NULL,NULL,'Geometrics Space Structures Pvt. Ltd.',NULL,NULL,NULL,NULL),(2081,NULL,NULL,NULL,'9566592342',NULL,'2025-04-10 05:14:47.906364',1,18,NULL,NULL,0,0,'Share details need call',NULL,NULL,'Limra True Form Engineering',NULL,NULL,NULL,NULL),(2082,NULL,NULL,NULL,'9894698622',NULL,'2025-04-10 05:14:47.907805',1,18,NULL,NULL,0,0,'Share details need call',NULL,NULL,'Mirror Precision Works',NULL,NULL,NULL,NULL),(2083,NULL,NULL,NULL,'9597456048',NULL,'2025-04-10 05:14:47.909311',1,18,NULL,NULL,0,0,'Switch off',NULL,NULL,'Pre Engineered Steel Building Manufacturers',NULL,NULL,NULL,NULL),(2084,NULL,NULL,NULL,'99943 33066',NULL,'2025-04-10 05:14:47.910817',1,18,NULL,NULL,0,0,'Busy',NULL,NULL,'S S SOLUTIONS',NULL,NULL,NULL,NULL),(2085,NULL,NULL,NULL,'9944547494',NULL,'2025-04-10 05:14:47.912807',1,18,NULL,NULL,0,0,'Ring',NULL,NULL,'Yes Kay Engineering | Turbo Ventilator',NULL,NULL,NULL,NULL),(2086,NULL,NULL,NULL,'6374545181',NULL,'2025-04-10 05:14:47.914671',1,18,NULL,NULL,0,0,'Num not exist',NULL,NULL,'Egrid electric Pvt Ltd',NULL,NULL,NULL,NULL),(2087,NULL,NULL,NULL,'98453 05929',NULL,'2025-04-10 05:14:47.916411',1,18,NULL,NULL,0,0,'Ring',NULL,NULL,'Melange Systems Pvt Ltd',NULL,NULL,NULL,NULL),(2088,NULL,NULL,NULL,'7349467888',NULL,'2025-04-10 05:14:47.917924',1,18,NULL,NULL,0,0,'Share details need call',NULL,NULL,'Jas Ecoenergy Solutions INC',NULL,NULL,NULL,NULL),(2089,NULL,NULL,NULL,'9243044893',NULL,'2025-04-10 05:14:47.919461',1,18,NULL,NULL,0,0,'He will share Marketing team number',NULL,NULL,'Vinayaka Energy Tech',NULL,NULL,NULL,NULL),(2090,NULL,NULL,NULL,'7598322448',NULL,'2025-04-10 05:14:47.920869',1,18,NULL,NULL,0,0,'Share details need call',NULL,NULL,'Ample Grid',NULL,NULL,NULL,NULL),(2091,NULL,NULL,NULL,'95383 04976',NULL,'2025-04-10 05:14:47.922336',1,18,NULL,NULL,0,0,'No requirements',NULL,NULL,'Solmitra Power & Steel Pvt Ltd',NULL,NULL,NULL,NULL),(2092,NULL,NULL,NULL,'9900520505',NULL,'2025-04-10 05:14:47.923747',1,18,NULL,NULL,0,0,'Ask to send a mail',NULL,NULL,'Orb Energy',NULL,NULL,NULL,NULL),(2093,NULL,NULL,NULL,'8042126005',NULL,'2025-04-10 05:14:47.925200',1,18,NULL,NULL,0,0,'Num not exist',NULL,NULL,'Smart M Technovations Pvt. Ltd.',NULL,NULL,NULL,NULL),(2094,'Govind',NULL,NULL,NULL,NULL,'2025-04-11 04:47:14.563796',1,12,2,381,1,0,'told him cost and how we work , he said will check and update -cb',NULL,NULL,'solar',NULL,NULL,NULL,NULL),(2095,NULL,NULL,NULL,'4546252577',NULL,'2025-04-11 04:47:16.896992',1,11,NULL,NULL,0,0,'not reachable',NULL,NULL,'Fores Chemical Industries',NULL,NULL,NULL,NULL),(2096,NULL,NULL,NULL,'9965564910',NULL,'2025-04-11 04:47:16.899931',1,11,NULL,NULL,0,0,'no need',NULL,NULL,'Sri Krishna Plastic Industries',NULL,NULL,NULL,NULL),(2097,NULL,NULL,NULL,'9944729927',NULL,'2025-04-11 04:47:16.902537',1,11,NULL,NULL,0,0,'not ans',NULL,NULL,'Boxwell Packaging Industries',NULL,NULL,NULL,NULL),(2098,NULL,NULL,NULL,'8072808564',NULL,'2025-04-11 04:47:16.905058',1,11,NULL,NULL,0,0,'no need',NULL,NULL,'ALL AXIS CNC MACHINERY LIMITED',NULL,NULL,NULL,NULL),(2099,NULL,NULL,NULL,'4543269000',NULL,'2025-04-11 04:47:16.907561',1,11,NULL,NULL,0,0,'not reachable',NULL,NULL,'Gainup Industries India Pvt. Ltd.',NULL,NULL,NULL,NULL),(2100,NULL,NULL,NULL,'9900096869',NULL,'2025-04-11 04:47:16.910187',1,11,NULL,NULL,0,0,'not ans',NULL,NULL,'DDG Blue Metal',NULL,NULL,NULL,NULL),(2101,NULL,NULL,NULL,'9442122287',NULL,'2025-04-11 04:47:16.913903',1,11,NULL,NULL,0,0,'if need will call back, WA shared',NULL,NULL,'SREE AKHILA JEWELLERY',NULL,NULL,NULL,NULL),(2102,NULL,NULL,NULL,'7708915916',NULL,'2025-04-11 04:47:16.916577',1,11,NULL,NULL,0,0,'no need',NULL,NULL,'ANNAI CNC MECHINERY',NULL,NULL,NULL,NULL),(2103,NULL,NULL,NULL,'9894167656',NULL,'2025-04-11 04:47:16.919180',1,11,NULL,NULL,0,0,'if needed will call back',NULL,NULL,'Sree meenakshi crane service',NULL,NULL,NULL,NULL),(2104,NULL,NULL,NULL,'9944964442',NULL,'2025-04-11 04:47:16.921559',1,11,NULL,NULL,0,0,'11.04.25	no need\n10.04.25 computer voice , someone will call back',NULL,NULL,'SRI PACK ENTERPRISES',NULL,NULL,'2025-04-11 05:15:52.866496',NULL),(2105,NULL,NULL,NULL,'98427 44190',NULL,'2025-04-11 04:47:16.924026',1,11,NULL,NULL,0,0,'if need will call back',NULL,NULL,'SRI DEVARAJA AGRO INDUSTRIES',NULL,NULL,NULL,NULL),(2106,NULL,NULL,NULL,'9443730134',NULL,'2025-04-11 04:47:16.927853',1,11,NULL,NULL,0,0,'no need',NULL,NULL,'RB INDUSSTRIES',NULL,NULL,NULL,NULL),(2107,NULL,NULL,NULL,'9944964855',NULL,'2025-04-11 04:47:16.931361',1,11,NULL,NULL,0,0,'not ans',NULL,NULL,'Ponni Agro Industries Pvt Ltd',NULL,NULL,NULL,NULL),(2108,NULL,NULL,NULL,'9994334106',NULL,'2025-04-11 04:47:16.933798',1,11,NULL,NULL,0,0,'not ans',NULL,NULL,'Take New Industries',NULL,NULL,NULL,NULL),(2110,NULL,NULL,NULL,'9842476510',NULL,'2025-04-11 05:02:18.601610',1,12,NULL,NULL,0,0,'he is out od station , he asked to call tuesday -cb shared profile',NULL,NULL,'Arjith Property Developers',NULL,NULL,NULL,NULL),(2111,NULL,NULL,NULL,'7339666782',NULL,'2025-04-11 05:02:18.604212',1,12,NULL,NULL,0,0,'cb tom morning',NULL,NULL,'Sigma Power & Energy Engineers',NULL,NULL,NULL,NULL),(2112,NULL,NULL,NULL,'9842453309',NULL,'2025-04-11 05:02:18.606270',1,12,NULL,NULL,0,0,'if need',NULL,NULL,'Ezhil Energies',NULL,NULL,NULL,NULL),(2113,NULL,NULL,NULL,'9894114187',NULL,'2025-04-11 05:02:18.608676',1,12,NULL,NULL,0,0,'busy now cb tom',NULL,NULL,'Infinity Energy Engineers',NULL,NULL,NULL,NULL),(2114,NULL,NULL,NULL,'4312500686',NULL,'2025-04-11 05:02:18.611438',1,12,NULL,NULL,0,0,'not required',NULL,NULL,'Dee Dee Engineering Enterprises',NULL,NULL,NULL,NULL),(2115,NULL,NULL,NULL,'9345687640',NULL,'2025-04-11 05:02:18.613468',1,12,NULL,NULL,0,0,'16/04/2024 - not required , 11/04/2025, 12/04/2025-NA',NULL,NULL,'Excel Energy Equipments',NULL,NULL,'2025-04-21 05:18:50.057195',NULL),(2116,NULL,NULL,NULL,'9500962397',NULL,'2025-04-11 05:02:18.615462',1,12,NULL,NULL,0,0,'16/04/2025- Not required , Na',NULL,NULL,'SJLT Textiles pvt ltd',NULL,NULL,'2025-04-21 05:18:04.848633',NULL),(2117,'- Raja Ramanujam',NULL,NULL,'98430 55580',NULL,'2025-04-11 05:02:18.617863',1,12,NULL,NULL,0,0,'not required',NULL,NULL,'MPR FOOD PRODUCTS',NULL,NULL,NULL,NULL),(2118,NULL,NULL,NULL,'9894846570',NULL,'2025-04-11 05:02:18.619919',1,12,NULL,NULL,0,0,'16/04/2025 - Not required , line busy',NULL,NULL,'PG Shelters',NULL,NULL,'2025-04-21 05:20:33.269610',NULL),(2119,NULL,NULL,NULL,'8610048398',NULL,'2025-04-11 05:02:18.622028',1,12,NULL,NULL,0,0,NULL,NULL,NULL,'Villamakers',NULL,NULL,NULL,NULL),(2120,NULL,NULL,NULL,'8804872469',NULL,'2025-04-11 05:02:18.623629',1,12,NULL,NULL,0,0,'16/04/2025- NA',NULL,NULL,'ARH Builders And Urbanizers',NULL,NULL,'2025-04-21 04:56:58.513823',NULL),(2121,NULL,NULL,NULL,'98944 21871',NULL,'2025-04-11 05:02:18.625107',1,12,NULL,NULL,0,0,'will save your number if need will call',NULL,NULL,'Thirumalai Builders',NULL,NULL,NULL,NULL),(2122,NULL,NULL,NULL,'9080718460',NULL,'2025-04-11 05:02:18.626693',1,12,NULL,NULL,0,0,'will call if need',NULL,NULL,'Abu Builders & construction interior works',NULL,NULL,NULL,NULL),(2123,NULL,NULL,NULL,'99528 47709',NULL,'2025-04-11 05:02:18.628223',1,12,NULL,NULL,0,0,'line busy',NULL,NULL,'SS Builders & Interior Designer',NULL,NULL,NULL,NULL),(2124,NULL,NULL,NULL,'9445232245',NULL,'2025-04-11 05:02:18.629734',1,12,NULL,NULL,0,0,'not required don\'t call',NULL,NULL,'US Construction Trichy',NULL,NULL,'2025-04-21 05:15:15.813352',NULL),(2125,NULL,NULL,NULL,'98652 50127',NULL,'2025-04-11 05:02:18.631402',1,12,NULL,NULL,0,0,'not required now',NULL,NULL,'RR Constructions',NULL,NULL,NULL,NULL),(2126,NULL,NULL,NULL,'9791410015',NULL,'2025-04-11 05:02:18.633251',1,12,NULL,NULL,0,0,'not required now',NULL,NULL,'Sri Prabu Constructions',NULL,NULL,NULL,NULL),(2127,NULL,NULL,NULL,'99422 11775',NULL,'2025-04-11 05:02:18.634777',1,12,NULL,NULL,0,0,'if need',NULL,NULL,'Royal Shelter',NULL,NULL,NULL,NULL),(2128,NULL,NULL,NULL,'98424 25299',NULL,'2025-04-11 05:02:18.636234',1,12,NULL,NULL,0,0,'not required',NULL,NULL,'KVM Housing Developers',NULL,NULL,NULL,NULL),(2129,NULL,NULL,NULL,'9965520661',NULL,'2025-04-11 05:02:18.637715',1,12,NULL,NULL,0,0,'line busy',NULL,NULL,'Rohini housing Developers (p) ltd',NULL,NULL,NULL,NULL),(2130,NULL,NULL,NULL,'99949 24502',NULL,'2025-04-11 05:02:18.639264',1,12,NULL,NULL,0,0,'share portfolio if need will get back',NULL,NULL,'Mitha Construction and Development',NULL,NULL,NULL,NULL),(2131,NULL,NULL,NULL,'9842162969',NULL,'2025-04-11 05:02:18.640818',1,12,NULL,NULL,0,0,NULL,NULL,NULL,'ARN City Homes',NULL,NULL,NULL,NULL),(2132,'Muruga ANAND',NULL,NULL,'9842477288',NULL,'2025-04-11 05:02:18.642319',1,12,NULL,NULL,0,0,'not required',NULL,NULL,'ANNAI SARADHA BUILDERS',NULL,NULL,NULL,NULL),(2133,NULL,NULL,NULL,'9842437863',NULL,'2025-04-11 05:02:18.643827',1,12,NULL,NULL,0,0,'not re quired',NULL,NULL,'Excell Builders',NULL,NULL,NULL,NULL),(2134,NULL,NULL,NULL,'9842430871',NULL,'2025-04-11 05:02:18.645334',1,12,NULL,NULL,0,0,'NA -cb',NULL,NULL,'M.V.Builders',NULL,NULL,NULL,NULL),(2135,NULL,NULL,NULL,'9443141965',NULL,'2025-04-11 05:02:18.646845',1,12,NULL,NULL,0,0,'can\'t able to hear his voice properly',NULL,NULL,'MKB HOUSING',NULL,NULL,NULL,NULL),(2136,NULL,NULL,NULL,'9965530931',NULL,'2025-04-11 05:02:18.648285',1,12,NULL,NULL,0,0,'share me your detials - cb',NULL,NULL,'Natesan Estates',NULL,NULL,NULL,NULL),(2137,'Manoharan',NULL,NULL,'9363331117',NULL,'2025-04-11 05:02:18.649842',1,12,NULL,NULL,0,0,NULL,NULL,NULL,'Manoo Housing Promoters',NULL,NULL,NULL,NULL),(2138,NULL,NULL,NULL,'9865895969',NULL,'2025-04-11 05:02:18.652721',1,12,NULL,NULL,0,0,'16/04/2025 - he toal dif need will get back , she gave MD number 9842015969-ibrahim , she told to call tom morning now he will be available',NULL,NULL,'Bharath Constructions',NULL,NULL,'2025-04-21 04:56:13.455123',NULL),(2139,NULL,NULL,NULL,'9750993042',NULL,'2025-04-11 05:02:18.654240',1,12,NULL,NULL,0,0,'not valid',NULL,NULL,'S K BUILDERS & PROMOTERS',NULL,NULL,NULL,NULL),(2140,NULL,NULL,NULL,'9443154272',NULL,'2025-04-11 05:02:18.655746',1,12,NULL,NULL,0,0,NULL,NULL,NULL,'Navneetha Property Developers',NULL,NULL,NULL,NULL),(2142,NULL,NULL,NULL,'989 4505481',NULL,'2025-04-11 05:21:57.357060',1,18,NULL,NULL,0,0,'Share details he will gothrough & call',NULL,NULL,'Ecstasylogistics',NULL,NULL,NULL,NULL),(2143,NULL,NULL,NULL,'98 430 42211',NULL,'2025-04-11 05:21:57.359652',1,18,NULL,NULL,0,0,'Busy',NULL,NULL,'Toben Logistics Solutions Pvt Ltd',NULL,NULL,NULL,NULL),(2144,NULL,NULL,NULL,'96005 60006',NULL,'2025-04-11 05:21:57.361501',1,18,NULL,NULL,0,0,'No Requirements',NULL,NULL,'Sea Great Logistics Private Limited',NULL,NULL,NULL,NULL),(2145,NULL,NULL,NULL,'9843533123',NULL,'2025-04-11 05:21:57.363234',1,18,NULL,NULL,0,0,'Ring',NULL,NULL,'Sarvam Logistics.',NULL,NULL,NULL,NULL),(2146,NULL,NULL,NULL,'8220007851',NULL,'2025-04-11 05:21:57.365146',1,18,NULL,NULL,0,0,'No response',NULL,NULL,'Fouress Logistics Pvt Ltd',NULL,NULL,NULL,NULL),(2147,NULL,NULL,NULL,'0422 2317275',NULL,'2025-04-11 05:21:57.366932',1,18,NULL,NULL,0,0,'Ring',NULL,NULL,'Consolidated Shipping Line',NULL,NULL,NULL,NULL),(2148,NULL,NULL,NULL,'422 2312559',NULL,'2025-04-11 05:21:57.368688',1,18,NULL,NULL,0,0,'Share Details Through mail',NULL,NULL,'Joveens',NULL,NULL,NULL,NULL),(2149,NULL,NULL,NULL,'0422 427 0116',NULL,'2025-04-11 05:21:57.370469',1,18,NULL,NULL,0,0,'Ring',NULL,NULL,'Jeena Customer Portal',NULL,NULL,NULL,NULL),(2150,NULL,NULL,NULL,'0422 259 8488',NULL,'2025-04-11 05:21:57.372202',1,18,NULL,NULL,0,0,'Having inhouse team',NULL,NULL,'Broekman Logistics India Private Limited',NULL,NULL,NULL,NULL),(2151,NULL,NULL,NULL,'88002 89933',NULL,'2025-04-11 05:21:57.373876',1,18,NULL,NULL,0,0,'Switch off',NULL,NULL,'Chetak',NULL,NULL,NULL,NULL),(2152,NULL,NULL,NULL,'95007 22911',NULL,'2025-04-11 05:21:57.375454',1,18,NULL,NULL,0,0,'Share details need call',NULL,NULL,'The Peninsular Export Company',NULL,NULL,NULL,NULL),(2153,'Abhiraj Tulsyan',NULL,NULL,'9873-144-145 -7571910671',NULL,'2025-04-11 05:21:57.377089',1,18,NULL,NULL,0,0,'No response',NULL,NULL,'Stockarea',NULL,NULL,NULL,NULL),(2154,NULL,NULL,NULL,'22 6666 3666',NULL,'2025-04-11 05:21:57.378796',1,18,NULL,NULL,0,0,'Ask to snd mail sended same company allcargo',NULL,NULL,'Aegis Logistics Ltd',NULL,NULL,NULL,NULL),(2155,NULL,NULL,NULL,'022 6679 8100',NULL,'2025-04-11 05:21:57.380523',1,18,NULL,NULL,0,0,'Ask to snd mail sended',NULL,NULL,'Allcargo Logistics Ltd',NULL,NULL,NULL,NULL),(2156,'Palaniswamy',NULL,NULL,'94877 46600',NULL,'2025-04-11 05:21:57.382739',1,18,NULL,NULL,0,0,'Company Closed',NULL,NULL,'SRI KANNAN LOGISTICS',NULL,NULL,NULL,NULL),(2157,NULL,NULL,NULL,'94430 33465',NULL,'2025-04-11 05:21:57.384418',1,18,NULL,NULL,0,0,'Share details in meeting',NULL,NULL,'SRI SHANMUGHAR LOGISTICS PVT LTD',NULL,NULL,NULL,NULL),(2158,NULL,NULL,NULL,'0452 329 8987',NULL,'2025-04-11 05:21:57.386072',1,18,NULL,NULL,0,0,'NUm not exist',NULL,NULL,'BIC Logistics Ventures Ltd',NULL,NULL,NULL,NULL),(2159,NULL,NULL,NULL,'79 22902055',NULL,'2025-04-11 05:21:57.387889',1,18,NULL,NULL,0,0,'NUm not exist',NULL,NULL,'PRIMA PUMPS PVT.LTD',NULL,NULL,NULL,NULL),(2160,NULL,NULL,NULL,'9345939960',NULL,'2025-04-11 05:21:57.389522',1,18,NULL,NULL,0,0,'Ring',NULL,NULL,'Klenz Incorporation',NULL,NULL,NULL,NULL),(2161,NULL,NULL,NULL,'98940 64284',NULL,'2025-04-11 05:21:57.391150',1,18,NULL,NULL,0,0,'No response',NULL,NULL,'Go Fresh Madurai',NULL,NULL,NULL,NULL),(2162,NULL,NULL,NULL,'7806844316',NULL,'2025-04-11 05:21:57.392786',1,18,NULL,NULL,0,0,'Ring',NULL,NULL,'Lakshmi Boutique',NULL,NULL,NULL,NULL),(2163,NULL,NULL,NULL,'99620 96868',NULL,'2025-04-12 05:47:48.991746',1,18,NULL,NULL,0,0,'Ring',NULL,NULL,'Excel Die Castings',NULL,NULL,NULL,NULL),(2164,NULL,NULL,NULL,'8015161750',NULL,'2025-04-12 05:47:48.993905',1,18,NULL,NULL,0,0,'Call 1month later may 12',NULL,NULL,'Asppice engineering',NULL,NULL,NULL,NULL),(2165,NULL,NULL,NULL,'9944593322',NULL,'2025-04-12 05:47:48.995444',1,18,NULL,NULL,0,0,'Need call share details',NULL,NULL,'Electromotive Power Drives',NULL,NULL,NULL,NULL),(2166,NULL,NULL,NULL,'98941 68113',NULL,'2025-04-12 05:47:48.997030',1,18,NULL,NULL,0,0,'No requirements',NULL,NULL,'Kovai Kitchen Equipments',NULL,NULL,NULL,NULL),(2167,'Easwaran',NULL,NULL,'93445 99678',NULL,'2025-04-12 05:47:48.998598',1,18,NULL,NULL,0,0,'No idea',NULL,NULL,'Ganapathy Kitchen Equipments',NULL,NULL,NULL,NULL),(2168,NULL,NULL,NULL,'9686645189',NULL,'2025-04-12 07:33:03.697136',1,11,NULL,NULL,0,0,'not exist',NULL,NULL,'Simple Vision 1.0',NULL,NULL,NULL,NULL),(2169,NULL,NULL,NULL,'04562 274 727',NULL,'2025-04-12 07:33:03.699645',1,11,NULL,NULL,0,0,'extension no one attend the call',NULL,NULL,'Sundaravel Match Industries (P) Ltd',NULL,NULL,NULL,NULL),(2170,NULL,NULL,NULL,'87788 51139',NULL,'2025-04-12 07:33:03.701617',1,11,NULL,NULL,0,0,'not ans',NULL,NULL,'The Arasan Match Industries',NULL,NULL,NULL,NULL),(2171,NULL,NULL,NULL,'04562 227825',NULL,'2025-04-12 07:33:03.703602',1,11,NULL,NULL,0,0,'if need will call back',NULL,NULL,'Sri Kaliswari Fireworks Private Limited',NULL,NULL,NULL,NULL),(2172,NULL,NULL,NULL,'04562 233901',NULL,'2025-04-12 07:33:03.705466',1,11,NULL,NULL,0,0,'no need',NULL,NULL,'ANIL FIREWORKS FACTORY',NULL,NULL,NULL,NULL),(2173,NULL,NULL,NULL,'98704 78479',NULL,'2025-04-12 07:33:03.707393',1,11,NULL,NULL,0,0,'call was cut',NULL,NULL,'Sri Chima Fireworks Factory',NULL,NULL,NULL,NULL),(2174,NULL,NULL,NULL,'97918 77918',NULL,'2025-04-12 07:33:03.709120',1,11,NULL,NULL,0,0,'not ans',NULL,NULL,'Srinivas Fine Arts Pvt Ltd',NULL,NULL,NULL,NULL),(2175,NULL,NULL,NULL,'04562 274185',NULL,'2025-04-12 07:33:03.710949',1,11,NULL,NULL,0,0,'if need will call back',NULL,NULL,'Vanitha Fireworks Industries',NULL,NULL,NULL,NULL),(2176,NULL,NULL,NULL,'78670 00916',NULL,'2025-04-12 07:33:03.712655',1,11,NULL,NULL,0,0,'asked to send info@arasanaluminium.com',NULL,NULL,'Arasan Aluminium Industries Pvt Ltd',NULL,NULL,NULL,NULL),(2177,NULL,NULL,NULL,'98430 88901',NULL,'2025-04-12 07:33:03.714348',1,11,NULL,NULL,0,0,'no need',NULL,NULL,'The Safire Offset Printers',NULL,NULL,NULL,NULL),(2178,NULL,NULL,NULL,'4562 220141',NULL,'2025-04-12 07:33:03.716039',1,11,NULL,NULL,0,0,'their head office in coimbatore, they will take care',NULL,NULL,'Lovely Offset Printers Private Limited',NULL,NULL,NULL,NULL),(2179,NULL,NULL,NULL,'99941 56693',NULL,'2025-04-12 07:33:03.717648',1,11,NULL,NULL,0,0,'no need',NULL,NULL,'The Rathnaa Fireworks Industries',NULL,NULL,NULL,NULL),(2180,NULL,NULL,NULL,'94431 36123',NULL,'2025-04-12 07:33:03.719378',1,11,NULL,NULL,0,0,'if need will call back',NULL,NULL,'Susitra Agencies',NULL,NULL,NULL,NULL),(2181,NULL,NULL,NULL,'4562221394',NULL,'2025-04-12 07:33:03.721505',1,11,NULL,NULL,0,0,'no need',NULL,NULL,'Senthil Fireworks Industries',NULL,NULL,NULL,NULL),(2182,NULL,NULL,NULL,'94453 86600',NULL,'2025-04-12 07:33:03.723187',1,11,NULL,NULL,0,0,'switched off',NULL,NULL,'Supreme Fireworks Factory',NULL,NULL,NULL,NULL),(2183,NULL,NULL,NULL,'98430 28179',NULL,'2025-04-12 07:33:03.725387',1,11,NULL,NULL,0,0,'no need',NULL,NULL,'wetwo fireworks industries',NULL,NULL,NULL,NULL),(2184,NULL,NULL,NULL,'04562 272990',NULL,'2025-04-12 07:33:03.727245',1,11,NULL,NULL,0,0,'no need',NULL,NULL,'Sri Krishna Fireworks Industries',NULL,NULL,NULL,NULL),(2185,NULL,NULL,NULL,'98430 52486',NULL,'2025-04-12 07:33:03.728995',1,11,NULL,NULL,0,0,'no need',NULL,NULL,'Meena Industries',NULL,NULL,NULL,NULL),(2186,NULL,NULL,NULL,'99949 76419',NULL,'2025-04-12 07:33:03.730730',1,11,NULL,NULL,0,0,'not ans',NULL,NULL,'Asok Sparklers Factory',NULL,NULL,NULL,NULL),(2187,NULL,NULL,NULL,'4562 272422',NULL,'2025-04-12 07:33:03.732335',1,11,NULL,NULL,0,0,'not exist',NULL,NULL,'Royal Fireworks Industries Firm',NULL,NULL,NULL,NULL),(2188,NULL,NULL,NULL,'94431 20249',NULL,'2025-04-12 07:33:03.734039',1,11,NULL,NULL,0,0,'no need',NULL,NULL,'GePe Industries',NULL,NULL,NULL,NULL),(2189,NULL,NULL,NULL,'4562278287',NULL,'2025-04-12 07:33:03.735764',1,11,NULL,NULL,0,0,'no need',NULL,NULL,'Kuil Fireworks Industries',NULL,NULL,NULL,NULL),(2191,NULL,NULL,NULL,'8447822222',NULL,'2025-04-12 10:05:30.050121',1,12,NULL,NULL,0,0,'disconnected after intro',NULL,NULL,'Little Tags & Little Tags Luxury',NULL,NULL,NULL,NULL),(2192,'Aravind',NULL,NULL,'9750755869',NULL,'2025-04-12 10:05:30.052319',1,12,NULL,NULL,0,0,'17/04/2025- he told willl let you know , he told her wife handle this , shared him profile he will discuss -cb',NULL,NULL,'vijay swets',NULL,NULL,'2025-04-21 04:43:13.046495',NULL),(2193,NULL,NULL,NULL,NULL,NULL,'2025-04-12 10:05:30.054139',1,12,NULL,NULL,0,0,'switchoff',NULL,NULL,'j & jp clothing company',NULL,NULL,NULL,NULL),(2194,NULL,NULL,NULL,'9941620909',NULL,'2025-04-12 10:05:30.056030',1,12,NULL,NULL,0,0,'not required',NULL,NULL,'VSK Textiles',NULL,NULL,NULL,NULL),(2195,'amanullah',NULL,NULL,'97914 31915',NULL,'2025-04-12 10:05:30.058069',1,12,NULL,NULL,0,0,'already doing with one agency if need in future- cb',NULL,NULL,'grow more clothings',NULL,NULL,NULL,NULL),(2196,'saravana',NULL,NULL,'8903580080',NULL,'2025-04-12 10:05:30.059811',1,12,NULL,NULL,0,0,'16/04/2025- MD is not available will cross check with him and get back , share me your details will check with our superiors and get back',NULL,NULL,'Meenu\'s Manchesters',NULL,NULL,'2025-04-21 04:55:19.105618',NULL),(2197,NULL,NULL,NULL,'82206 89109',NULL,'2025-04-12 10:05:30.061605',1,12,NULL,NULL,0,0,'not required',NULL,NULL,'Vell Interior\'s',NULL,NULL,NULL,NULL),(2198,NULL,NULL,NULL,'9865785360',NULL,'2025-04-12 10:05:30.063379',1,12,NULL,NULL,0,0,'concern person is not there',NULL,NULL,'JJ INTERIOR DECOR',NULL,NULL,NULL,NULL),(2199,'yadav',NULL,NULL,'9345879795',NULL,'2025-04-12 10:05:30.065159',1,12,NULL,NULL,0,0,'16/04/2025- not required now have team ,2nd number yadav , he asked for local SEO cost , and told about distance , he will check told cost of SEO  , with MD and get back',NULL,NULL,'Jayalakshmi Builders & Interior Designer',NULL,NULL,'2025-04-21 04:51:45.599547',NULL),(2200,NULL,NULL,NULL,'9087031036',NULL,'2025-04-12 10:05:30.066948',1,12,NULL,NULL,0,0,'already have team , share me your details will save your number , good client -follow up',NULL,NULL,'Lcc Interiors',NULL,NULL,NULL,NULL),(2201,NULL,NULL,NULL,'7373733394',NULL,'2025-04-12 10:05:30.068715',1,12,NULL,NULL,0,0,'l16/04/2025- NA , ine busy',NULL,NULL,'Concept Interior Designer Trichy',NULL,NULL,'2025-04-21 04:53:28.265498',NULL),(2202,NULL,NULL,NULL,'9842491182',NULL,'2025-04-12 10:05:30.070495',1,12,NULL,NULL,0,0,'16/04NA , NA',NULL,NULL,'New Glass World',NULL,NULL,'2025-04-21 04:54:06.924531',NULL),(2203,'mithun',NULL,NULL,'9952440380',NULL,'2025-04-12 10:05:30.072094',1,12,NULL,NULL,0,0,'share profile let you know - cb',NULL,NULL,'Mister Interiors',NULL,NULL,NULL,NULL),(2204,NULL,NULL,NULL,'9206569199',NULL,'2025-04-12 10:05:30.073774',1,12,NULL,NULL,0,0,'not required',NULL,NULL,'Yahweh Kitchens and Interiors',NULL,NULL,NULL,NULL),(2205,NULL,NULL,NULL,'9003972721',NULL,'2025-04-12 10:05:30.075412',1,12,NULL,NULL,0,0,NULL,NULL,NULL,'MMM Interior',NULL,NULL,NULL,NULL),(2206,NULL,NULL,NULL,'9025490198',NULL,'2025-04-12 10:05:30.076987',1,12,NULL,NULL,0,0,NULL,NULL,NULL,'AYISHA INTERIORS',NULL,NULL,NULL,NULL),(2207,NULL,NULL,NULL,'8667867031',NULL,'2025-04-12 10:05:30.078572',1,12,NULL,NULL,0,0,'not requried already doing',NULL,NULL,'BGL CONSORTIUM',NULL,NULL,NULL,NULL),(2208,NULL,NULL,NULL,'98947 64119',NULL,'2025-04-12 10:05:30.080216',1,12,NULL,NULL,0,0,'asked to share mail if need',NULL,NULL,'Bhavish Architects',NULL,NULL,NULL,NULL),(2209,'mohamad',NULL,NULL,'8489336135',NULL,'2025-04-12 10:05:30.081846',1,12,NULL,NULL,0,0,'share details in watsupp if need will call',NULL,NULL,'FORM SPACE ARCHITECTS',NULL,NULL,NULL,NULL),(2210,'website',NULL,NULL,'9994329956',NULL,'2025-04-12 10:05:30.083423',1,12,NULL,NULL,0,0,'line busy',NULL,NULL,'Design Den Architecture & Interiors',NULL,NULL,NULL,NULL),(2211,NULL,NULL,NULL,'9080405115',NULL,'2025-04-12 10:05:30.084978',1,12,NULL,NULL,0,0,'not required  now',NULL,NULL,'Innox interior',NULL,NULL,NULL,NULL),(2212,'karthik',NULL,NULL,'9171397097',NULL,'2025-04-12 10:05:30.086530',1,12,NULL,NULL,0,0,'not required',NULL,NULL,'Kaizen Building Art',NULL,NULL,NULL,NULL),(2213,NULL,NULL,NULL,'73737 26722',NULL,'2025-04-12 10:05:30.088165',1,12,NULL,NULL,0,0,'naa',NULL,NULL,'Grey Space Designs',NULL,NULL,NULL,NULL),(2214,NULL,NULL,NULL,'9842456656',NULL,'2025-04-12 10:05:30.089776',1,12,NULL,NULL,0,0,'naa',NULL,NULL,'ENNAR DECORS',NULL,NULL,NULL,NULL),(2215,'surya',NULL,NULL,'7448602526',NULL,'2025-04-12 10:05:30.091392',1,12,NULL,383,1,0,'have plans to open branch in city , asked for lead generation and SEo cost , she check witht the team and get back - cb',NULL,NULL,'Interio Square',NULL,NULL,'2025-04-17 05:36:21.640710',NULL),(2216,NULL,NULL,NULL,'8610523271',NULL,'2025-04-12 10:05:30.093061',1,12,NULL,NULL,0,0,'not required',NULL,NULL,'Black Square Architects',NULL,NULL,NULL,NULL),(2217,NULL,NULL,NULL,'9080346383',NULL,'2025-04-12 10:05:30.094679',1,12,NULL,NULL,0,0,'not required',NULL,NULL,'Limra Interior & Wallpapers',NULL,NULL,NULL,NULL),(2218,NULL,NULL,NULL,'7305953695',NULL,'2025-04-12 10:05:30.097091',1,12,NULL,NULL,0,0,'not required',NULL,NULL,'Ply Space Interiors Designs Pvt Ltd',NULL,NULL,NULL,NULL),(2219,'karthikeyan',NULL,NULL,'9952427778',NULL,'2025-04-12 10:05:30.098749',1,12,NULL,NULL,0,0,'he asked to share profile of interiors -cb',NULL,NULL,'Classic Gypsum',NULL,NULL,NULL,NULL),(2220,'Suresh Kamak',NULL,NULL,'9842471118',NULL,'2025-04-12 10:05:30.100369',1,12,NULL,NULL,0,0,'not required',NULL,NULL,'KAK DESIGN STUDIO',NULL,NULL,NULL,NULL),(2221,NULL,NULL,NULL,'9894744722',NULL,'2025-04-12 10:05:30.101968',1,12,NULL,NULL,0,0,'cb tom',NULL,NULL,'Vidhai False Ceiling',NULL,NULL,NULL,NULL),(2222,NULL,NULL,NULL,'93454 83110',NULL,'2025-04-12 10:05:30.103562',1,12,NULL,NULL,0,0,'concern person is not there',NULL,NULL,'M.M.KITCHEN EQUIPMENTS',NULL,NULL,NULL,NULL),(2223,NULL,NULL,NULL,'9626785304',NULL,'2025-04-12 10:05:30.105162',1,12,NULL,NULL,0,0,'will call you back',NULL,NULL,'Art home - False ceiling',NULL,NULL,NULL,NULL),(2224,NULL,NULL,NULL,'89038 87010',NULL,'2025-04-12 10:05:30.106725',1,12,NULL,NULL,0,0,'cb tom',NULL,NULL,'MADHIL ARCHITECTURE STUDIO',NULL,NULL,NULL,NULL),(2225,NULL,NULL,NULL,'98433-33877',NULL,'2025-04-12 10:30:05.010479',1,12,NULL,NULL,0,0,'28/03/2025-share profile will update',NULL,NULL,'Addwin Exports',NULL,NULL,'2025-04-12 10:31:28.472568',NULL),(2226,'Nanthagopal,',NULL,NULL,'9842256796',NULL,'2025-04-12 10:30:05.012880',1,12,NULL,NULL,0,0,'28/04/2025 -will call if need',NULL,NULL,'Acetech Machinery Components',NULL,NULL,'2025-04-12 10:33:39.253207',NULL),(2227,NULL,NULL,NULL,'9417278900',NULL,'2025-04-12 10:30:05.014937',1,12,NULL,NULL,0,0,'not required',NULL,NULL,'Adarsh Enterprises',NULL,NULL,NULL,NULL),(2228,'Tharun Ramlingam',NULL,NULL,'97891 08081',NULL,'2025-04-12 10:30:05.017039',1,12,NULL,NULL,0,0,'not required already taken care',NULL,NULL,'Addison & Company Limited',NULL,NULL,NULL,NULL),(2230,NULL,NULL,NULL,'99430 08449',NULL,'2025-04-12 10:36:42.489434',1,12,NULL,NULL,0,0,'Not required',NULL,NULL,'Adura Foundation',NULL,NULL,NULL,NULL),(2231,NULL,NULL,NULL,'44 6515 4689',NULL,'2025-04-12 10:36:42.491641',1,12,NULL,NULL,0,0,'not required',NULL,NULL,'Aero Pistons Private Limited',NULL,NULL,NULL,NULL),(2232,'Neha Thakur',NULL,NULL,'90031 30625',NULL,'2025-04-12 10:36:42.493253',1,12,NULL,NULL,0,0,'not required',NULL,NULL,'Agaram Industries',NULL,NULL,NULL,NULL),(2233,NULL,NULL,NULL,'74486 62345',NULL,'2025-04-12 10:36:42.495003',1,12,NULL,NULL,0,0,'not required',NULL,NULL,'Agni Controls Engineering Private Limited',NULL,NULL,NULL,NULL),(2234,NULL,NULL,NULL,'44 2625 1271',NULL,'2025-04-12 10:36:42.496696',1,12,NULL,NULL,0,0,'na',NULL,NULL,'Agro Pulping Machinery Private Limited',NULL,NULL,NULL,NULL),(2235,'Baskar',NULL,NULL,'9500060317',NULL,'2025-04-12 10:36:42.498332',1,12,NULL,NULL,0,0,'line busy',NULL,NULL,'Agsar Paints Private Limited',NULL,NULL,NULL,NULL),(2236,NULL,NULL,NULL,'4214973123',NULL,'2025-04-12 10:36:42.499920',1,12,NULL,NULL,0,0,NULL,NULL,NULL,'Ahill Knit Exports',NULL,NULL,NULL,NULL),(2237,'Elango',NULL,NULL,'9943943553',NULL,'2025-04-12 10:36:42.501494',1,12,NULL,NULL,0,0,'not required now',NULL,NULL,'AHILL APPAREL EXPORTS PRIVATE LIMITED',NULL,NULL,NULL,NULL),(2238,NULL,NULL,NULL,'9840822173',NULL,'2025-04-12 10:36:42.503092',1,12,NULL,NULL,0,0,'not required already doing',NULL,NULL,'Air Breeze India Private Limited',NULL,NULL,NULL,NULL),(2239,'vignesh',NULL,NULL,'94896 12345',NULL,'2025-04-12 10:36:42.504588',1,12,NULL,NULL,0,0,'if need will call',NULL,NULL,'Aishwarya Steel Corporation',NULL,NULL,NULL,NULL),(2240,NULL,NULL,NULL,'98403 79116',NULL,'2025-04-12 10:36:42.506204',1,12,NULL,NULL,0,0,'NA',NULL,NULL,'Akash Medical Equipment',NULL,NULL,NULL,NULL),(2241,NULL,NULL,NULL,'9942232353',NULL,'2025-04-12 10:36:42.507725',1,12,NULL,NULL,0,0,'asked to cb evening if available',NULL,NULL,'Akshara Garments',NULL,NULL,NULL,NULL),(2242,NULL,NULL,NULL,'92443 09099',NULL,'2025-04-12 10:36:42.509307',1,12,NULL,NULL,0,0,'line busy - cb',NULL,NULL,'Amman Garments',NULL,NULL,NULL,NULL),(2243,'Ganesh',NULL,NULL,'9655111360',NULL,'2025-04-12 10:36:42.510857',1,12,NULL,NULL,0,0,'he will check with his MD asked to share mail',NULL,NULL,'Anand Electronics & Industries Limited',NULL,NULL,NULL,NULL),(2244,'Shiva Raman',NULL,NULL,'97860 15055',NULL,'2025-04-12 10:36:42.513552',1,12,NULL,NULL,0,0,'nA',NULL,NULL,'Anandha Fabrications (CBE) Private Limited',NULL,NULL,NULL,NULL),(2245,NULL,NULL,NULL,'95009 56688',NULL,'2025-04-12 10:36:42.515136',1,12,NULL,NULL,0,0,'not required',NULL,NULL,'Anandi Enterprise',NULL,NULL,NULL,NULL),(2246,NULL,NULL,NULL,'9025276667',NULL,'2025-04-12 10:36:42.516779',1,12,NULL,NULL,0,0,'not required',NULL,NULL,'Annai Agri Tech',NULL,NULL,NULL,NULL),(2247,'MR. BOOPALAN',NULL,NULL,'98400 52513',NULL,'2025-04-12 10:36:42.518274',1,12,NULL,NULL,0,0,'CB after 2 days',NULL,NULL,'Apex Topomappers Private Limited',NULL,NULL,NULL,NULL),(2248,'AGR Govindarajan',NULL,NULL,'7806812436',NULL,'2025-04-12 10:36:42.519896',1,12,NULL,NULL,0,0,'Not required',NULL,NULL,'Appasamy Associates',NULL,NULL,NULL,NULL),(2249,NULL,NULL,NULL,'80042 54545',NULL,'2025-04-12 10:36:42.521461',1,12,NULL,NULL,0,0,'not valid',NULL,NULL,'Amrutanjan Fine Chemicals - Division of Amrutanjan Health Care Limited',NULL,NULL,NULL,NULL),(2250,NULL,NULL,NULL,'9789849538',NULL,'2025-04-12 10:36:42.523285',1,12,NULL,NULL,0,0,'not required',NULL,NULL,'Anabond Limited',NULL,NULL,NULL,NULL),(2251,'MR.RAMESH NATARAJAN',NULL,NULL,'98427 50028',NULL,'2025-04-12 10:36:42.524964',1,12,NULL,NULL,0,0,'not now if need in future , share detials - potential',NULL,NULL,'Arunachala Gounder Textile Mills Private Limited',NULL,NULL,NULL,NULL),(2252,NULL,NULL,NULL,'9443055907',NULL,'2025-04-15 04:46:51.757801',1,18,NULL,NULL,0,0,'Busy',NULL,NULL,'kumar & kumar enterprises',NULL,NULL,NULL,NULL),(2253,'Suresh',NULL,NULL,'98942 56552',NULL,'2025-04-15 04:46:51.759969',1,18,NULL,NULL,0,0,'Share DM Details',NULL,NULL,'Sree Renuka Industries',NULL,NULL,NULL,NULL),(2254,'Balasubramaniyam',NULL,NULL,'97905 54602',NULL,'2025-04-15 04:46:51.761640',1,18,NULL,NULL,0,0,'No requirements',NULL,NULL,'Twin Track Engineering Spares Of India',NULL,NULL,NULL,NULL),(2255,NULL,NULL,NULL,'99524 06264',NULL,'2025-04-15 04:46:51.763273',1,18,NULL,NULL,0,0,'No requirements',NULL,NULL,'sri sabari marketing services',NULL,NULL,NULL,NULL),(2256,NULL,NULL,NULL,'8956339127',NULL,'2025-04-15 04:46:51.764861',1,18,NULL,NULL,0,0,'No requirements',NULL,NULL,'The Indian Electric Co',NULL,NULL,NULL,NULL),(2257,NULL,NULL,NULL,'98943 09696',NULL,'2025-04-15 04:46:51.766519',1,18,NULL,NULL,0,0,'No need',NULL,NULL,'Jalal Spares Suppliers',NULL,NULL,NULL,NULL),(2258,NULL,NULL,NULL,'8939994168',NULL,'2025-04-15 04:46:51.768130',1,18,NULL,NULL,0,0,'No requirements',NULL,NULL,'Sri Hari Industries',NULL,NULL,NULL,NULL),(2259,NULL,NULL,NULL,'94438 17089',NULL,'2025-04-15 04:46:51.770334',1,18,NULL,NULL,0,0,'Need call share details',NULL,NULL,'Krishna Spares And Home Appliances',NULL,NULL,NULL,NULL),(2260,NULL,NULL,NULL,'88070 00748',NULL,'2025-04-15 04:46:51.772186',1,18,NULL,NULL,0,0,'Share details need call',NULL,NULL,'Jaisai enterprises',NULL,NULL,NULL,NULL),(2261,NULL,NULL,NULL,'98652 92092',NULL,'2025-04-15 04:46:51.773807',1,18,NULL,NULL,0,0,'Share details need call',NULL,NULL,'GLOBAL CNC HARDWARE',NULL,NULL,NULL,NULL),(2262,NULL,NULL,NULL,'6379 88 1007',NULL,'2025-04-15 04:46:51.775403',1,18,NULL,NULL,0,0,'Switch off',NULL,NULL,'Fujitsu General (India) Private Limited',NULL,NULL,NULL,NULL),(2263,'Venkatesh -',NULL,NULL,'9942634104',NULL,'2025-04-15 04:46:51.778145',1,18,NULL,NULL,0,0,'he will call out of station',NULL,NULL,'Suga Agroo Tech',NULL,NULL,NULL,NULL),(2264,'Dhanush',NULL,NULL,'9843382234',NULL,'2025-04-15 04:46:51.780437',1,18,NULL,NULL,0,0,'Share details he will call once gothrough our portfolio',NULL,NULL,'JR APPARELS',NULL,NULL,NULL,NULL),(2265,'Bala',NULL,NULL,'7200890306',NULL,'2025-04-15 04:46:51.782237',1,18,NULL,NULL,0,0,'Ask app details shared call 1week later',NULL,NULL,'Udhaya Textile',NULL,NULL,NULL,NULL),(2266,'Bakiyaraj',NULL,NULL,'9942218725',NULL,'2025-04-15 04:46:51.783973',1,18,NULL,NULL,0,0,'No requirements',NULL,NULL,'Sri Hariraj Garments,',NULL,NULL,NULL,NULL),(2267,'Somu',NULL,NULL,'8122039811',NULL,'2025-04-15 04:46:51.785690',1,18,NULL,NULL,0,0,'No requirements',NULL,NULL,'Poomer Clothing Company',NULL,NULL,NULL,NULL),(2268,NULL,NULL,NULL,'9842153848',NULL,'2025-04-15 04:46:51.787400',1,18,NULL,NULL,0,0,'Ring',NULL,NULL,'SRI SENTHUR KUMARAN AGENCIES',NULL,NULL,NULL,NULL),(2269,NULL,NULL,NULL,'6381248581',NULL,'2025-04-15 04:46:51.789110',1,18,NULL,NULL,0,0,'Ring',NULL,NULL,'SLNP SILKS',NULL,NULL,NULL,NULL),(2270,NULL,NULL,NULL,'9500632995',NULL,'2025-04-15 04:46:51.790908',1,18,NULL,NULL,0,0,'No idea',NULL,NULL,'Five Concept',NULL,NULL,NULL,NULL),(2271,NULL,NULL,NULL,'7092957279',NULL,'2025-04-15 04:46:51.792638',1,18,NULL,NULL,0,0,'Need call share details',NULL,NULL,'Nithi Tex',NULL,NULL,NULL,NULL),(2272,'Vaitheeswaran',NULL,NULL,'9486812233',NULL,'2025-04-15 04:46:51.794490',1,18,NULL,NULL,0,0,'having 2IT team',NULL,NULL,'CLOTRICKS FASHION APPAREL',NULL,NULL,NULL,NULL),(2273,NULL,NULL,NULL,'9047042111',NULL,'2025-04-15 04:46:51.796100',1,18,NULL,NULL,0,0,'Call April 15 out of station',NULL,NULL,'Simex',NULL,NULL,NULL,NULL),(2274,NULL,NULL,NULL,'9655055000',NULL,'2025-04-15 04:46:51.797646',1,18,NULL,NULL,0,0,'Busy',NULL,NULL,'Signature Exports',NULL,NULL,NULL,NULL),(2275,NULL,NULL,NULL,'9842276662',NULL,'2025-04-15 04:46:51.799176',1,18,NULL,NULL,0,0,'No requirements',NULL,NULL,'Akshaya Garments',NULL,NULL,NULL,NULL),(2276,NULL,NULL,NULL,'9443907256',NULL,'2025-04-15 04:46:51.800729',1,18,NULL,NULL,0,0,'Share details',NULL,NULL,'Metro Tex',NULL,NULL,NULL,NULL),(2277,NULL,NULL,NULL,'9988110853',NULL,'2025-04-15 04:46:51.802270',1,18,NULL,NULL,0,0,'Ring',NULL,NULL,'Shiva Polyfab',NULL,NULL,NULL,NULL),(2278,NULL,NULL,NULL,'7708625427',NULL,'2025-04-15 04:46:51.803800',1,18,NULL,NULL,0,0,'Ring',NULL,NULL,'Texvalley Market Limited',NULL,NULL,NULL,NULL),(2279,NULL,NULL,NULL,'9500901010',NULL,'2025-04-15 04:46:51.805258',1,18,NULL,NULL,0,0,'Said don\'t call him',NULL,NULL,'Homeplus',NULL,NULL,NULL,NULL),(2280,NULL,NULL,NULL,'9360078572',NULL,'2025-04-15 04:46:51.806828',1,18,NULL,NULL,0,0,'Share details he will gothrough & call Asking KPR&BKS details',NULL,NULL,'BALAVIGNA WEAVING MILLS PVT. LTD',NULL,NULL,NULL,NULL),(2281,NULL,NULL,NULL,'9943191818',NULL,'2025-04-15 04:46:51.808577',1,18,NULL,NULL,0,0,'No response',NULL,NULL,'Gem Metal Industries',NULL,NULL,NULL,NULL),(2282,NULL,NULL,NULL,'92457 77756',NULL,'2025-04-15 04:46:51.810095',1,18,NULL,NULL,0,0,'Call April 15 out of station',NULL,NULL,'Sun Engineering Equipments',NULL,NULL,NULL,NULL),(2283,NULL,NULL,NULL,'7373045125',NULL,'2025-04-15 04:46:51.811642',1,18,NULL,NULL,0,0,'Switch off',NULL,NULL,'Veejay Lakshmi Engineering Works',NULL,NULL,NULL,NULL),(2284,NULL,NULL,NULL,'9443231032',NULL,'2025-04-17 04:47:45.650112',1,11,NULL,NULL,0,0,'no line',NULL,NULL,'ALS Industries',NULL,NULL,NULL,NULL),(2285,NULL,NULL,NULL,'9585511311',NULL,'2025-04-17 04:47:45.652308',1,11,NULL,NULL,0,0,'not ans',NULL,NULL,'Emperor Engg Works',NULL,NULL,NULL,NULL),(2286,NULL,NULL,NULL,'7373741100',NULL,'2025-04-17 04:47:45.654060',1,11,NULL,NULL,0,0,'not ans',NULL,NULL,'GB Business',NULL,NULL,NULL,NULL),(2287,NULL,NULL,NULL,'9150005980',NULL,'2025-04-17 04:47:45.655755',1,11,NULL,NULL,0,0,'no need',NULL,NULL,'GCS Technologies',NULL,NULL,NULL,NULL),(2288,NULL,NULL,NULL,'9444014232',NULL,'2025-04-17 04:47:45.657435',1,11,NULL,NULL,0,0,'not ans',NULL,NULL,'SRI KRISHNA ENGINEERING',NULL,NULL,NULL,NULL),(2289,NULL,NULL,NULL,'9443272081',NULL,'2025-04-17 04:47:45.659125',1,11,NULL,NULL,0,0,'if need will call back',NULL,NULL,'Rishi Industries',NULL,NULL,NULL,NULL),(2290,NULL,NULL,NULL,'9994388638',NULL,'2025-04-17 04:47:45.660749',1,11,NULL,NULL,0,0,'if need will call back',NULL,NULL,'RK Tex Machine Pvt Ltd.',NULL,NULL,NULL,NULL),(2291,NULL,NULL,NULL,'8098030482',NULL,'2025-04-17 04:47:45.662726',1,11,NULL,NULL,0,0,'no need',NULL,NULL,'RSPG Jacaquard Industries',NULL,NULL,NULL,NULL),(2292,NULL,NULL,NULL,'9443382114',NULL,'2025-04-17 04:47:45.664922',1,11,NULL,NULL,0,0,'not exist',NULL,NULL,'Silmac Industries',NULL,NULL,NULL,NULL),(2293,NULL,NULL,NULL,'9894119842',NULL,'2025-04-17 04:47:45.667212',1,11,NULL,NULL,0,0,'no need',NULL,NULL,'Sri Balaji Industries',NULL,NULL,NULL,NULL),(2294,NULL,NULL,NULL,'9894706611',NULL,'2025-04-17 04:47:45.668867',1,11,NULL,NULL,0,0,'no need',NULL,NULL,'Sri Vaaru Industries',NULL,NULL,NULL,NULL),(2295,NULL,NULL,NULL,'9444191255',NULL,'2025-04-17 04:47:45.670473',1,11,NULL,NULL,0,0,'no need',NULL,NULL,'Sujatha Engg Works',NULL,NULL,NULL,NULL),(2296,NULL,NULL,NULL,'7604993581',NULL,'2025-04-17 04:47:45.672292',1,11,NULL,NULL,0,0,'line busy',NULL,NULL,'Tharun Enterprises',NULL,NULL,NULL,NULL),(2297,NULL,NULL,NULL,'8754048221',NULL,'2025-04-17 04:47:45.673968',1,11,NULL,NULL,0,0,'out of service',NULL,NULL,'Vaari Textile Machine',NULL,NULL,NULL,NULL),(2298,NULL,NULL,NULL,'9965512348',NULL,'2025-04-17 04:47:45.675524',1,11,NULL,NULL,0,0,'no need only govt orders doing',NULL,NULL,'Sri Kumaran Industries Erode',NULL,NULL,NULL,NULL),(2299,NULL,NULL,NULL,'99438 89995',NULL,'2025-04-17 04:47:45.677149',1,11,NULL,NULL,0,0,'WA sent',NULL,NULL,'Sri Kumaran Industries coimbatore',NULL,NULL,NULL,NULL),(2300,NULL,NULL,NULL,'9842704321',NULL,'2025-04-17 04:47:45.678727',1,11,NULL,NULL,0,0,'no need',NULL,NULL,'Gokulam Engg Stores',NULL,NULL,NULL,NULL),(2301,NULL,NULL,NULL,'9842172520',NULL,'2025-04-17 04:47:45.680331',1,11,NULL,NULL,0,0,'not ans',NULL,NULL,'Kannan Jacquard Industries',NULL,NULL,NULL,NULL),(2302,NULL,NULL,NULL,'9842767875',NULL,'2025-04-17 04:47:45.681919',1,11,NULL,NULL,0,0,'not exist',NULL,NULL,'Prime Enterprises',NULL,NULL,NULL,NULL),(2303,'Ganesh','CEO',3,'9894608382','ganesh@atlastextiles.com','2025-04-17 04:52:47.439148',1,12,2,376,1,0,'shared him Social Media cost , He asked for Photo shoot & Website handling',4,NULL,NULL,'COld calling',NULL,'2025-04-17 05:04:55.000000',NULL),(2304,'G. R. Raajasundharam',NULL,NULL,'9159623584',NULL,'2025-04-17 05:13:03.076223',1,18,NULL,NULL,0,0,'Ring',NULL,NULL,'Athish Engineering',NULL,NULL,NULL,NULL),(2305,NULL,NULL,NULL,'98430 80863',NULL,'2025-04-17 05:13:03.078473',1,18,NULL,NULL,0,0,'No requirements',NULL,NULL,'Moset Laakme Tech',NULL,NULL,NULL,NULL),(2306,NULL,NULL,NULL,'90950 14575',NULL,'2025-04-17 05:13:03.079991',1,18,NULL,NULL,0,0,'Share details need call',NULL,NULL,'New Modern Plastics',NULL,NULL,NULL,NULL),(2307,NULL,NULL,NULL,'9894340139',NULL,'2025-04-17 05:13:03.081575',1,18,NULL,NULL,0,0,'No requirements',NULL,NULL,'SUNDHARAM POLYTECH',NULL,NULL,NULL,NULL),(2308,'Vinodh Gopinath - COO',NULL,NULL,'98409 41495 - 95002 33348',NULL,'2025-04-17 05:13:03.083151',1,18,NULL,NULL,0,0,'Share details need call',NULL,NULL,'G Plast Pvt Ltd',NULL,NULL,NULL,NULL),(2309,NULL,NULL,NULL,'98422 07787 | 95971 47009',NULL,'2025-04-17 05:13:03.084766',1,18,NULL,NULL,0,0,'Having team',NULL,NULL,'Best Precision Tools',NULL,NULL,NULL,NULL),(2310,NULL,NULL,NULL,'8870818191',NULL,'2025-04-17 05:13:03.086372',1,18,NULL,NULL,0,0,'No requirements',NULL,NULL,'AS PLAST',NULL,NULL,NULL,NULL),(2311,NULL,NULL,NULL,'9566615552 | 9443059638',NULL,'2025-04-17 05:13:03.087934',1,18,NULL,NULL,0,0,'No requirements',NULL,NULL,'Texshine Plastic Hydraulic',NULL,NULL,NULL,NULL),(2312,'Mr.Vijayasundar',NULL,NULL,'9790040250',NULL,'2025-04-17 05:13:03.089669',1,18,NULL,NULL,0,0,'No requirements',NULL,NULL,'Microtech Polymers',NULL,NULL,NULL,NULL),(2313,'Mr N. Karthikeyan',NULL,NULL,'9715878689',NULL,'2025-04-17 05:13:03.091291',1,18,NULL,NULL,0,0,'Not reachable',NULL,NULL,'Suba Plastics Private Limited',NULL,NULL,NULL,NULL),(2314,NULL,NULL,NULL,'9487022114',NULL,'2025-04-17 05:13:03.092885',1,18,NULL,NULL,0,0,'Ring',NULL,NULL,'srisankarraplastic',NULL,NULL,NULL,NULL),(2315,NULL,NULL,NULL,'9489963504',NULL,'2025-04-17 05:13:03.094451',1,18,NULL,NULL,0,0,'Busy',NULL,NULL,'SATHYA PLASTICS',NULL,NULL,NULL,NULL),(2316,'Karthik',NULL,NULL,'9442003062 | 9445273062',NULL,'2025-04-17 05:13:03.096062',1,18,NULL,NULL,0,0,'Share details need call',NULL,NULL,'JCP Industries',NULL,NULL,NULL,NULL),(2317,NULL,NULL,NULL,'63799 35579',NULL,'2025-04-17 05:13:03.097630',1,18,NULL,NULL,0,0,'No requirements',NULL,NULL,'DJ Plastics',NULL,NULL,NULL,NULL),(2318,'Kandhavel',NULL,NULL,'98940 89340 | 98940 89342',NULL,'2025-04-17 05:13:03.099202',1,18,NULL,NULL,0,0,'Share details need call',NULL,NULL,'Vivins',NULL,NULL,NULL,NULL),(2319,NULL,NULL,NULL,'9159555281',NULL,'2025-04-17 05:13:03.100764',1,18,NULL,NULL,0,0,'Need call',NULL,NULL,'VR Foundries',NULL,NULL,NULL,NULL),(2320,'Mr. S. Balraj',NULL,NULL,'9944413654',NULL,'2025-04-17 05:13:03.102329',1,18,NULL,NULL,0,0,'Need call',NULL,NULL,'Bright Castings',NULL,NULL,NULL,NULL),(2321,'Praveen Jothikumar - Director',NULL,NULL,'8220006220 | 9944961150',NULL,'2025-04-17 05:13:03.103811',1,18,NULL,NULL,0,0,'Busy',NULL,NULL,'Ferrodynamics Private Limited',NULL,NULL,NULL,NULL),(2322,'Jaganathan',NULL,NULL,'9843191404 - 9655589859',NULL,'2025-04-17 05:13:03.105486',1,18,NULL,NULL,0,0,'call tmrw morning',NULL,NULL,'Srideivam Foundry',NULL,NULL,NULL,NULL),(2323,NULL,NULL,NULL,'9789779397',NULL,'2025-04-17 05:13:03.106986',1,18,NULL,NULL,0,0,'No requirements',NULL,NULL,'VEE J PEE Aluminium Foundry PVT LTD',NULL,NULL,NULL,NULL),(2324,NULL,NULL,NULL,'7010530557',NULL,'2025-04-17 05:13:03.108472',1,18,NULL,NULL,0,0,'No response',NULL,NULL,'Sri Balachandra Foundry',NULL,NULL,NULL,NULL),(2325,'Ramachandran',NULL,NULL,'9942903444',NULL,'2025-04-17 05:13:03.109935',1,18,NULL,NULL,0,0,'Ring',NULL,NULL,'Vasantham Foundry',NULL,NULL,NULL,NULL),(2326,'VISVANATHAN - CEO',NULL,NULL,'98422 86661',NULL,'2025-04-17 05:13:03.111413',1,18,NULL,NULL,0,0,'Ring',NULL,NULL,'Ammarun Foundries',NULL,NULL,NULL,NULL),(2327,NULL,NULL,NULL,'9445533050',NULL,'2025-04-17 05:13:03.112868',1,18,NULL,NULL,0,0,'Ring',NULL,NULL,'DHRUVA FERRO CASTINGS',NULL,NULL,NULL,NULL),(2328,NULL,NULL,NULL,'9443345263',NULL,'2025-04-17 05:13:03.114375',1,18,NULL,NULL,0,0,'Need call',NULL,NULL,'ARJUN FOUNDRY',NULL,NULL,NULL,NULL),(2329,NULL,NULL,NULL,'9842233505',NULL,'2025-04-17 05:13:03.115755',1,18,NULL,NULL,0,0,'Ring',NULL,NULL,'Gandhikumar Foundry',NULL,NULL,NULL,NULL),(2330,NULL,NULL,NULL,'9811390240',NULL,'2025-04-21 04:50:33.198722',1,12,NULL,NULL,0,0,NULL,NULL,NULL,'Rauny Exports',NULL,NULL,NULL,NULL),(2331,NULL,NULL,NULL,'9829060717',NULL,'2025-04-21 04:50:33.200963',1,12,NULL,NULL,0,0,'after intro disconnected',NULL,NULL,'Tushar Handworks,',NULL,NULL,NULL,NULL),(2332,NULL,NULL,NULL,'98102 74605',NULL,'2025-04-21 04:50:33.202859',1,12,NULL,NULL,0,0,'22/04/2025- NA , asked to share samples will get back - cb',NULL,NULL,'churchit Exports',NULL,NULL,'2025-04-22 10:50:30.173616',NULL),(2333,NULL,NULL,NULL,'8559983306',NULL,'2025-04-21 04:50:33.204690',1,12,NULL,NULL,0,0,'not required',NULL,NULL,'Neeru Tashak',NULL,NULL,NULL,NULL),(2334,'parak',NULL,NULL,'9871668520',NULL,'2025-04-21 04:50:33.206510',1,12,NULL,NULL,0,0,'prabhu gave his son number parak , he told he will launch his brand soon share me your detials will get back - cb',NULL,NULL,'Ks Enterprises',NULL,NULL,NULL,NULL),(2335,NULL,NULL,NULL,'9897041421',NULL,'2025-04-21 04:50:33.208247',1,12,NULL,NULL,0,0,'need someone in the local',NULL,NULL,'Mint Impex',NULL,NULL,NULL,NULL),(2336,NULL,NULL,NULL,'9810025597',NULL,'2025-04-21 04:50:33.211064',1,12,NULL,NULL,0,0,'not required',NULL,NULL,'priti wear',NULL,NULL,NULL,NULL),(2337,NULL,NULL,NULL,'9829013002',NULL,'2025-04-21 04:50:33.212869',1,12,NULL,NULL,0,0,'not required',NULL,NULL,'Ahuja Overseas',NULL,NULL,NULL,NULL),(2338,NULL,NULL,NULL,'9810201441',NULL,'2025-04-21 04:50:33.214600',1,12,NULL,NULL,0,0,'asked to share detials -cb',NULL,NULL,'RGC INc',NULL,NULL,NULL,NULL),(2339,NULL,NULL,NULL,'9811355057',NULL,'2025-04-21 04:50:33.216280',1,12,NULL,NULL,0,0,'line busy',NULL,NULL,'Aan Apparel',NULL,NULL,NULL,NULL),(2340,'Sunil',NULL,NULL,'9100106555',NULL,'2025-04-21 04:50:33.217978',1,12,NULL,NULL,0,0,'already taken care',NULL,NULL,'KRd Exports',NULL,NULL,NULL,NULL),(2341,'Virat',NULL,NULL,'9810397851',NULL,'2025-04-21 04:50:33.219661',1,12,NULL,NULL,0,0,'not required',NULL,NULL,'Zinnia',NULL,NULL,NULL,NULL),(2342,'ANSHU',NULL,NULL,'9810577889',NULL,'2025-04-21 04:50:33.221355',1,12,NULL,NULL,0,0,'not required',NULL,NULL,'SHALIMAR OVERSEAS',NULL,NULL,NULL,NULL),(2343,NULL,NULL,NULL,'9629613998',NULL,'2025-04-21 05:22:23.087497',1,12,NULL,NULL,0,0,'16/04/2025- will call if need , line busy',NULL,NULL,'aruns interior design',NULL,NULL,NULL,NULL),(2344,'Mr mohan',NULL,NULL,'82200 08692',NULL,'2025-04-21 05:22:23.089519',1,12,NULL,NULL,0,0,'asked to sahre cost will check and get back he told his daughter TC -cb ,NA',NULL,NULL,'Mr.Care Interior',NULL,NULL,NULL,NULL),(2345,'not required',NULL,NULL,'90922 20750',NULL,'2025-04-21 05:22:23.091223',1,12,NULL,NULL,0,0,'not required',NULL,NULL,'Pencil Kart',NULL,NULL,NULL,NULL),(2346,'NA',NULL,NULL,'98424 25725',NULL,'2025-04-21 05:22:23.092810',1,12,NULL,NULL,0,0,'NA',NULL,NULL,'J V INTERIOR DESIGNER',NULL,NULL,NULL,NULL),(2347,'abdul',NULL,NULL,'6380153341',NULL,'2025-04-21 05:22:23.094499',1,12,NULL,NULL,0,0,'16/04/2025-NA 15/04/2025- 1st number didn\'t picked , 2nd told need to ask owner 1st number -cb',NULL,NULL,'Sofa Bazzar',NULL,NULL,'2025-04-21 05:47:34.074288',NULL),(2348,'MD Sri balaji',NULL,NULL,'9486168847',NULL,'2025-04-21 05:22:23.096149',1,12,NULL,NULL,0,0,'he asked to share profle - cb',NULL,NULL,'KANAKADURGA FABRICS',NULL,NULL,NULL,NULL),(2349,'Pritvi shah',NULL,NULL,'9894208606',NULL,'2025-04-21 05:22:23.097975',1,12,NULL,NULL,0,0,'22/04/2025- line busy  , he will check and get back he \'s impressed with the protfolio of videos -cb (imp)',NULL,NULL,'sai lakshmi cotton mills',NULL,NULL,'2025-04-22 11:00:22.055768',NULL),(2350,NULL,NULL,NULL,'8885220224',NULL,'2025-04-21 05:22:23.099745',1,12,NULL,NULL,0,0,'`15/04/2025- NA',NULL,NULL,'VIZAG ENGINEERING',NULL,NULL,'2025-04-21 05:49:26.138043',NULL),(2351,NULL,NULL,NULL,'9848541669',NULL,'2025-04-21 05:22:23.101439',1,12,NULL,NULL,0,0,'NA',NULL,NULL,'Murthy Industries',NULL,NULL,NULL,NULL),(2352,NULL,NULL,NULL,NULL,NULL,'2025-04-21 05:50:17.112286',1,12,NULL,NULL,0,0,'no plan to do',NULL,NULL,'libra travels',NULL,NULL,NULL,NULL),(2353,NULL,NULL,NULL,'94888 37279',NULL,'2025-04-21 05:50:17.114747',1,12,NULL,NULL,0,0,'nA',NULL,NULL,'Natural way Knit wear',NULL,NULL,NULL,NULL),(2354,NULL,NULL,NULL,'96009 22777',NULL,'2025-04-21 05:50:17.116632',1,12,NULL,NULL,0,0,'Line busy',NULL,NULL,'shri shanthi Traders',NULL,NULL,NULL,NULL),(2355,NULL,NULL,NULL,'7708 150 976',NULL,'2025-04-21 05:50:17.118364',1,12,NULL,NULL,0,0,'Not required now',NULL,NULL,'Teslead Technology solutions',NULL,NULL,NULL,NULL),(2356,NULL,NULL,NULL,'95406 70434',NULL,'2025-04-21 05:50:17.120058',1,12,NULL,NULL,0,0,'not required now',NULL,NULL,'kpyaar enterprises',NULL,NULL,NULL,NULL),(2357,NULL,NULL,NULL,'97502 12789',NULL,'2025-04-21 05:50:17.121760',1,12,NULL,NULL,0,0,'asked to share profile will get back tom morning - cb',NULL,NULL,'jeevan spinners',NULL,NULL,NULL,NULL),(2358,NULL,NULL,NULL,'9788529796',NULL,'2025-04-21 05:50:17.123457',1,12,NULL,NULL,0,0,'Na',NULL,NULL,'G Arc Associates',NULL,NULL,NULL,NULL),(2359,NULL,NULL,NULL,'90253 20742',NULL,'2025-04-21 05:50:17.125154',1,12,NULL,NULL,0,0,'line busy',NULL,NULL,'National Imported Aluminium Modular Kitchen',NULL,NULL,NULL,NULL),(2360,NULL,NULL,NULL,'84895 39398',NULL,'2025-04-21 05:50:17.126844',1,12,NULL,NULL,0,0,'not required , friend will do if need',NULL,NULL,'UNBOX ARCHITECTURE',NULL,NULL,NULL,NULL),(2361,NULL,NULL,NULL,'98669 96976',NULL,'2025-04-21 05:50:17.128546',1,12,NULL,NULL,0,0,'Satya Prashant Nadiminti - Director',NULL,NULL,'SKI Engineering Pvt Ltd',NULL,NULL,NULL,NULL),(2362,NULL,NULL,NULL,'99593 78693',NULL,'2025-04-21 05:50:17.130244',1,12,NULL,NULL,0,0,'no plans now if need will get back',NULL,NULL,'PB MANUFACTURING TECHNOLOGY',NULL,NULL,NULL,NULL),(2363,NULL,NULL,NULL,'73373 99707',NULL,'2025-04-21 05:50:17.131982',1,12,NULL,NULL,0,0,'not now',NULL,NULL,'V Engineering Enterprises',NULL,NULL,NULL,NULL),(2364,'Satya',NULL,NULL,'91000 13128',NULL,'2025-04-21 05:50:17.133614',1,12,NULL,NULL,0,0,'we don\'tneed',NULL,NULL,'Praxsol Engineering Private Limited',NULL,NULL,NULL,NULL),(2365,NULL,NULL,NULL,'7337325107',NULL,'2025-04-21 05:50:17.135216',1,12,NULL,NULL,0,0,'not now share your profile if need',NULL,NULL,'Adhyanta engineering',NULL,NULL,NULL,NULL),(2366,NULL,NULL,NULL,'8048610576',NULL,'2025-04-21 05:50:17.136899',1,12,NULL,NULL,0,0,'not required',NULL,NULL,'R K Engineering Co',NULL,NULL,NULL,NULL),(2367,NULL,NULL,NULL,'9951045333',NULL,'2025-04-21 05:50:17.138525',1,12,NULL,NULL,0,0,'not required now if need',NULL,NULL,'Jami Hydraulic Pvt. Ltd.',NULL,NULL,NULL,NULL),(2368,NULL,NULL,NULL,'9849121051',NULL,'2025-04-21 05:50:17.140108',1,12,NULL,NULL,0,0,'not required',NULL,NULL,'SILICON POWER SOURCES',NULL,NULL,NULL,NULL),(2369,NULL,NULL,NULL,'89127 69681',NULL,'2025-04-21 05:50:17.141617',1,12,NULL,NULL,0,0,'not required',NULL,NULL,'DOZCO India',NULL,NULL,NULL,NULL),(2370,NULL,NULL,NULL,'8003675690',NULL,'2025-04-21 05:57:33.440240',1,11,NULL,NULL,0,0,'no line',NULL,NULL,'Tenneco Automotive India Private Limited',NULL,NULL,NULL,NULL),(2371,NULL,NULL,NULL,'9821795327',NULL,'2025-04-21 05:57:33.442615',1,11,NULL,NULL,0,0,'not ans',NULL,NULL,'Fiem Industries Ltd',NULL,NULL,NULL,NULL),(2372,NULL,NULL,NULL,'4344 407900',NULL,'2025-04-21 05:57:33.444670',1,11,NULL,NULL,0,0,'not reachable',NULL,NULL,'Elkayem Auto Ancillaries Pvt Ltd.',NULL,NULL,NULL,NULL),(2373,NULL,NULL,NULL,'7601805300',NULL,'2025-04-21 05:57:33.446767',1,11,NULL,NULL,0,0,'voice not audible',NULL,NULL,'First Steps Baby Wear Private Limited',NULL,NULL,NULL,NULL),(2374,NULL,NULL,NULL,'8870474107',NULL,'2025-04-21 05:57:33.448817',1,11,NULL,NULL,0,0,'not ans',NULL,NULL,'Prakash Techno Plast India Pvt Ltd Unit2',NULL,NULL,NULL,NULL),(2375,NULL,NULL,NULL,'04344 223218',NULL,'2025-04-21 05:57:33.450645',1,11,NULL,NULL,0,0,'not exists',NULL,NULL,'PRAVEEN ENGINEERING PRODUCTS INDIA PRIVATE LIMITED',NULL,NULL,NULL,NULL),(2376,NULL,NULL,NULL,'9445908119',NULL,'2025-04-21 05:57:33.452418',1,11,NULL,NULL,0,0,'not ans',NULL,NULL,'KPSV Industries Pvt. Ltd.',NULL,NULL,NULL,NULL),(2377,NULL,NULL,NULL,'9362310361',NULL,'2025-04-21 05:57:33.454174',1,11,NULL,NULL,0,0,'not ans',NULL,NULL,'Valli Industries Hosur',NULL,NULL,NULL,NULL),(2378,NULL,NULL,NULL,'9665067202',NULL,'2025-04-21 05:57:33.455929',1,11,NULL,NULL,0,0,'if need will call back',NULL,NULL,'Rucha Engineers Pvt Ltd Hosur Tamilnadu',NULL,NULL,NULL,NULL),(2379,NULL,NULL,NULL,'8608252194',NULL,'2025-04-21 05:57:33.457720',1,11,NULL,NULL,0,0,'out of service',NULL,NULL,'Rajsriya Automotive Industries Pvt Ltd.Unit- 2',NULL,NULL,NULL,NULL),(2380,NULL,NULL,NULL,'9790498711',NULL,'2025-04-21 05:57:33.459445',1,11,NULL,NULL,0,0,'not ans',NULL,NULL,'Shri Krishna Hitech Industries',NULL,NULL,NULL,NULL),(2381,NULL,NULL,NULL,'4344295100',NULL,'2025-04-21 05:57:33.461048',1,11,NULL,NULL,0,0,'not ans',NULL,NULL,'VERTEX AUTO COMPONENTS',NULL,NULL,NULL,NULL),(2382,NULL,NULL,NULL,'82203 79739',NULL,'2025-04-21 05:57:33.462695',1,11,NULL,NULL,0,0,'not ans',NULL,NULL,'POWER INDUSTRIES Hosur',NULL,NULL,NULL,NULL),(2383,NULL,NULL,NULL,'94878 00103',NULL,'2025-04-21 05:57:33.464278',1,11,NULL,NULL,0,0,'not ans',NULL,NULL,'Microtech CNC Private Limited',NULL,NULL,NULL,NULL),(2384,NULL,NULL,NULL,'04344 222313',NULL,'2025-04-21 05:57:33.465902',1,11,NULL,NULL,0,0,'not exists',NULL,NULL,'Schaeffler India Limited',NULL,NULL,NULL,NULL),(2385,NULL,NULL,NULL,'8220752111',NULL,'2025-04-21 05:57:33.467484',1,11,NULL,NULL,0,0,'not ans',NULL,NULL,'Alubee Die Casters',NULL,NULL,NULL,NULL),(2386,NULL,NULL,NULL,'9600494895',NULL,'2025-04-21 05:57:33.469107',1,11,NULL,NULL,0,0,'line busy',NULL,NULL,'Jeeva Industries',NULL,NULL,NULL,NULL),(2387,NULL,NULL,NULL,'9043420007',NULL,'2025-04-21 05:57:33.470744',1,11,NULL,NULL,0,0,'no need',NULL,NULL,'Balaji industries',NULL,NULL,NULL,NULL),(2388,NULL,NULL,NULL,'7601077731',NULL,'2025-04-21 05:57:33.472311',1,11,NULL,NULL,0,0,'out of service',NULL,NULL,'SEP India Pvt. Ltd',NULL,NULL,NULL,NULL),(2389,NULL,NULL,NULL,'4344405500',NULL,'2025-04-21 05:57:33.473947',1,11,NULL,NULL,0,0,'no need',NULL,NULL,'Wendt (India) Limited - Plant',NULL,NULL,NULL,NULL),(2390,NULL,NULL,NULL,'8023082600',NULL,'2025-04-21 05:57:33.475571',1,11,NULL,NULL,0,0,'not exists',NULL,NULL,'KEMS Forgings Ltd - HO',NULL,NULL,NULL,NULL),(2391,NULL,NULL,NULL,'9944427022',NULL,'2025-04-21 05:57:33.477193',1,11,NULL,NULL,0,0,'switched off',NULL,NULL,'Rajsriya Automotives Unit 1,',NULL,NULL,NULL,NULL),(2392,NULL,NULL,NULL,'8068849800',NULL,'2025-04-21 05:57:33.478811',1,11,NULL,NULL,0,0,'not exists',NULL,NULL,'Hi-Q Electronics Private Limited',NULL,NULL,NULL,NULL),(2393,NULL,NULL,NULL,'6572200213',NULL,'2025-04-21 05:57:33.480469',1,11,NULL,NULL,0,0,'not exists',NULL,NULL,'Indico Motors Pvt. Ltd. (T.N)',NULL,NULL,NULL,NULL),(2394,NULL,NULL,NULL,'4344661400',NULL,'2025-04-21 05:57:33.482492',1,11,NULL,NULL,0,0,'not ans',NULL,NULL,'Mylan Laboratories Limited',NULL,NULL,NULL,NULL),(2395,NULL,NULL,NULL,'9043343403',NULL,'2025-04-21 05:57:33.484512',1,11,NULL,NULL,0,0,'not ans',NULL,NULL,'Digicon automation hosur',NULL,NULL,NULL,NULL),(2396,NULL,NULL,NULL,'4344403515',NULL,'2025-04-21 05:57:33.486486',1,11,NULL,NULL,0,0,'no need',NULL,NULL,'Alleima India Private Limited',NULL,NULL,NULL,NULL),(2397,NULL,NULL,NULL,'4344421304',NULL,'2025-04-21 05:57:33.488109',1,11,NULL,NULL,0,0,'not ans',NULL,NULL,'ATC Limited',NULL,NULL,NULL,NULL),(2398,NULL,NULL,NULL,'8660984509',NULL,'2025-04-21 05:57:33.489717',1,11,NULL,NULL,0,0,'not ans',NULL,NULL,'Hi-Rel Tech Private Limited',NULL,NULL,NULL,NULL),(2399,NULL,NULL,NULL,'9449112087',NULL,'2025-04-22 12:38:36.631195',1,11,NULL,NULL,0,0,'no need',NULL,NULL,'BTL industries',NULL,NULL,NULL,NULL),(2400,'SADASIVAIAH',NULL,NULL,'9443247189',NULL,'2025-04-22 12:38:36.633382',1,11,NULL,NULL,0,0,'he will send concern number on WA',NULL,NULL,'Snam Abrasives Pvt. Ltd.',NULL,NULL,NULL,NULL),(2401,NULL,NULL,NULL,'4344400230',NULL,'2025-04-22 12:38:36.635273',1,11,NULL,NULL,0,0,'not ans',NULL,NULL,'Delta CNC Applications Unit 1',NULL,NULL,NULL,NULL),(2402,NULL,NULL,NULL,'4344 276949',NULL,'2025-04-22 12:38:36.636974',1,11,NULL,NULL,0,0,'no need',NULL,NULL,'Amsteel Castings Pvt. Ltd.',NULL,NULL,NULL,NULL),(2403,NULL,NULL,NULL,'7339415333',NULL,'2025-04-22 12:38:36.638659',1,11,NULL,NULL,0,0,'not ans',NULL,NULL,'SAI RAM INDUSTRIES',NULL,NULL,NULL,NULL),(2404,'PUSHPARAJ, Managing Director',NULL,NULL,'9443246665',NULL,'2025-04-22 12:38:36.640331',1,11,NULL,NULL,0,0,NULL,NULL,NULL,'YOGASHRI HEAVY ENGINEERING PVT LTD.',NULL,NULL,NULL,NULL),(2405,NULL,NULL,NULL,'7373076376',NULL,'2025-04-22 12:38:36.642152',1,11,NULL,NULL,0,0,'not exist',NULL,NULL,'Sri Maruthi Electronics',NULL,NULL,NULL,NULL),(2406,NULL,NULL,NULL,'9486432398',NULL,'2025-04-22 12:38:36.643828',1,11,NULL,NULL,0,0,'if need will call back, WA sent',NULL,NULL,'Aargee Equipments Pvt. Ltd',NULL,NULL,NULL,NULL),(2407,NULL,NULL,NULL,'7604929711',NULL,'2025-04-22 12:38:36.645607',1,11,NULL,NULL,0,0,'not exist',NULL,NULL,'Champion Plastics(India)Private Limited',NULL,NULL,NULL,NULL),(2408,NULL,NULL,NULL,'9443227570',NULL,'2025-04-22 12:38:36.647352',1,11,NULL,NULL,0,0,'line busy',NULL,NULL,'Ace Electrical Equipments India Pvt Ltd',NULL,NULL,NULL,NULL),(2409,NULL,NULL,NULL,'9789493712',NULL,'2025-04-22 12:38:36.649015',1,11,NULL,NULL,0,0,'not ans',NULL,NULL,'Peenya Industrial Gases Pvt. Ltd.',NULL,NULL,NULL,NULL),(2410,NULL,NULL,NULL,'9443378248',NULL,'2025-04-22 12:38:36.650680',1,11,NULL,NULL,0,0,'no need',NULL,NULL,'Geethanjali Industries',NULL,NULL,NULL,NULL),(2411,NULL,NULL,NULL,'9443330555',NULL,'2025-04-22 12:38:36.652349',1,11,NULL,NULL,0,0,'no need, dont call',NULL,NULL,'Venkraft Paper Mills Pvt Ltd - Unit 1',NULL,NULL,NULL,NULL),(2412,NULL,NULL,NULL,'4347233445',NULL,'2025-04-22 12:38:36.654036',1,11,NULL,NULL,0,0,'not exist',NULL,NULL,'MINDA INDUSTRIES LIMITED',NULL,NULL,NULL,NULL),(2413,NULL,NULL,NULL,'9600994047',NULL,'2025-04-22 12:38:36.655831',1,11,NULL,NULL,0,0,'not ans',NULL,NULL,'AKS INDUSTRIES',NULL,NULL,NULL,NULL),(2414,NULL,NULL,NULL,'9843196579',NULL,'2025-04-22 12:38:36.657430',1,11,NULL,NULL,0,0,'not ans',NULL,NULL,'SRINSAGAR PACKAGING PVT LTD',NULL,NULL,NULL,NULL),(2415,'93423 36169',NULL,NULL,'4344277774',NULL,'2025-04-22 12:38:36.659153',1,11,NULL,NULL,0,0,'not exists / no need',NULL,NULL,'Bharat Firtz Werner Ltd',NULL,NULL,NULL,NULL),(2416,NULL,NULL,NULL,'9028011797',NULL,'2025-04-22 12:38:36.660827',1,11,NULL,NULL,0,0,'8022370451 both not exists',NULL,NULL,'Micro Labs Private Limited',NULL,NULL,NULL,NULL),(2417,NULL,NULL,NULL,'4344260023',NULL,'2025-04-22 12:38:36.662648',1,11,NULL,NULL,0,0,'no need',NULL,NULL,'Raja Crowns & Cans Pvt.Ltd.',NULL,NULL,NULL,NULL),(2418,NULL,NULL,NULL,'4872204816',NULL,'2025-04-22 12:38:36.664320',1,11,NULL,NULL,0,0,'all lines are busy',NULL,NULL,'Elite Natural Pvt. Ltd.',NULL,NULL,NULL,NULL),(2419,NULL,NULL,NULL,'94432 46805',NULL,'2025-04-22 12:38:36.665987',1,11,NULL,NULL,0,0,'not ans',NULL,NULL,'Sona horologicals pvt ltd',NULL,NULL,NULL,NULL),(2420,NULL,NULL,NULL,'9342851377',NULL,'2025-04-22 12:38:36.667653',1,11,NULL,NULL,0,0,'not ans',NULL,NULL,'Banashankari Pipes Pvt Ltd.',NULL,NULL,NULL,NULL),(2421,NULL,NULL,NULL,'6381100663',NULL,'2025-04-22 12:38:36.669307',1,11,NULL,NULL,0,0,'No need already spoke',NULL,NULL,'Hebron Automotive Products Pvt Ltd',NULL,NULL,NULL,NULL),(2422,NULL,NULL,NULL,'4344260777',NULL,'2025-04-22 12:38:36.670884',1,11,NULL,NULL,0,0,'not ans',NULL,NULL,'Genau Extrusions Private Limited',NULL,NULL,NULL,NULL),(2423,NULL,NULL,NULL,'4344 405445',NULL,'2025-04-22 12:38:36.672538',1,11,NULL,NULL,0,0,'no line',NULL,NULL,'PSA AVTEC Powertrain Pvt. Ltd - Stellantis',NULL,NULL,NULL,NULL),(2424,NULL,NULL,NULL,'8043508200',NULL,'2025-04-22 12:38:36.674201',1,11,NULL,NULL,0,0,'not exists',NULL,NULL,'Bioplus Life Sciences',NULL,NULL,NULL,NULL),(2425,NULL,NULL,NULL,'9489044627',NULL,'2025-04-22 12:38:36.676024',1,11,NULL,NULL,0,0,'if need will call back',NULL,NULL,'Ananth Wiretech Tooling',NULL,NULL,NULL,NULL),(2426,NULL,NULL,NULL,'9597267148',NULL,'2025-04-22 12:38:36.677688',1,11,NULL,NULL,0,0,'notans',NULL,NULL,'Laxshe Industries',NULL,NULL,NULL,NULL),(2427,NULL,NULL,NULL,'8220524200',NULL,'2025-04-22 12:38:36.679351',1,11,NULL,NULL,0,0,'no need',NULL,NULL,'AARPEE industries',NULL,NULL,NULL,NULL),(2428,NULL,NULL,NULL,'4344277787',NULL,'2025-04-22 12:38:36.681127',1,11,NULL,NULL,0,0,'not exists',NULL,NULL,'Medibest Pharma Pvt Ltd',NULL,NULL,NULL,NULL),(2429,NULL,NULL,NULL,'96862 03776',NULL,'2025-04-22 12:38:36.682745',1,11,NULL,NULL,0,0,'switched off',NULL,NULL,'Bhavani Industries',NULL,NULL,NULL,NULL),(2430,NULL,NULL,NULL,'9943392002',NULL,'2025-04-22 12:38:36.684397',1,11,NULL,NULL,0,0,'no need',NULL,NULL,'SRI AVM INDUSTRIES',NULL,NULL,NULL,NULL),(2431,NULL,NULL,NULL,'9845 032 594',NULL,'2025-04-22 12:38:36.686063',1,11,NULL,NULL,0,0,'not ans',NULL,NULL,'CLASSIC WELDING PRODUCTS PRIVATE LIMITED',NULL,NULL,NULL,NULL),(2432,NULL,NULL,NULL,'4344276915',NULL,'2025-04-22 12:38:36.687720',1,11,NULL,NULL,0,0,'service stopped',NULL,NULL,'Dynaspede Integrated Systems Private Limited',NULL,NULL,NULL,NULL),(2433,NULL,NULL,NULL,'4344649416',NULL,'2025-04-22 12:38:36.689380',1,11,NULL,NULL,0,0,'not exists',NULL,NULL,'Estee Auto Pressings Pvt ltd',NULL,NULL,NULL,NULL),(2434,NULL,NULL,NULL,'9585595400',NULL,'2025-04-22 12:38:36.690996',1,11,NULL,NULL,0,0,'switched off',NULL,NULL,'Nilkamal Ltd - Mdf Plant',NULL,NULL,NULL,NULL),(2435,NULL,NULL,NULL,'9442266023',NULL,'2025-04-22 12:38:36.692653',1,11,NULL,NULL,0,0,'switched off',NULL,NULL,'Issojet Burner Pvt Ltd',NULL,NULL,NULL,NULL),(2436,'Srikanth H R',NULL,NULL,'9902095977',NULL,'2025-04-22 12:38:36.694312',1,11,NULL,NULL,0,0,'WA sent',NULL,NULL,'Wickman Machine Tools India Private Limited',NULL,NULL,NULL,NULL),(2437,NULL,NULL,NULL,'9632937567',NULL,'2025-04-22 12:38:36.695903',1,11,NULL,NULL,0,0,'no line',NULL,NULL,'ELLYGENT INDUSTRIES PRIVATE LIMITED',NULL,NULL,NULL,NULL),(2438,'Jayachandran,Director Marketing',NULL,NULL,'9443358771',NULL,'2025-04-22 12:38:36.697552',1,11,NULL,NULL,0,0,'WA sent',NULL,NULL,'Crystal Engineering Systems Pvt Ltd',NULL,NULL,NULL,NULL),(2439,NULL,NULL,NULL,'73977 34706',NULL,'2025-04-22 12:38:36.699199',1,11,NULL,NULL,0,0,'WA sent',NULL,NULL,'Interpump Hydraulics India Pvt Ltd',NULL,NULL,NULL,NULL),(2440,NULL,NULL,NULL,'9843056525',NULL,'2025-04-22 12:38:36.700949',1,11,NULL,NULL,0,0,'WA asked him',NULL,NULL,'BALAS EXPORT',NULL,NULL,NULL,NULL),(2441,'9443120516',NULL,NULL,'88706 90373',NULL,'2025-04-22 12:38:36.702847',1,11,NULL,NULL,0,0,'asked him WA/ he asked to call June month',NULL,NULL,'Vee Pee Pee Exports',NULL,NULL,NULL,NULL),(2442,NULL,NULL,NULL,'88380 71741',NULL,'2025-04-23 11:49:34.995385',1,18,NULL,NULL,0,0,'Call later',NULL,NULL,'AS TEXTILES',NULL,NULL,NULL,NULL),(2443,NULL,NULL,NULL,'9003587615 | 9003930676',NULL,'2025-04-23 11:49:34.997342',1,18,NULL,NULL,0,0,'Busy',NULL,NULL,'Anangoor Textile Mills (p) Ltd',NULL,NULL,NULL,NULL),(2444,'KIRUBAKAR  DIRECTOR',NULL,NULL,'99655 55939',NULL,'2025-04-23 11:49:34.998987',1,18,NULL,NULL,0,0,'No requirements',NULL,NULL,'Fabtech International',NULL,NULL,NULL,NULL),(2445,'Parthiban',NULL,NULL,'98943 00620',NULL,'2025-04-23 11:49:35.000611',1,18,NULL,NULL,0,0,'Share details need call',NULL,NULL,'G P Yarns',NULL,NULL,NULL,NULL),(2446,'Rajappan Balakrishnan',NULL,NULL,'99524 20421',NULL,'2025-04-23 11:49:35.002230',1,18,NULL,NULL,0,0,'Not reachable',NULL,NULL,'GHCL Textiles Limited',NULL,NULL,NULL,NULL),(2447,'Durai Palanisamy',NULL,NULL,'9843232070',NULL,'2025-04-23 11:49:35.003846',1,18,NULL,NULL,0,0,'Share details they share to concern person',NULL,NULL,'PALLAVAA GROUP',NULL,NULL,NULL,NULL),(2448,'Narasimaraj',NULL,NULL,'98434 39355',NULL,'2025-04-23 11:49:35.005478',1,18,NULL,NULL,0,0,'Share details need call',NULL,NULL,'P K P N Spinning Mills Private Limited',NULL,NULL,NULL,NULL),(2449,'Dinakaran S',NULL,NULL,'9843054045',NULL,'2025-04-23 11:49:35.007022',1,18,NULL,NULL,0,0,'No requirements',NULL,NULL,'Sambandam Spinning Mills Limited',NULL,NULL,NULL,NULL),(2450,NULL,NULL,NULL,'82207 23438 | 99655 04740',NULL,'2025-04-23 11:49:35.008634',1,18,NULL,NULL,0,0,'Need call',NULL,NULL,'Sree Kaveri Spinners',NULL,NULL,NULL,NULL),(2451,NULL,NULL,NULL,'98427 31655',NULL,'2025-04-23 11:49:35.010269',1,18,NULL,NULL,0,0,'No requirements',NULL,NULL,'Sri Lakshmi Ganesh Spinning Mills',NULL,NULL,NULL,NULL),(2452,NULL,NULL,NULL,'93600 99990 | 98678 53149',NULL,'2025-04-23 11:49:35.011875',1,18,NULL,NULL,0,0,'Busy',NULL,NULL,'Sri Ramraghav Ecomills Pvt Ltd',NULL,NULL,NULL,NULL),(2453,'Sabhari Girish R',NULL,NULL,'7397743030',NULL,'2025-04-23 11:49:35.013612',1,18,NULL,NULL,0,0,'Ring',NULL,NULL,'Sulochana Cotton Spinning Mills P. Ltd.',NULL,NULL,NULL,NULL),(2454,NULL,NULL,NULL,'98650 55555',NULL,'2025-04-23 11:49:35.015231',1,18,NULL,NULL,0,0,'No requirements',NULL,NULL,'vst spintex (india) pvt ltd',NULL,NULL,NULL,NULL),(2455,NULL,NULL,NULL,'73735 31000',NULL,'2025-04-23 11:49:35.016841',1,18,NULL,NULL,0,0,'Ring',NULL,NULL,'G.P. Textiles',NULL,NULL,NULL,NULL),(2456,NULL,NULL,NULL,'80720 04304 | 70101 22747',NULL,'2025-04-23 11:49:35.018375',1,18,NULL,NULL,0,0,'No requirements',NULL,NULL,'ultron textiles llp',NULL,NULL,NULL,NULL),(2457,NULL,NULL,NULL,'9344105030',NULL,'2025-04-23 11:49:35.020387',1,18,NULL,NULL,0,0,'No requirements',NULL,NULL,'Kasim Textile Mills PvtLtd .',NULL,NULL,NULL,NULL),(2458,'G. Doraisvamy',NULL,NULL,'9360041145',NULL,'2025-04-23 11:49:35.021987',1,18,NULL,NULL,0,0,'Share details need call',NULL,NULL,'Mothi Spinners Pvt. Ltd',NULL,NULL,NULL,NULL),(2459,NULL,NULL,NULL,'9655099999 | 94430 69294',NULL,'2025-04-23 11:49:35.023989',1,18,NULL,NULL,0,0,'Busy',NULL,NULL,'Sarmangal Synthetics Pvt. Ltd.',NULL,NULL,NULL,NULL),(2460,'Siddarth',NULL,NULL,'94437 26969',NULL,'2025-04-23 11:49:35.025988',1,18,NULL,NULL,0,0,'Share details',NULL,NULL,'Sri Vasudeva Textiles Pvt. Ltd',NULL,NULL,NULL,NULL),(2461,NULL,NULL,NULL,'9443342266',NULL,'2025-04-24 05:36:03.169467',1,11,NULL,NULL,0,0,'no need',NULL,NULL,'National Steels',NULL,NULL,NULL,NULL),(2462,'Vivekandan',NULL,NULL,'7639099703',NULL,'2025-04-24 05:36:03.171546',1,11,NULL,NULL,0,0,'he want call back tomorrow, need some requireements',NULL,NULL,'Shree Sai Ram Paints Pvt Ltd',NULL,NULL,NULL,NULL),(2463,NULL,NULL,NULL,'9585599420',NULL,'2025-04-24 05:36:03.173203',1,11,NULL,NULL,0,0,'not exists',NULL,NULL,'Freedom Ophthalmic Pvt. Ltd.',NULL,NULL,NULL,NULL),(2464,NULL,NULL,NULL,'9367414465',NULL,'2025-04-24 05:36:03.174829',1,11,NULL,NULL,0,0,'not ans',NULL,NULL,'PG INDUSTRIES',NULL,NULL,NULL,NULL),(2465,NULL,NULL,NULL,'7349299643',NULL,'2025-04-24 05:36:03.176542',1,11,NULL,NULL,0,0,'no need',NULL,NULL,'Uniflex Precision Products Pvt. Ltd.',NULL,NULL,NULL,NULL),(2466,NULL,NULL,NULL,'9341221120',NULL,'2025-04-24 05:36:03.178171',1,11,NULL,NULL,0,0,'he asking ROI otherwise dont need',NULL,NULL,'Techno Print Chemicals Private Limited',NULL,NULL,NULL,NULL),(2467,NULL,NULL,NULL,'4344352200',NULL,'2025-04-24 05:36:03.179893',1,11,NULL,NULL,0,0,'not ans',NULL,NULL,'Terex India Private Limited',NULL,NULL,NULL,NULL),(2468,NULL,NULL,NULL,'99445 22227',NULL,'2025-04-24 05:36:03.181433',1,11,NULL,NULL,0,0,'not ans',NULL,NULL,'Dawn Engineering India Pvt Ltd',NULL,NULL,NULL,NULL),(2469,NULL,NULL,NULL,'96004 03033',NULL,'2025-04-24 05:36:03.183466',1,11,NULL,NULL,0,0,'no need',NULL,NULL,'Sree Alloys Precision India Pvt. Ltd.',NULL,NULL,NULL,NULL),(2470,NULL,NULL,NULL,'73737 88799',NULL,'2025-04-24 05:36:03.185211',1,11,NULL,NULL,0,0,'no need',NULL,NULL,'Abimithrra Spinning Mill Private Limited',NULL,NULL,NULL,NULL),(2471,NULL,NULL,NULL,'98422 86664',NULL,'2025-04-24 05:36:03.186910',1,11,NULL,NULL,0,0,'not ans',NULL,NULL,'Sri Ramkarthic Polymers Pvt Ltd',NULL,NULL,NULL,NULL),(2472,NULL,NULL,NULL,'97877 45156',NULL,'2025-04-24 05:36:03.188599',1,11,NULL,NULL,0,0,'no need',NULL,NULL,'Ramprasad Tubes And Bars Private Limited',NULL,NULL,NULL,NULL),(2473,NULL,NULL,NULL,'96774 80906',NULL,'2025-04-24 05:36:03.190229',1,11,NULL,NULL,0,0,'out of service',NULL,NULL,'Aarbee Engineering Industry',NULL,NULL,NULL,NULL),(2474,'Rajkumar',NULL,NULL,'98429 32851',NULL,'2025-04-24 05:36:03.191929',1,11,NULL,NULL,0,0,'cut the call',NULL,NULL,'Sujatha Textiles & Sree Sundara Mills',NULL,NULL,NULL,NULL),(2475,'Office',NULL,NULL,'9842321583',NULL,'2025-04-24 05:36:03.193563',1,11,NULL,NULL,0,0,'not ans',NULL,NULL,'United Group Of Companies',NULL,NULL,NULL,NULL),(2476,NULL,NULL,NULL,'98942 68565',NULL,'2025-04-24 05:36:03.195198',1,11,NULL,NULL,0,0,'not ans',NULL,NULL,'Castlegate Industrial Holdings Pvt Ltd',NULL,NULL,NULL,NULL),(2477,NULL,NULL,NULL,'8667426977',NULL,'2025-04-24 05:36:03.196794',1,11,NULL,NULL,0,0,'not ans',NULL,NULL,'ENZYMCO PRIVATE LIMITED',NULL,NULL,NULL,NULL),(2478,NULL,NULL,NULL,'7373062169',NULL,'2025-04-24 05:36:03.198492',1,11,NULL,NULL,0,0,'not ans',NULL,NULL,'U & V Agro Private Limited',NULL,NULL,NULL,NULL),(2479,NULL,NULL,NULL,'9578799755',NULL,'2025-04-24 05:36:03.200078',1,11,NULL,NULL,0,0,'not ans',NULL,NULL,'Nesans Mining And Automation Private Limited',NULL,NULL,NULL,NULL),(2480,NULL,NULL,NULL,'9942254499',NULL,'2025-04-24 05:36:03.201759',1,11,NULL,NULL,0,0,'not ans',NULL,NULL,'Genova Forgings Pvt. Ltd. - Forging Division',NULL,NULL,NULL,NULL),(2481,NULL,NULL,NULL,'9629724868',NULL,'2025-04-24 05:36:03.203341',1,11,NULL,NULL,0,0,'not ans',NULL,NULL,'Global Cast Solutions Pvt Ltd',NULL,NULL,NULL,NULL),(2482,'Office',NULL,NULL,'9600913050',NULL,'2025-04-24 05:36:03.204951',1,11,NULL,NULL,0,0,'not ans',NULL,NULL,'Eppinger Tooling Asia Pvt Ltd',NULL,NULL,NULL,NULL),(2483,NULL,NULL,NULL,'0422 265 5077',NULL,'2025-04-24 05:36:03.206447',1,11,NULL,NULL,0,0,'not ans',NULL,NULL,'Janatics Industrial Automation Private Limited',NULL,NULL,NULL,NULL),(2484,NULL,NULL,NULL,'9846210315',NULL,'2025-04-24 05:36:03.208012',1,11,NULL,NULL,0,0,'not ans',NULL,NULL,'NOLTA KOTTARAM INDIA PRIVATE LIMITED',NULL,NULL,NULL,NULL),(2485,NULL,NULL,NULL,'4222610835',NULL,'2025-04-24 05:36:03.209564',1,11,NULL,NULL,0,0,'Email sent , asked Email to store@uniheat.com if need will call back',NULL,NULL,'Universal Heat Exchangers Limited',NULL,NULL,NULL,NULL),(2486,NULL,NULL,NULL,'4222655662',NULL,'2025-04-24 05:36:03.211232',1,11,NULL,NULL,0,0,'invalid number',NULL,NULL,'Aquatech Tanks - Carris Pipes And Tubes Pvt Ltd.',NULL,NULL,NULL,NULL),(2487,NULL,NULL,NULL,'4223000800',NULL,'2025-04-24 05:36:03.213050',1,11,NULL,NULL,0,0,'all lines are busy',NULL,NULL,'Walkaroo International Pvt Ltd,',NULL,NULL,NULL,NULL),(2488,NULL,NULL,NULL,'9865935935',NULL,'2025-04-24 05:36:03.215409',1,11,NULL,NULL,0,0,'cut the call',NULL,NULL,'Jacquard Fabrics India Pvt Ltd',NULL,NULL,NULL,NULL),(2489,NULL,NULL,NULL,'096008 47799',NULL,'2025-04-24 05:36:03.217207',1,11,NULL,NULL,0,0,'if need will call back',NULL,NULL,'Basics Dyes & Chemicals',NULL,NULL,NULL,NULL),(2490,NULL,NULL,NULL,'78120 42131',NULL,'2025-04-24 05:36:03.218810',1,11,NULL,NULL,0,0,'not ans',NULL,NULL,'Seffectzs Garment Dyeing',NULL,NULL,NULL,NULL),(2491,NULL,NULL,NULL,'96887 66679',NULL,'2025-04-24 05:36:03.221243',1,11,NULL,NULL,0,0,'not ans',NULL,NULL,'Golden Textile Process',NULL,NULL,NULL,NULL);
/*!40000 ALTER TABLE `lead_contact` ENABLE KEYS */;
UNLOCK TABLES;

--
-- Table structure for table `lead_department`
--

DROP TABLE IF EXISTS `lead_department`;
/*!40101 SET @saved_cs_client     = @@character_set_client */;
/*!50503 SET character_set_client = utf8mb4 */;
CREATE TABLE `lead_department` (
  `id` bigint(20) NOT NULL AUTO_INCREMENT,
  `department` varchar(255) NOT NULL,
  `is_active` tinyint(1) NOT NULL,
  PRIMARY KEY (`id`)
) ENGINE=InnoDB AUTO_INCREMENT=26 DEFAULT CHARSET=utf8mb4 COLLATE=utf8mb4_unicode_ci;
/*!40101 SET character_set_client = @saved_cs_client */;

--
-- Dumping data for table `lead_department`
--

LOCK TABLES `lead_department` WRITE;
/*!40000 ALTER TABLE `lead_department` DISABLE KEYS */;
INSERT INTO `lead_department` VALUES (1,'testing',0),(2,'Developer',1),(3,'Team Member',1),(4,'new department edit',0),(5,'newn',0),(6,'d',0),(7,'www',0),(8,'ced',0),(9,'cee',0),(10,'ecc',0),(11,'ee',0),(12,'cee',0),(13,'cee',0),(14,'fe',0),(15,'dsfdds',0),(16,'fds',0),(17,'dsfs',0),(18,'dsfds',0),(19,'dsfs',0),(20,'dfsds',0),(21,'dsfdss',0),(22,'dfa',0),(23,'daa',0),(24,'new',0),(25,'a',0);
/*!40000 ALTER TABLE `lead_department` ENABLE KEYS */;
UNLOCK TABLES;

--
-- Table structure for table `lead_designation`
--

DROP TABLE IF EXISTS `lead_designation`;
/*!40101 SET @saved_cs_client     = @@character_set_client */;
/*!50503 SET character_set_client = utf8mb4 */;
CREATE TABLE `lead_designation` (
  `id` bigint(20) NOT NULL AUTO_INCREMENT,
  `designation` varchar(255) NOT NULL,
  PRIMARY KEY (`id`)
) ENGINE=InnoDB AUTO_INCREMENT=10 DEFAULT CHARSET=utf8mb4 COLLATE=utf8mb4_unicode_ci;
/*!40101 SET character_set_client = @saved_cs_client */;

--
-- Dumping data for table `lead_designation`
--

LOCK TABLES `lead_designation` WRITE;
/*!40000 ALTER TABLE `lead_designation` DISABLE KEYS */;
INSERT INTO `lead_designation` VALUES (5,'TM'),(6,'DM'),(7,'BDE'),(8,'BDM'),(9,'ADMIN');
/*!40000 ALTER TABLE `lead_designation` ENABLE KEYS */;
UNLOCK TABLES;

--
-- Table structure for table `lead_email_communication`
--

DROP TABLE IF EXISTS `lead_email_communication`;
/*!40101 SET @saved_cs_client     = @@character_set_client */;
/*!50503 SET character_set_client = utf8mb4 */;
CREATE TABLE `lead_email_communication` (
  `id` bigint(20) NOT NULL AUTO_INCREMENT,
  `subject` varchar(255) NOT NULL,
  `content` longtext NOT NULL,
  `type` varchar(50) NOT NULL,
  `from_user_id` int(11) NOT NULL,
  PRIMARY KEY (`id`),
  KEY `lead_email_communication_from_user_id_58bf1c80_fk_auth_user_id` (`from_user_id`),
  CONSTRAINT `lead_email_communication_from_user_id_58bf1c80_fk_auth_user_id` FOREIGN KEY (`from_user_id`) REFERENCES `auth_user` (`id`)
) ENGINE=InnoDB DEFAULT CHARSET=utf8mb4 COLLATE=utf8mb4_unicode_ci;
/*!40101 SET character_set_client = @saved_cs_client */;

--
-- Dumping data for table `lead_email_communication`
--

LOCK TABLES `lead_email_communication` WRITE;
/*!40000 ALTER TABLE `lead_email_communication` DISABLE KEYS */;
/*!40000 ALTER TABLE `lead_email_communication` ENABLE KEYS */;
UNLOCK TABLES;

--
-- Table structure for table `lead_email_communication_to_users`
--

DROP TABLE IF EXISTS `lead_email_communication_to_users`;
/*!40101 SET @saved_cs_client     = @@character_set_client */;
/*!50503 SET character_set_client = utf8mb4 */;
CREATE TABLE `lead_email_communication_to_users` (
  `id` bigint(20) NOT NULL AUTO_INCREMENT,
  `email_communication_id` bigint(20) NOT NULL,
  `user_id` int(11) NOT NULL,
  PRIMARY KEY (`id`),
  UNIQUE KEY `lead_email_communication_email_communication_id_u_54718816_uniq` (`email_communication_id`,`user_id`),
  KEY `lead_email_communica_user_id_694e56a2_fk_auth_user` (`user_id`),
  CONSTRAINT `lead_email_communica_email_communication__17740806_fk_lead_emai` FOREIGN KEY (`email_communication_id`) REFERENCES `lead_email_communication` (`id`),
  CONSTRAINT `lead_email_communica_user_id_694e56a2_fk_auth_user` FOREIGN KEY (`user_id`) REFERENCES `auth_user` (`id`)
) ENGINE=InnoDB DEFAULT CHARSET=utf8mb4 COLLATE=utf8mb4_unicode_ci;
/*!40101 SET character_set_client = @saved_cs_client */;

--
-- Dumping data for table `lead_email_communication_to_users`
--

LOCK TABLES `lead_email_communication_to_users` WRITE;
/*!40000 ALTER TABLE `lead_email_communication_to_users` DISABLE KEYS */;
/*!40000 ALTER TABLE `lead_email_communication_to_users` ENABLE KEYS */;
UNLOCK TABLES;

--
-- Table structure for table `lead_employee`
--

DROP TABLE IF EXISTS `lead_employee`;
/*!40101 SET @saved_cs_client     = @@character_set_client */;
/*!50503 SET character_set_client = utf8mb4 */;
CREATE TABLE `lead_employee` (
  `id` bigint(20) NOT NULL AUTO_INCREMENT,
  `phone_number` varchar(255) NOT NULL,
  `joined_on` date NOT NULL,
  `profile_photo` varchar(100) DEFAULT NULL,
  `gender` varchar(10) NOT NULL,
  `blood_group` varchar(5) NOT NULL,
  `address` longtext NOT NULL,
  `is_active` tinyint(1) NOT NULL,
  `country_code_id` bigint(20) NOT NULL,
  `department_id` bigint(20) DEFAULT NULL,
  `designation_id` bigint(20) DEFAULT NULL,
  `user_id` int(11) NOT NULL,
  PRIMARY KEY (`id`),
  UNIQUE KEY `user_id` (`user_id`),
  KEY `lead_employee_country_code_id_179b4d65_fk_accounts_country_id` (`country_code_id`),
  KEY `lead_employee_department_id_dcd2a4ec_fk_lead_department_id` (`department_id`),
  KEY `lead_employee_designation_id_e3e30d00_fk_lead_designation_id` (`designation_id`),
  CONSTRAINT `lead_employee_country_code_id_179b4d65_fk_accounts_country_id` FOREIGN KEY (`country_code_id`) REFERENCES `accounts_country` (`id`),
  CONSTRAINT `lead_employee_department_id_dcd2a4ec_fk_lead_department_id` FOREIGN KEY (`department_id`) REFERENCES `lead_department` (`id`),
  CONSTRAINT `lead_employee_designation_id_e3e30d00_fk_lead_designation_id` FOREIGN KEY (`designation_id`) REFERENCES `lead_designation` (`id`),
  CONSTRAINT `lead_employee_user_id_eb6bf0f7_fk_auth_user_id` FOREIGN KEY (`user_id`) REFERENCES `auth_user` (`id`)
) ENGINE=InnoDB AUTO_INCREMENT=25 DEFAULT CHARSET=utf8mb4 COLLATE=utf8mb4_unicode_ci;
/*!40101 SET character_set_client = @saved_cs_client */;

--
-- Dumping data for table `lead_employee`
--

LOCK TABLES `lead_employee` WRITE;
/*!40000 ALTER TABLE `lead_employee` DISABLE KEYS */;
INSERT INTO `lead_employee` VALUES (9,'8765438912','2024-10-15','','M','A+','Coimbatore',1,1,2,9,1),(10,'987654321','2024-11-14','','M','B+','Coimbatore',1,1,NULL,8,10),(11,'987654321','2024-11-14','','M','B+','Coimbatore',1,1,NULL,7,11),(12,'987654321','2024-11-14','','F','B+','Coimbatore',1,1,NULL,5,12),(16,'67890829944','2024-12-11','','M','A+','3/38A,park town ,Edyarpalayam',1,1,1,6,16),(18,'456788990','2025-01-06','','F','A+','saibaba colony',1,2,NULL,5,18),(24,'update','2025-03-21','','M','O+','update',1,1,NULL,7,24);
/*!40000 ALTER TABLE `lead_employee` ENABLE KEYS */;
UNLOCK TABLES;

--
-- Table structure for table `lead_lead`
--

DROP TABLE IF EXISTS `lead_lead`;
/*!40101 SET @saved_cs_client     = @@character_set_client */;
/*!50503 SET character_set_client = utf8mb4 */;
CREATE TABLE `lead_lead` (
  `id` bigint(20) NOT NULL AUTO_INCREMENT,
  `name` varchar(255) NOT NULL,
  `created_on` date NOT NULL,
  `company_website` varchar(255) DEFAULT NULL,
  `fax` varchar(255) DEFAULT NULL,
  `annual_revenue` double DEFAULT NULL,
  `is_active` tinyint(1) NOT NULL,
  `country_id` bigint(20) DEFAULT NULL,
  `created_by_id` int(11) NOT NULL,
  `focus_segment_id` bigint(20) DEFAULT NULL,
  `lead_owner_id` int(11) NOT NULL,
  `market_segment_id` bigint(20) DEFAULT NULL,
  `state_id` bigint(20) DEFAULT NULL,
  `assigned_to_id` int(11) DEFAULT NULL,
  `lead_type` varchar(20) NOT NULL,
  `lead_source_id` bigint(20) DEFAULT NULL,
  `lead_source_from_id` bigint(20) DEFAULT NULL,
  `department_id` bigint(20) DEFAULT NULL,
  `remark` longtext DEFAULT NULL,
  `status_date` date DEFAULT NULL,
  `address` longtext DEFAULT NULL,
  `city_id` bigint(20) DEFAULT NULL,
  `lead_status_id` bigint(20) DEFAULT NULL,
  PRIMARY KEY (`id`),
  UNIQUE KEY `lead_lead_name_fb0a9aa3_uniq` (`name`),
  KEY `lead_lead_created_by_id_7c49765b_fk_auth_user_id` (`created_by_id`),
  KEY `lead_lead_lead_owner_id_fd939e95_fk_auth_user_id` (`lead_owner_id`),
  KEY `lead_lead_lead_source_id_1ed08e38_fk_accounts_lead_source_id` (`lead_source_id`),
  KEY `lead_lead_lead_source_from_id_3270ba50_fk_accounts_` (`lead_source_from_id`),
  KEY `lead_lead_department_id_6794d91f_fk_lead_department_id` (`department_id`),
  KEY `lead_lead_lead_status_id_d51e4ebf_fk_lead_lead_status_id` (`lead_status_id`),
  KEY `lead_lead_focus_segment_id_2bfb1685_fk_accounts_focus_segment_id` (`focus_segment_id`),
  KEY `lead_lead_market_segment_id_15737e63_fk_accounts_` (`market_segment_id`),
  KEY `lead_lead_assigned_to_id_19353ad1_fk_auth_user_id` (`assigned_to_id`),
  KEY `lead_lead_city_id_5be4df91_fk_accounts_city_id` (`city_id`),
  KEY `lead_lead_country_id_9d8031a9_fk_accounts_country_id` (`country_id`),
  KEY `lead_lead_state_id_95917a31_fk_accounts_state_id` (`state_id`),
  CONSTRAINT `lead_lead_assigned_to_id_19353ad1_fk_auth_user_id` FOREIGN KEY (`assigned_to_id`) REFERENCES `auth_user` (`id`),
  CONSTRAINT `lead_lead_city_id_5be4df91_fk_accounts_city_id` FOREIGN KEY (`city_id`) REFERENCES `accounts_city` (`id`),
  CONSTRAINT `lead_lead_country_id_9d8031a9_fk_accounts_country_id` FOREIGN KEY (`country_id`) REFERENCES `accounts_country` (`id`),
  CONSTRAINT `lead_lead_created_by_id_7c49765b_fk_auth_user_id` FOREIGN KEY (`created_by_id`) REFERENCES `auth_user` (`id`),
  CONSTRAINT `lead_lead_department_id_6794d91f_fk_lead_department_id` FOREIGN KEY (`department_id`) REFERENCES `lead_department` (`id`),
  CONSTRAINT `lead_lead_focus_segment_id_2bfb1685_fk_accounts_focus_segment_id` FOREIGN KEY (`focus_segment_id`) REFERENCES `accounts_focus_segment` (`id`),
  CONSTRAINT `lead_lead_lead_owner_id_fd939e95_fk_auth_user_id` FOREIGN KEY (`lead_owner_id`) REFERENCES `auth_user` (`id`),
  CONSTRAINT `lead_lead_lead_source_from_id_3270ba50_fk_accounts_` FOREIGN KEY (`lead_source_from_id`) REFERENCES `accounts_lead_source_from` (`id`),
  CONSTRAINT `lead_lead_lead_source_id_1ed08e38_fk_accounts_lead_source_id` FOREIGN KEY (`lead_source_id`) REFERENCES `accounts_lead_source` (`id`),
  CONSTRAINT `lead_lead_lead_status_id_d51e4ebf_fk_lead_lead_status_id` FOREIGN KEY (`lead_status_id`) REFERENCES `lead_lead_status` (`id`),
  CONSTRAINT `lead_lead_market_segment_id_15737e63_fk_accounts_` FOREIGN KEY (`market_segment_id`) REFERENCES `accounts_market_segment` (`id`),
  CONSTRAINT `lead_lead_state_id_95917a31_fk_accounts_state_id` FOREIGN KEY (`state_id`) REFERENCES `accounts_state` (`id`)
) ENGINE=InnoDB AUTO_INCREMENT=384 DEFAULT CHARSET=utf8mb4 COLLATE=utf8mb4_unicode_ci;
/*!40101 SET character_set_client = @saved_cs_client */;

--
-- Dumping data for table `lead_lead`
--

LOCK TABLES `lead_lead` WRITE;
/*!40000 ALTER TABLE `lead_lead` DISABLE KEYS */;
INSERT INTO `lead_lead` VALUES (70,'Siva Jewellers Madurai','2024-11-16','https://www.sivajewellers.com/',NULL,NULL,1,1,11,16,10,4,1,1,'Digital Lead',NULL,NULL,NULL,NULL,NULL,'1',1,NULL),(71,'Precision Lab Furniture Industries','2024-11-16','https://plficbe.com/index.php',NULL,NULL,1,1,12,9,10,3,1,1,'Digital Lead',NULL,NULL,NULL,'',NULL,'',1,NULL),(72,'Unikaa Beauty','2024-11-16','https://www.unikaabeauty.com/',NULL,NULL,1,1,10,13,10,3,1,1,'Manual Lead',NULL,NULL,NULL,NULL,NULL,'1',1,NULL),(73,'Vibgiyor Wood Creations','2024-11-16','https://www.vibgiyorwoodcreations.com/',NULL,NULL,1,1,12,15,10,3,1,1,'Manual Lead',NULL,NULL,NULL,NULL,NULL,'1',1,NULL),(74,'Live Sky Technology','2024-11-16','https://www.liveskytech.com/',NULL,NULL,1,1,12,11,10,3,1,12,'Digital Lead',NULL,NULL,NULL,'',NULL,'',1,NULL),(77,'AASHIYANA','2024-11-16',NULL,NULL,3000,1,1,12,15,10,3,1,1,'Digital Lead',NULL,NULL,NULL,NULL,NULL,'1',1,NULL),(93,'IBM ok','2025-01-02','ibm.com',NULL,NULL,1,1,16,18,10,3,1,11,'Digital Lead',NULL,NULL,NULL,'',NULL,'chennai',1,NULL),(95,'Microsoft 1','2025-01-02','Microsoft.com',NULL,10000,1,1,1,18,10,4,1,12,'Digital Lead',NULL,NULL,NULL,'New Leads',NULL,'chennai',1,NULL),(161,'Abhay linings Extrusion','2025-01-16','http://www.abhaylinings.in/',NULL,NULL,1,1,11,9,10,4,1,11,'Digital Lead',1,NULL,1,'He needs 4-page brochure','2025-02-03','Coonoor',1,NULL),(162,'The giggle store','2025-01-16','https://thegigglestore.in/',NULL,NULL,1,1,12,8,10,3,1,11,'Digital Lead',1,NULL,2,NULL,'2025-01-16','GRG Gen Nxt Foundation, Chandra Texitle Mills Compound, 1708, Avinashi Rd, opp. ISKON Temple, Coimbatore, Tamil Nadu 641014',1,NULL),(165,'TCS','2025-01-21','tcs.com',NULL,NULL,1,1,18,11,10,3,1,12,'Digital Lead',1,NULL,1,NULL,'2025-01-21','coimbatore',1,NULL),(166,'Eternal Renewables','2025-01-21','https://eternalrenewables.com/',NULL,NULL,1,1,18,11,10,3,1,11,'Manual Lead',4,1,2,'Waiting For Payment from Client','2025-01-21','#25,1st Floor,State Bank Colony,  Mahalingapuram Post,Pollachi,',1,28),(167,'Infosys','2025-01-21','Infosys.com',NULL,NULL,1,1,12,11,10,5,1,10,'Digital Lead',4,NULL,NULL,NULL,'2025-01-21','chennai',2,NULL),(168,'Omega','2025-01-21','omega.com',NULL,NULL,1,1,18,11,10,4,1,10,'Digital Lead',1,NULL,2,'New Contact Created.','2025-01-21','coimbatore',1,NULL),(169,'NTT Data','2025-01-21','nttdata.com',NULL,NULL,1,1,18,11,10,3,1,10,'Digital Lead',1,NULL,1,'This is New Contacts','2025-01-21','hydrabed',12,NULL),(170,'Ekki Pumps','2025-01-22','https://www.ekkigroup.com/',NULL,NULL,1,1,18,11,10,3,1,11,'Manual Lead',2,NULL,NULL,'Giving Reference for Website','2025-01-22','67-A/10, Athipalayam Road, Venkitasamy Nagar, Ganapathy',1,NULL),(171,'classmate','2025-01-31','classmate.com',NULL,NULL,1,1,1,8,10,5,2,10,'Digital Lead',NULL,NULL,2,'remark','2025-01-31','123',3,NULL),(179,'star link','2025-01-31','123@gmail.com',NULL,NULL,1,1,10,8,10,4,1,11,'Manual Lead',6,NULL,1,'remarks','2025-01-31','123',1,NULL),(182,'Huawei','2025-01-31','huawei.com',NULL,675,1,1,11,9,10,13,1,10,'Digital Lead',3,NULL,NULL,'testing','2025-01-31','saibab colony',1,NULL),(185,'vodofone','2025-01-31','nm.com',NULL,NULL,1,1,18,16,10,18,2,11,'Manual Lead',6,NULL,NULL,'remarks','2025-01-31','123',3,NULL),(190,'auto generate opportunity testing','2025-02-03','testing.com',NULL,5675,1,1,10,16,10,17,1,11,'Manual Lead',3,NULL,NULL,'TEsting','2025-02-03','fdgfgfd',1,NULL),(194,'Saai Santhosh Giri','2025-02-04','https://aepcindia.com/',NULL,NULL,1,1,18,11,10,17,2,11,'Manual Lead',4,NULL,NULL,'No requirements','2025-02-04','23,5TH PULIKUTHI STREET,',3,NULL),(195,'Maestro Engineers','2025-02-06','https://www.maestroengineers.com/',NULL,NULL,1,1,18,11,10,18,1,11,'Manual Lead',4,NULL,2,'Brochures & Corporate Videos','2025-02-06','SF no. 3, 192-1, W Arasur, Arasur',1,NULL),(196,'Banaraswala Mesh Pvt ltd','2025-02-06','https://banaraswala.com/',NULL,NULL,1,1,11,11,10,17,1,10,'Manual Lead',4,NULL,3,'Meta PPC','2025-02-06','621, Trichy Road, ELGI Industrial Complex, Singanallur  Coimbatore, Tamil Nadu-641005',1,NULL),(197,'Magnum spinning mills','2025-02-06','http://www.magnummills.com/',NULL,NULL,1,1,11,11,10,18,1,10,'Digital Lead',NULL,NULL,NULL,'order closed','2025-02-06','Salem',5,NULL),(205,'papercrafts','2025-02-06','',NULL,NULL,1,1,1,NULL,10,NULL,1,11,'Digital Lead',NULL,NULL,NULL,NULL,'2025-02-06','hops',1,NULL),(216,'Suman Jewelry','2025-02-08','https://sumanjewellery.in/',NULL,NULL,1,1,11,16,10,NULL,1,10,'Manual Lead',NULL,NULL,NULL,'05.03.25 meeting postponed 06.03.35\n\nMeeting held , Inputs received, Proposal to be shared','2025-02-08','Gandhipuram',1,4),(217,'TVK Exports','2025-02-08','https://www.tvkexports.com/',NULL,NULL,1,1,18,NULL,10,NULL,1,11,'Manual Lead',4,NULL,3,'He will call','2025-02-08','9/D-13, RAMAKRISHNAPURAM 50 FEET ROAD',1,NULL),(218,'Toplight Fabrics Pvt Ltd','2025-02-08','',NULL,NULL,1,1,11,11,10,NULL,1,10,'Manual Lead',4,NULL,3,'Feb 2nd week he will update about proposal','2025-02-08','tirupur',1,NULL),(219,'Europea Engineering Works','2025-02-08','https://www.europeaengineering.com/',NULL,NULL,1,1,11,11,10,17,1,10,'Manual Lead',4,NULL,NULL,'08.02.25th he will update','2025-02-08','Irugur',1,35),(220,'Gokulam Metals','2025-02-08','https://gokulammetals.com/',NULL,NULL,1,1,18,11,10,NULL,1,11,'Manual Lead',4,NULL,3,'Call back March 31st','2025-02-08','1051, Mela Puthu Street, Nachiyarkoil, Kumbakonam - 612 602',1,NULL),(221,'NSK Pollutry','2025-02-08','',NULL,NULL,1,1,11,NULL,10,NULL,1,10,'Digital Lead',NULL,NULL,NULL,'Logo','2025-02-08','Pollachi',1,NULL),(222,'Imperial Textiles','2025-02-08','https://imperialtextile.com/',NULL,NULL,1,1,18,11,10,NULL,1,11,'Manual Lead',4,NULL,NULL,'Shared to ramu for zing budget is 25k for website','2025-02-08','2/62',1,NULL),(223,'SJK Machine tools G-MAK','2025-02-08','',NULL,NULL,1,1,11,NULL,10,NULL,1,10,'Manual Lead',NULL,NULL,NULL,'Static','2025-02-08','chennai',12,NULL),(224,'Farm metrix','2025-02-08','',NULL,NULL,1,1,11,NULL,10,NULL,1,10,'Digital Lead',NULL,NULL,NULL,'Static','2025-02-08','Vellakinar',1,NULL),(225,'NVM Diet and Lifestyle clinic','2025-02-08','',NULL,NULL,1,1,11,NULL,10,NULL,1,10,'Digital Lead',NULL,NULL,NULL,'Static','2025-02-08','Erode',1,NULL),(226,'GM Scaffolding','2025-02-08','',NULL,NULL,1,1,11,NULL,10,NULL,1,10,'Digital Lead',NULL,NULL,NULL,'Static','2025-02-08','coimbatore',1,NULL),(227,'BKS Textiles','2025-02-08','',NULL,NULL,1,1,11,NULL,10,NULL,1,10,'Digital Lead',NULL,NULL,NULL,'CMS','2025-02-08','Palladam',1,NULL),(228,'BLIMU PVT LTD','2025-02-08','',NULL,NULL,1,1,11,NULL,10,NULL,1,10,'Digital Lead',NULL,NULL,NULL,'Logo','2025-02-08','Tirupur',1,NULL),(233,'State Bank of India','2025-02-11','',NULL,NULL,1,1,11,NULL,10,NULL,1,NULL,'Manual Lead',NULL,NULL,NULL,NULL,'2025-02-11','hops collage',1,NULL),(234,'ICICI Bank','2025-02-11','',NULL,NULL,1,1,11,NULL,10,NULL,1,NULL,'Digital Lead',NULL,NULL,NULL,NULL,'2025-02-11','saibaba colony',1,NULL),(241,'zenlounge','2025-02-11',NULL,NULL,NULL,1,1,10,NULL,10,NULL,1,NULL,'Digital Lead',NULL,NULL,NULL,'','2024-03-26','vadavalli',1,NULL),(242,'filmode','2025-02-11','luckshmiknits',NULL,NULL,1,1,10,NULL,10,NULL,1,NULL,'Digital Lead',1,NULL,NULL,NULL,'2025-02-11','rs puram ,coimbatore',1,NULL),(245,'kia','2025-02-20','',NULL,NULL,1,1,11,NULL,10,NULL,1,11,'Digital Lead',NULL,NULL,NULL,NULL,'2025-02-20','Hops',1,NULL),(246,'GOMATHA International','2025-02-22',NULL,NULL,NULL,1,1,11,NULL,10,NULL,1,NULL,'',NULL,NULL,NULL,NULL,NULL,'Tirupur',15,NULL),(247,'VK enterprise','2025-02-22',NULL,NULL,NULL,1,1,11,NULL,10,NULL,1,NULL,'',NULL,NULL,NULL,NULL,NULL,'Tirupur',15,NULL),(248,'G.R.S.HOSIERY MILLS','2025-02-22',NULL,NULL,NULL,1,1,11,NULL,10,NULL,1,NULL,'',NULL,NULL,NULL,NULL,NULL,'Tirupur',15,NULL),(249,'HOMSPUN INDUSTRIES','2025-02-22',NULL,NULL,NULL,1,1,11,NULL,10,NULL,1,NULL,'',NULL,NULL,NULL,NULL,NULL,'Tirupur',15,NULL),(250,'SANTEX CLOTHING COMPANY','2025-02-22',NULL,NULL,NULL,1,1,11,NULL,10,NULL,1,NULL,'',NULL,NULL,NULL,NULL,NULL,'Tirupur',15,NULL),(251,'Selvaraju aadhikeshexports','2025-02-22',NULL,NULL,NULL,1,1,11,NULL,10,NULL,1,NULL,'',NULL,NULL,NULL,NULL,NULL,'Tirupur',15,NULL),(252,'Sri Kaliswari Group','2025-02-22',NULL,NULL,NULL,1,1,11,NULL,10,NULL,1,NULL,'',NULL,NULL,NULL,NULL,NULL,'Tirupur',15,NULL),(253,'One Academy','2025-02-22',NULL,NULL,NULL,1,1,11,NULL,10,NULL,1,NULL,'',NULL,NULL,NULL,NULL,NULL,'Tirupur',15,NULL),(254,'GM Scaf Folding','2025-02-22',NULL,NULL,NULL,1,1,11,NULL,10,NULL,1,NULL,'',NULL,NULL,NULL,NULL,NULL,'Tirupur',15,NULL),(255,'dr.mohamed ghouse(Cafe Jammd Up)','2025-02-22',NULL,NULL,NULL,1,1,11,NULL,10,NULL,1,NULL,'',NULL,NULL,NULL,NULL,NULL,'Tirupur',15,NULL),(256,'arun(DDD TRAVELS N TOURS )','2025-02-22',NULL,NULL,NULL,1,1,11,NULL,10,NULL,1,NULL,'',NULL,NULL,NULL,NULL,NULL,'Tirupur',15,NULL),(257,'Salman. Malik 2526(Salman. Malik. 2526)','2025-02-22',NULL,NULL,NULL,1,1,11,NULL,10,NULL,1,NULL,'',NULL,NULL,NULL,NULL,NULL,'Tirupur',15,NULL),(258,'SANKAR(SANKARS ENTERPRISES)','2025-02-22',NULL,NULL,NULL,1,1,11,NULL,10,NULL,1,NULL,'',NULL,NULL,NULL,NULL,NULL,'Tirupur',15,NULL),(259,'Rithish Rajamanickam(Student )','2025-02-22',NULL,NULL,NULL,1,1,11,NULL,10,NULL,1,NULL,'',NULL,NULL,NULL,NULL,NULL,'Tirupur',15,NULL),(260,'SUNDAR Aditi Travels Madurai (Travels Agency)(Aditi Tours and Travels )','2025-02-22',NULL,NULL,NULL,1,1,11,NULL,10,NULL,1,NULL,'',NULL,NULL,NULL,NULL,NULL,'Tirupur',15,NULL),(261,'Sivakumar (Mithra Events )','2025-02-22',NULL,NULL,NULL,1,1,11,NULL,10,NULL,1,NULL,'',NULL,NULL,NULL,NULL,NULL,'Tirupur',15,NULL),(262,'Boopathy Rajan(Hari s)','2025-02-22',NULL,NULL,NULL,1,1,11,NULL,10,NULL,1,NULL,'',NULL,NULL,NULL,NULL,NULL,'Tirupur',15,NULL),(263,'Srivatsan Thiyagarajan(Mayan Ads)','2025-02-22',NULL,NULL,NULL,1,1,11,NULL,10,NULL,1,NULL,'',NULL,NULL,NULL,NULL,NULL,'Tirupur',15,NULL),(264,'Yuvaa SathyaRaj(Yusha )','2025-02-22',NULL,NULL,NULL,1,1,11,NULL,10,NULL,1,NULL,'',NULL,NULL,NULL,NULL,NULL,'Tirupur',15,NULL),(265,'Mangalaswaran T(Meenus Designers Madurai )','2025-02-22',NULL,NULL,NULL,1,1,11,NULL,10,NULL,1,NULL,'',NULL,NULL,NULL,NULL,NULL,'Tirupur',15,NULL),(266,'Asha prathiba(Squash apps )','2025-02-22',NULL,NULL,NULL,1,1,11,NULL,10,NULL,1,NULL,'',NULL,NULL,NULL,NULL,NULL,'Tirupur',15,NULL),(267,'Sri Deepam Silvers(Sri Deepam Silvers)','2025-02-22',NULL,NULL,NULL,1,1,11,NULL,10,NULL,1,NULL,'',NULL,NULL,NULL,NULL,NULL,'Tirupur',15,NULL),(268,'S.prakash777out Prakash(Prakash)','2025-02-22',NULL,NULL,NULL,1,1,11,NULL,10,NULL,1,NULL,'',NULL,NULL,NULL,NULL,NULL,'Tirupur',15,NULL),(269,'Srinidish K(JAI AMARJOTHI STEELS )','2025-02-22',NULL,NULL,NULL,1,1,11,NULL,10,NULL,1,NULL,'',NULL,NULL,NULL,NULL,NULL,'Tirupur',15,NULL),(270,'Ashinjs Ashinjs(Fish)','2025-02-22',NULL,NULL,NULL,1,1,11,NULL,10,NULL,1,NULL,'',NULL,NULL,NULL,NULL,NULL,'Tirupur',15,NULL),(271,'Vasanthkumar (SMS COLLECTION )','2025-02-22',NULL,NULL,NULL,1,1,11,NULL,10,NULL,1,NULL,'',NULL,NULL,NULL,NULL,NULL,'Tirupur',15,NULL),(272,'Kannan P(Exotica)','2025-02-22',NULL,NULL,NULL,1,1,11,NULL,10,NULL,1,NULL,'',NULL,NULL,NULL,NULL,NULL,'Tirupur',15,NULL),(273,'Arul Balan(Arul Balan)','2025-02-22',NULL,NULL,NULL,1,1,11,NULL,10,NULL,1,NULL,'',NULL,NULL,NULL,NULL,NULL,'Tirupur',15,NULL),(274,'Raja(Miracle Photography)','2025-02-22',NULL,NULL,NULL,1,1,11,NULL,10,NULL,1,NULL,'',NULL,NULL,NULL,NULL,NULL,'Tirupur',15,NULL),(275,'Shivdass Vava(Hotel Vavas)','2025-02-22',NULL,NULL,NULL,1,1,11,NULL,10,NULL,1,NULL,'',NULL,NULL,NULL,NULL,NULL,'Tirupur',15,NULL),(276,'Hari Hari(Hari)','2025-02-22',NULL,NULL,NULL,1,1,11,NULL,10,NULL,1,NULL,'',NULL,NULL,NULL,NULL,NULL,'Tirupur',15,NULL),(277,'Sakthi Sureesh(Sss association )','2025-02-22',NULL,NULL,NULL,1,1,11,NULL,10,NULL,1,NULL,'',NULL,NULL,NULL,NULL,NULL,'Tirupur',15,NULL),(278,'Muthu Kumar (Pm Life Science )','2025-02-22',NULL,NULL,NULL,1,1,11,NULL,10,NULL,1,NULL,'',NULL,NULL,NULL,NULL,NULL,'Tirupur',15,NULL),(279,'Bharathi (N Veedu developers)','2025-02-22',NULL,NULL,NULL,1,1,11,NULL,10,NULL,1,NULL,'',NULL,NULL,NULL,NULL,NULL,'Tirupur',15,NULL),(280,'S. GNANARAJ(Fashiondeals)','2025-02-22',NULL,NULL,NULL,1,1,11,NULL,10,NULL,1,NULL,'',NULL,NULL,NULL,NULL,NULL,'Tirupur',15,NULL),(281,'Leo(The Cake Box)','2025-02-22',NULL,NULL,NULL,1,1,11,NULL,10,NULL,1,NULL,'',NULL,NULL,NULL,NULL,NULL,'Tirupur',15,NULL),(282,'Surya Sp(Sva)','2025-02-22',NULL,NULL,NULL,1,1,11,NULL,10,NULL,1,NULL,'',NULL,NULL,NULL,NULL,NULL,'Tirupur',15,NULL),(283,'Senthur(Sathyamtextiles)','2025-02-22',NULL,NULL,NULL,1,1,11,NULL,10,NULL,1,NULL,'',NULL,NULL,NULL,NULL,NULL,'Tirupur',15,NULL),(284,'Valvadharam ( Varagi)','2025-02-22',NULL,NULL,NULL,1,1,11,NULL,10,NULL,1,NULL,'',NULL,NULL,NULL,NULL,NULL,'Coimbatore',1,NULL),(285,'Benchmark Technomate','2025-02-22',NULL,NULL,NULL,1,1,11,NULL,10,NULL,1,NULL,'',NULL,NULL,NULL,NULL,NULL,'Delhi',20,NULL),(286,'VK Enterprises','2025-02-22',NULL,NULL,NULL,1,1,11,NULL,10,NULL,1,NULL,'',NULL,NULL,NULL,NULL,NULL,'Coimbatore',1,NULL),(287,'Tirumalai spinning mills','2025-02-22',NULL,NULL,NULL,1,1,11,NULL,10,NULL,1,NULL,'',NULL,NULL,NULL,NULL,NULL,'Pollachi',16,NULL),(288,'Gowtham Homes & Properties','2025-02-22',NULL,NULL,NULL,1,1,11,NULL,10,NULL,1,NULL,'',NULL,NULL,NULL,NULL,NULL,'Coimbatore',1,NULL),(289,'VK Cleaning Tech','2025-02-22',NULL,NULL,NULL,1,1,11,NULL,10,NULL,1,NULL,'',NULL,NULL,NULL,NULL,NULL,'Coimbatore',1,NULL),(290,'K PERUMAL SILKS','2025-02-22',NULL,NULL,NULL,1,1,11,NULL,10,NULL,1,NULL,'',NULL,NULL,NULL,NULL,NULL,'SALEM',5,NULL),(291,'PRATICA A FABRICS','2025-02-22',NULL,NULL,NULL,1,1,11,NULL,10,NULL,1,NULL,'',NULL,NULL,NULL,NULL,NULL,'Karur',17,NULL),(292,'Farm Matrix - Rajendran Srinivasa Reddy','2025-02-22',NULL,NULL,NULL,1,1,11,NULL,10,NULL,1,NULL,'',NULL,NULL,NULL,NULL,NULL,'Coimbatore',1,NULL),(293,'Agilan G','2025-02-22',NULL,NULL,NULL,1,1,11,NULL,10,NULL,1,NULL,'',NULL,NULL,NULL,NULL,NULL,'chennai',2,NULL),(294,'mahraja silks','2025-02-22',NULL,NULL,NULL,1,1,11,NULL,10,NULL,1,NULL,'',NULL,NULL,NULL,NULL,NULL,'pollachi',16,NULL),(295,'KRBS Jewelery Private Limited','2025-02-22',NULL,NULL,NULL,1,1,11,NULL,10,NULL,1,NULL,'',NULL,NULL,NULL,NULL,NULL,'Tiruppur',15,NULL),(296,'Laxmi Yarn Impex Pvt Ltd','2025-02-22',NULL,NULL,NULL,1,1,11,NULL,10,NULL,1,NULL,'',NULL,NULL,NULL,NULL,NULL,'RS Puram',1,NULL),(298,'GRD Solutions','2025-02-22',NULL,NULL,NULL,1,1,11,NULL,10,NULL,1,NULL,'',NULL,NULL,NULL,NULL,NULL,'Chennai',2,NULL),(299,'AirMyCart','2025-02-22',NULL,NULL,NULL,1,1,11,NULL,10,NULL,1,NULL,'',NULL,NULL,NULL,NULL,NULL,'Coimbatore',1,NULL),(300,'Kadeswara Crackers','2025-02-22',NULL,NULL,NULL,1,1,11,NULL,10,NULL,1,NULL,'',NULL,NULL,NULL,NULL,NULL,'Tiruppur',15,NULL),(301,'CHENDURE HOSPITAL','2025-02-22',NULL,NULL,NULL,1,1,11,NULL,10,NULL,1,NULL,'',NULL,NULL,NULL,NULL,NULL,'Coimbatore',1,NULL),(306,'Astro Tamil','2025-03-04','',NULL,NULL,1,1,11,NULL,10,NULL,1,10,'Manual Lead',NULL,NULL,NULL,'meeting with Indurekha , Suresh , Vivek have come to our office','2025-03-04','coimbatore',1,34),(308,'Godawari Home Decor','2025-03-05','',NULL,NULL,1,1,12,NULL,12,3,1,NULL,'Manual Lead',NULL,NULL,NULL,NULL,'2025-03-05','325/1, Ring Road, Perundurai Rd, opp. to Volkswagen cars, Roundabout, Thindal, Tamil Nadu 638012',18,4),(309,'Ponni fab','2025-03-05','http://ponnifab.in/',NULL,NULL,1,1,12,NULL,12,NULL,1,11,'Manual Lead',4,NULL,NULL,NULL,'2025-03-05','Kishore Garden, NH7, Salem Main Road, Semmadai, Tamil Nadu 639006',1,4),(310,'Suman Jewellery','2025-03-05','',NULL,NULL,1,1,12,NULL,12,NULL,1,11,'Manual Lead',4,NULL,NULL,NULL,'2025-03-05','25, 11th St, Tatabad, Gandhipuram, Coimbatore, Tamil Nadu 641012',1,4),(311,'my own business','2025-03-08',NULL,NULL,NULL,1,NULL,16,NULL,16,NULL,NULL,11,'Manual Lead',13,NULL,NULL,'07.02.25 he postponed the plan, will call back next month','2025-03-07','',NULL,NULL),(312,'Pushpak Refrigeration Centre, Chennai','2025-03-08',NULL,NULL,NULL,1,NULL,16,NULL,16,NULL,NULL,11,'Manual Lead',13,NULL,NULL,'13.02.25 he want only meta posters , we dont do only posters','2025-03-07','',NULL,NULL),(313,'Clovecart','2025-03-08',NULL,NULL,NULL,1,NULL,16,NULL,16,NULL,NULL,11,'Manual Lead',13,NULL,NULL,'05.02.25 he onboarded a team recently, no need','2025-03-07','',NULL,NULL),(314,'Godgifthealthcare , Haryana,','2025-03-08',NULL,NULL,NULL,1,NULL,16,NULL,16,NULL,NULL,11,'Manual Lead',13,NULL,NULL,'17.02.25 he\'s busy, cut the call , asked him update on WA','2025-03-07','',NULL,NULL),(315,'New Shreedurga Bastralay, West bengal','2025-03-08',NULL,NULL,NULL,1,NULL,16,NULL,16,NULL,NULL,11,'Manual Lead',13,NULL,NULL,'21.02.25 not ans 3 times','2025-03-07','',NULL,NULL),(316,'Yellow Bird Homes, Ahmedabad','2025-03-08',NULL,NULL,NULL,1,NULL,16,NULL,16,NULL,NULL,11,'Manual Lead',13,NULL,NULL,'21.02.25 he speaks only hindi also said no digital marketing','2025-03-07','',NULL,NULL),(317,'Sumukha Farm Products Pvt Ltd','2025-03-08',NULL,NULL,NULL,1,NULL,16,NULL,16,NULL,NULL,11,'Manual Lead',13,NULL,NULL,'22.02.25 he doesn\'t give 100% advance to any vendors. he didn\'t trust us to pay 100% advance','2025-03-07','',NULL,NULL),(318,'doctor Gujarat','2025-03-08',NULL,NULL,NULL,1,NULL,16,NULL,16,NULL,NULL,11,'Manual Lead',13,NULL,NULL,'07.02.25 he cut the call while asked about enquiry /  not ans','2025-03-07','',NULL,NULL),(319,'Prakruthi Farmlands -  Andhra','2025-03-08',NULL,NULL,NULL,1,NULL,16,NULL,16,NULL,NULL,11,'Manual Lead',13,NULL,NULL,'24.02.25 he asked to cut 15k handling charges, he got quote\'s from freelancers','2025-03-07','',NULL,NULL),(320,'REGULAR RELATION Kol','2025-03-08',NULL,NULL,NULL,1,NULL,16,NULL,16,NULL,NULL,11,'Manual Lead',13,NULL,NULL,'06.02.25 he want kolkata based vendor','2025-03-07','',NULL,NULL),(321,'Kovinterior, Gujarat','2025-03-08',NULL,NULL,NULL,1,NULL,16,NULL,16,NULL,NULL,11,'Manual Lead',13,NULL,NULL,'17.02.25 he cut call once I asked the requirements','2025-03-07','',NULL,NULL),(322,'Sathyam Developers Madurai','2025-03-08',NULL,NULL,NULL,1,NULL,16,NULL,16,NULL,NULL,11,'Manual Lead',13,NULL,NULL,'10.02.25 he wants more creativity works and a portfolio in construction fields.','2025-03-07','',NULL,NULL),(323,'Chennai','2025-03-08',NULL,NULL,NULL,1,NULL,16,NULL,16,NULL,NULL,11,'Manual Lead',13,NULL,NULL,'11.02.25  reverts with he will call back, but doesnt call','2025-03-07','',NULL,NULL),(324,'Self-employed','2025-03-08',NULL,NULL,NULL,1,NULL,16,NULL,16,NULL,NULL,11,'Manual Lead',13,NULL,NULL,'13.02.25 if needed he will call back, Retail business Nellore, bangalore','2025-03-07','',NULL,NULL),(325,'THE TILE STORE - chennai','2025-03-08',NULL,NULL,NULL,1,NULL,16,NULL,16,NULL,NULL,11,'Manual Lead',13,NULL,NULL,'10.02.25 he need chennai based , he thought we are chennai vendor','2025-03-07','',NULL,NULL),(326,'gho paints','2025-03-08',NULL,NULL,NULL,1,NULL,16,NULL,16,NULL,NULL,11,'Manual Lead',13,NULL,NULL,'17.02.25 not ans last 3 times','2025-03-07','',NULL,NULL),(327,'SOZO EDURISE','2025-03-08',NULL,NULL,NULL,1,NULL,16,NULL,16,NULL,NULL,11,'Manual Lead',13,NULL,NULL,'11.02.25 he want only 2 banner posts for SMM','2025-03-07','',NULL,NULL),(328,'One Step','2025-03-08',NULL,NULL,NULL,1,NULL,16,NULL,16,NULL,NULL,11,'Manual Lead',13,NULL,NULL,'24.02.25 asked him on whats app','2025-03-07','',NULL,NULL),(329,'Cascade Influencers LLP','2025-03-08',NULL,NULL,NULL,1,1,16,NULL,16,NULL,1,11,'Manual Lead',13,NULL,NULL,'11.02.25 he is running a agency , just wants to see our portfolio https://cascadeinfluencers.com/',NULL,'Chennai',2,NULL),(330,'Kids collection','2025-03-08',NULL,NULL,NULL,1,NULL,16,NULL,16,NULL,NULL,11,'Manual Lead',13,NULL,NULL,'13.02.25 he doesn\'t want Coimbatore based vendor, also our budget is higher','2025-03-07','',NULL,NULL),(331,'Student','2025-03-08',NULL,NULL,NULL,1,NULL,16,NULL,16,NULL,NULL,11,'Manual Lead',13,NULL,NULL,'12.02.25 he asking Intel vidyalaya school meta promotions but his profile seems competitor Imaginextra Digital Solutions','2025-03-07','',NULL,NULL),(332,'Phoenix Tutorial , Rajasthan','2025-03-08',NULL,NULL,NULL,1,NULL,16,NULL,16,NULL,NULL,11,'Manual Lead',13,NULL,NULL,'17.02.25 he looking for local vendor','2025-03-07','',NULL,NULL),(333,'V.i.p digital medias','2025-03-08',NULL,NULL,NULL,1,NULL,16,NULL,16,NULL,NULL,11,'Digital Lead',13,NULL,NULL,'13.02.25 he is looking very low-budget','2025-03-07','',NULL,NULL),(334,'Brandcrew Aviation Academy','2025-03-08',NULL,NULL,NULL,1,NULL,16,NULL,16,NULL,NULL,11,'Manual Lead',14,NULL,NULL,'24.02.25 his MD not interested to do right now','2025-03-07','',NULL,NULL),(335,'HealthLink','2025-03-08',NULL,NULL,NULL,1,NULL,16,NULL,16,NULL,NULL,10,'Manual Lead',14,NULL,NULL,'26.02.25 client shared the company details & requirements, Want to share proposal','2025-03-07','',NULL,NULL),(336,'Boutique singanullur','2025-03-08',NULL,NULL,NULL,1,NULL,16,NULL,16,NULL,NULL,11,'Manual Lead',14,NULL,NULL,'27.02.25 not ans 2 times   Thiru sir gave the details, client not ans the call','2025-03-07','',NULL,40),(337,'New day Inner wears','2025-03-08',NULL,NULL,NULL,1,NULL,16,NULL,16,NULL,NULL,11,'Manual Lead',14,NULL,NULL,'01.03.25 Indu mam gave details. he asked our portfolio & costs . shared him. he will discuss with MD & get back','2025-03-07','',NULL,40),(338,'Sri Naturals','2025-03-08',NULL,NULL,NULL,1,NULL,16,NULL,16,NULL,NULL,NULL,'Manual Lead',15,NULL,NULL,'',NULL,'',NULL,NULL),(339,'MRS Sports Academy','2025-03-08',NULL,NULL,NULL,1,NULL,16,NULL,16,NULL,NULL,10,'Manual Lead',15,NULL,NULL,'','2025-03-07','',NULL,NULL),(346,'Meenus','2025-03-12','https://www.meenus.in/',NULL,NULL,1,1,18,11,18,NULL,1,11,'Manual Lead',4,NULL,3,'Catalogue details shared waiting for client side update MD was out of station','2025-03-12','26, NGGO Colony Main Road, NGGO Colony',18,1),(348,'MK Creations','2025-03-12','',NULL,NULL,1,1,16,NULL,16,NULL,1,11,'Digital Lead',14,NULL,NULL,'11.02.25 he asking 10k for meta campaign','2025-03-12','Coimbatore',1,36),(349,'Jeevi arts','2025-03-12','',NULL,NULL,1,1,16,NULL,16,NULL,1,11,'Digital Lead',14,NULL,NULL,'11.02.25 she asking 10 influencers eack 20k or less than that. video shoot & editing charges additional said to her. She will ask to team & call back','2025-03-12','Coimbatore',1,36),(353,'Jasmine','2025-03-12','',NULL,NULL,1,1,1,NULL,1,NULL,1,11,'Digital Lead',NULL,NULL,NULL,NULL,'2025-03-12','Hops',1,4),(354,'Paperkraft','2025-03-12','',NULL,NULL,1,1,1,NULL,1,NULL,1,11,'Manual Lead',NULL,NULL,NULL,'welcome','2025-03-12','Anna salai',1,1),(355,'HNS International','2025-03-13','',NULL,NULL,1,1,18,NULL,18,NULL,1,NULL,'Manual Lead',4,NULL,3,'Requirements in Ecom for new brand','2025-03-13','Greenfield, 99A, N.P. Nagar, Main Street, Serangadu East,',1,1),(356,'Givi Natural Cosmetics','2025-03-13','',NULL,NULL,1,1,12,NULL,12,NULL,1,NULL,'Manual Lead',NULL,NULL,NULL,'she aasked to share profile and commercials , she is looking for brand and sales','2025-03-13','No: 1435 - 1438, Sakthy Trade Centre, Bharathi Nagar, Gopalakrishnapuram, Ganapathy, Coimbatore, Tamil Nadu 641006',1,1),(357,'ARUN HOSPITAL','2025-03-13','https://arunhospital.com/',NULL,NULL,1,1,18,NULL,18,NULL,1,11,'Manual Lead',4,NULL,3,'March 18th He will update for Meeting','2025-03-13','49/88, New Scheme Road,',16,1),(358,'Lara Styles Premium Unisex Salon','2025-03-13','',NULL,NULL,1,1,12,NULL,12,NULL,1,NULL,'Manual Lead',4,NULL,NULL,'spoke with 2 ,3 companies how you do he have budget of 25k ad budget looking for sales in Race course area shared to share cost - cb','2025-03-13','184, Race Course Rd, Race Course, Puliakulam, Coimbatore, Tamil Nadu 641018',1,1),(359,'My Max Hair Clinic','2025-03-13','',NULL,NULL,1,1,12,NULL,12,NULL,1,11,'Manual Lead',4,NULL,NULL,'asked to share proposal for DM sales ,  budget 1L asked to share proposal','2025-03-13','3rd Floor, TKR Tower, 90/1C, Race Course Rd, Gopalapuram, Coimbatore, Tamil Nadu 641018',1,40),(361,'MAHENDRA SPRING TEK','2025-03-18','http://www.mahendramattresses.in/',NULL,NULL,1,1,18,NULL,18,NULL,1,11,'Manual Lead',4,NULL,NULL,'02.04.25	still photo shoot going on , he will update\n\nRequirements in Brochure ask meeting 19/03/2025','2025-03-18','SF No. 342/2, Vedapatti (Post)',1,4),(362,'SRI PADMARAJ JEWELLERS','2025-03-18','',NULL,NULL,1,1,12,NULL,12,NULL,1,NULL,'Manual Lead',NULL,NULL,NULL,'he asked for branding DM SMno website for now he stuck in expo after 26 will can have a talk','2025-03-18','Sri Padmaraj Jewellers, 40 & 41, Father Randy Street, R.S Puram, Coimbatore - 641002, Tamilnadu, India.',1,1),(363,'Herbs Leaf Cosmetics','2025-03-18','',NULL,NULL,1,1,12,NULL,12,NULL,1,NULL,'Manual Lead',4,NULL,NULL,'he do everthing as whole , doing good in leads , he say how you work different from he spends 2500 per day for ads and get good leads 2000 leads per day .','2025-03-18','12/17 Maruthi nagar Hasthinapuram,Chennai-600064',2,1),(364,'Marks Engineering','2025-03-20','https://www.marksengineeringworks.com/',NULL,NULL,1,1,11,11,11,NULL,1,11,'Manual Lead',4,NULL,NULL,'11.04.25 praveen on leave , he will get back \n08.04.25	asked proposal, shared him\n19.03.25 meeting him asked about Corporate video & Logo, website, visited his factory','2025-03-20','Karumathampatty',1,4),(365,'Samudhrika lakshana','2025-03-20','',NULL,NULL,1,1,12,NULL,12,NULL,1,24,'Manual Lead',NULL,NULL,NULL,'shyam already did Social Media 2x result asked how you do need to share details and watsup quote , he will give his Social media person number - sham to talk hhandles social media - shym didn\'t picked - cb','2025-03-20','1091/3, Maurthi Garden Main Road, Bharathipalayam, Moolapalayam, Erode, Tamil Nadu 638002',18,1),(366,'Geena Garments Victus Dyeings','2025-03-21','https://victus.in/',NULL,NULL,1,1,11,11,11,NULL,1,11,'Manual Lead',NULL,NULL,NULL,'he asked for a Newsletter once a month, CSR activities updates in website','2025-03-21','tirupur',1,40),(367,'Ace KIng & Ace Queen','2025-03-26','',NULL,NULL,1,1,12,NULL,12,NULL,1,11,'Digital Lead',13,NULL,NULL,'proposal share for E commerce website .','2025-03-26','Coimbatore',1,4),(368,'Vilvah','2025-03-26','https://www.vilvahstore.com/?utm_source=google&utm_medium=ppc&&utm_medium=cpc&utm_source=google&utm_campaign=&utm_term=&gad_source=1&gclid=Cj0KCQjwy46_BhDOARIsAIvmcwPaenLurgTcaKEDSYypGqxUn_CXKyUabBJkwLZbhB2Lv69D146JEV0aAhzLEALw_wcB',NULL,NULL,1,1,12,NULL,12,NULL,1,NULL,'Manual Lead',4,NULL,NULL,'she have gone through the presentation. We\'ll get back when there is a requirement.','2025-03-26','Coimbatore',1,1),(369,'Qualfis','2025-03-26','https://qualfis.com/',NULL,NULL,1,1,18,NULL,18,NULL,1,11,'Manual Lead',4,NULL,NULL,'Requirements in DM Gmeet done by Ramu','2025-03-26','25J-2, Vivekanandhar Road, Veerappampalayam',18,29),(370,'JS Groups','2025-04-01','https://sreebrindhaagardens.in/',NULL,NULL,1,1,24,NULL,24,5,1,NULL,'Manual Lead',6,NULL,NULL,NULL,'2025-04-01','Arulpuram to kungumapalyam road, Senthuran Colony, Arulpuram, Karaipudur, Tamil Nadu 641605',15,1),(371,'Elico','2025-04-01','https://www.elico.co/',NULL,NULL,1,1,24,13,24,NULL,4,24,'Digital Lead',15,NULL,NULL,'He is interested in Logo and website development services for Elico.','2025-04-01','B-90, A.P.I.E., Sanathnagar Hyderabad 500 018 Telangana, India',23,1),(372,'Gangotri Textile Mills','2025-04-01','',NULL,NULL,1,1,12,NULL,12,NULL,18,NULL,'Manual Lead',NULL,NULL,NULL,'20/03/2025- busy in working days can you call me saturday will dsicuss , 11/03/2025- Sanskar asked to share proposal for static website and watsupp marketing -cb ,he gave number ajay , ajay gave number of sanskar he told he looking for website share me your detials will cehck and get back','2025-04-01','145/C, 3rd floor Dr. Vigas Street, Road, Kalbadevi, Mumbai, Maharashtra 400002',21,1),(373,'Rk Exports','2025-04-02','',NULL,NULL,1,1,12,NULL,12,NULL,1,11,'Manual Lead',4,NULL,NULL,'Client told will start april 2 nd week','2025-04-02','292, Mahatma Gandhi Rd, Vaiyapuri Nagar, Ganesha Nagar, Karur, Tamil Nadu 639002',17,40),(374,'Theni Guru Krishna Textile Mills PvtLtd.','2025-04-03','',NULL,NULL,1,1,12,NULL,12,NULL,1,11,'Manual Lead',NULL,NULL,NULL,'11/03/2025- NA , 24/12- NA , 23/12/2-024- asked for a meeting tom team will have a call initially , they want website asked to share portfolio , he will check will the MD and told MD lives in Cbe will meet - follow up','2025-04-03','207- A, Bye Pass, Road, Unjampatti, Tamil Nadu 625531',1,4),(376,'Atlas textiles','2025-04-05','',NULL,NULL,1,1,12,NULL,12,NULL,1,NULL,'Manual Lead',14,NULL,3,'','2025-04-05','No-30, Venkateswara Nagar, Ist, Kangayam Rd, Tiruppur, Tamil Nadu 641607',15,1),(377,'Tussor Machine Tools','2025-04-05','https://tussorindia.com/',NULL,NULL,1,1,18,NULL,18,NULL,1,11,'Manual Lead',NULL,NULL,NULL,'Not in budget 09.04.25	He will update next week \n07.04.25	meeting director Mathan & him, asked DM quote, Proposal shared same day\n\nRequirements in DM Details shared','2025-04-05','S.F.No M13/2B, Thekkalur Village,',1,35),(378,'Viking Textile','2025-04-07','',NULL,NULL,1,1,12,NULL,12,NULL,1,NULL,'Manual Lead',4,NULL,NULL,'he told have requirement of websites , he was running busy will check and get back','2025-04-07','VIKING TEXTILES PRIVATE LIMITED, 505, AVINASHI ROAD, TIRUPUR',15,1),(379,'Obuli Tex','2025-04-07','',NULL,NULL,1,1,12,NULL,12,NULL,1,NULL,'Manual Lead',NULL,NULL,NULL,'03/04/2025- NA , 02/04/2025- sir is out she will cb after come ask what all you do branding , developing , asked to share portfolio','2025-04-07','71-A, Subramniya swamy kovil street, opposite Murugan Kovil, Elampillai, Tamil Nadu 637502',5,1),(380,'JS Promoters','2025-04-09','',NULL,NULL,1,1,11,NULL,11,NULL,1,NULL,'Manual Lead',NULL,NULL,NULL,'proposal walk through given, he will update','2025-04-09','Tirupur',1,35),(381,'solar','2025-04-11','',NULL,NULL,1,1,12,NULL,12,NULL,1,NULL,'Manual Lead',NULL,NULL,NULL,'told him cost and how we work , he said will check and update -cb','2025-04-11','No.9, New Balaji Nagar, Phase 1, Sengalipalayam, Coimbatore, Tamil Nadu 641022',1,1),(382,'AR APPAREL','2025-04-17','',NULL,NULL,1,1,12,NULL,12,NULL,1,NULL,'Manual Lead',NULL,NULL,NULL,'15/04/2025- asked to do watsup he was busy ,1/04/2025 -line busy , asked to share details -cb','2025-04-17','SF No. 261, Kangayam Rd, Vijayapuram, Tiruppur, Tamil Nadu 641606',15,1),(383,'Interio Square','2025-04-17','',NULL,NULL,1,1,12,NULL,12,NULL,1,NULL,'Manual Lead',NULL,NULL,NULL,'have plans to open branch in city , asked for lead generation and SEo cost , she check witht the team and get back - cb','2025-04-17','Interio-Square Group of companies is one of the fastest growing interior design brand in Tamilnadu',18,1);
/*!40000 ALTER TABLE `lead_lead` ENABLE KEYS */;
UNLOCK TABLES;

--
-- Table structure for table `lead_lead_assignment`
--

DROP TABLE IF EXISTS `lead_lead_assignment`;
/*!40101 SET @saved_cs_client     = @@character_set_client */;
/*!50503 SET character_set_client = utf8mb4 */;
CREATE TABLE `lead_lead_assignment` (
  `id` bigint(20) NOT NULL AUTO_INCREMENT,
  `assigned_on` date NOT NULL,
  `is_active` tinyint(1) NOT NULL,
  `assigned_by_id` int(11) NOT NULL,
  `assigned_to_id` int(11) NOT NULL,
  `lead_id` bigint(20) NOT NULL,
  PRIMARY KEY (`id`),
  KEY `lead_lead_assignment_assigned_by_id_c67b6c65_fk_auth_user_id` (`assigned_by_id`),
  KEY `lead_lead_assignment_assigned_to_id_ae0ec0fd_fk_auth_user_id` (`assigned_to_id`),
  KEY `lead_lead_assignment_lead_id_f0de1ddb_fk_lead_lead_id` (`lead_id`),
  CONSTRAINT `lead_lead_assignment_assigned_by_id_c67b6c65_fk_auth_user_id` FOREIGN KEY (`assigned_by_id`) REFERENCES `auth_user` (`id`),
  CONSTRAINT `lead_lead_assignment_assigned_to_id_ae0ec0fd_fk_auth_user_id` FOREIGN KEY (`assigned_to_id`) REFERENCES `auth_user` (`id`),
  CONSTRAINT `lead_lead_assignment_lead_id_f0de1ddb_fk_lead_lead_id` FOREIGN KEY (`lead_id`) REFERENCES `lead_lead` (`id`)
) ENGINE=InnoDB AUTO_INCREMENT=271 DEFAULT CHARSET=utf8mb4 COLLATE=utf8mb4_unicode_ci;
/*!40101 SET character_set_client = @saved_cs_client */;

--
-- Dumping data for table `lead_lead_assignment`
--

LOCK TABLES `lead_lead_assignment` WRITE;
/*!40000 ALTER TABLE `lead_lead_assignment` DISABLE KEYS */;
INSERT INTO `lead_lead_assignment` VALUES (44,'2024-11-16',1,12,11,71),(45,'2024-11-16',1,12,11,74),(46,'2024-11-16',1,12,11,74),(47,'2024-11-16',1,1,11,77),(57,'2025-01-02',1,1,12,95),(123,'2025-01-16',1,11,11,161),(124,'2025-01-16',1,12,11,162),(127,'2025-01-21',1,18,12,165),(129,'2025-01-21',1,12,11,167),(130,'2025-01-21',1,18,11,168),(131,'2025-01-21',1,18,10,169),(132,'2025-01-22',1,18,11,170),(135,'2025-01-31',1,10,11,179),(138,'2025-01-31',1,11,10,182),(141,'2025-01-31',1,18,11,185),(146,'2025-02-03',1,10,11,190),(150,'2025-02-04',1,18,11,194),(151,'2025-02-06',1,18,11,195),(152,'2025-02-06',1,11,10,196),(153,'2025-02-06',1,11,10,197),(161,'2025-02-06',1,1,11,205),(172,'2025-02-08',1,11,10,216),(173,'2025-02-08',1,18,11,217),(174,'2025-02-08',1,11,10,218),(175,'2025-02-08',1,11,10,219),(176,'2025-02-08',1,18,11,220),(177,'2025-02-08',1,11,10,221),(178,'2025-02-08',1,18,11,222),(179,'2025-02-08',1,11,10,223),(180,'2025-02-08',1,11,10,224),(181,'2025-02-08',1,11,10,225),(182,'2025-02-08',1,11,10,226),(183,'2025-02-08',1,11,10,227),(184,'2025-02-08',1,11,10,228),(188,'2025-02-20',1,11,11,245),(196,'2025-03-04',1,11,10,306),(214,'2025-03-12',1,16,10,339),(215,'2025-03-12',1,16,11,337),(216,'2025-03-12',1,16,11,336),(217,'2025-03-12',1,16,11,334),(218,'2025-03-12',1,16,11,333),(219,'2025-03-12',1,16,11,332),(220,'2025-03-12',1,16,11,331),(221,'2025-03-12',1,16,11,330),(222,'2025-03-12',1,16,11,329),(223,'2025-03-12',1,16,11,328),(224,'2025-03-12',1,16,11,327),(225,'2025-03-12',1,16,11,326),(226,'2025-03-12',1,16,11,325),(227,'2025-03-12',1,16,11,324),(228,'2025-03-12',1,16,11,323),(229,'2025-03-12',1,16,11,322),(230,'2025-03-12',1,16,11,321),(231,'2025-03-12',1,16,11,320),(232,'2025-03-12',1,16,11,319),(233,'2025-03-12',1,16,11,318),(234,'2025-03-12',1,16,11,317),(235,'2025-03-12',1,16,11,316),(236,'2025-03-12',1,16,11,315),(237,'2025-03-12',1,16,11,314),(238,'2025-03-12',1,16,11,313),(239,'2025-03-12',1,16,11,312),(240,'2025-03-12',1,16,11,311),(244,'2025-03-12',1,18,11,346),(246,'2025-03-12',1,16,11,335),(247,'2025-03-12',1,16,11,348),(248,'2025-03-12',1,16,11,349),(249,'2025-03-12',1,16,10,335),(253,'2025-03-12',1,1,11,353),(254,'2025-03-12',1,1,11,354),(255,'2025-03-13',1,18,11,357),(256,'2025-03-13',1,12,11,359),(257,'2025-03-17',1,11,11,360),(258,'2025-03-17',1,12,11,309),(259,'2025-03-18',1,12,11,310),(260,'2025-03-18',1,18,11,361),(261,'2025-03-20',1,11,11,364),(262,'2025-03-21',1,11,11,366),(263,'2025-03-24',1,12,24,365),(264,'2025-03-26',1,12,11,367),(265,'2025-03-26',1,18,11,369),(266,'2025-04-01',1,24,24,371),(267,'2025-04-02',1,12,11,373),(268,'2025-04-03',1,12,11,374),(270,'2025-04-05',1,18,11,377);
/*!40000 ALTER TABLE `lead_lead_assignment` ENABLE KEYS */;
UNLOCK TABLES;

--
-- Table structure for table `lead_lead_bucket`
--

DROP TABLE IF EXISTS `lead_lead_bucket`;
/*!40101 SET @saved_cs_client     = @@character_set_client */;
/*!50503 SET character_set_client = utf8mb4 */;
CREATE TABLE `lead_lead_bucket` (
  `id` bigint(20) NOT NULL AUTO_INCREMENT,
  `name` varchar(255) NOT NULL,
  `description` varchar(255) NOT NULL,
  PRIMARY KEY (`id`)
) ENGINE=InnoDB AUTO_INCREMENT=2 DEFAULT CHARSET=utf8mb4 COLLATE=utf8mb4_unicode_ci;
/*!40101 SET character_set_client = @saved_cs_client */;

--
-- Dumping data for table `lead_lead_bucket`
--

LOCK TABLES `lead_lead_bucket` WRITE;
/*!40000 ALTER TABLE `lead_lead_bucket` DISABLE KEYS */;
INSERT INTO `lead_lead_bucket` VALUES (1,'test lead','test description');
/*!40000 ALTER TABLE `lead_lead_bucket` ENABLE KEYS */;
UNLOCK TABLES;

--
-- Table structure for table `lead_lead_status`
--

DROP TABLE IF EXISTS `lead_lead_status`;
/*!40101 SET @saved_cs_client     = @@character_set_client */;
/*!50503 SET character_set_client = utf8mb4 */;
CREATE TABLE `lead_lead_status` (
  `id` bigint(20) NOT NULL AUTO_INCREMENT,
  `name` varchar(255) NOT NULL,
  `is_active` tinyint(1) NOT NULL,
  PRIMARY KEY (`id`)
) ENGINE=InnoDB AUTO_INCREMENT=45 DEFAULT CHARSET=utf8mb4 COLLATE=utf8mb4_unicode_ci;
/*!40101 SET character_set_client = @saved_cs_client */;

--
-- Dumping data for table `lead_lead_status`
--

LOCK TABLES `lead_lead_status` WRITE;
/*!40000 ALTER TABLE `lead_lead_status` DISABLE KEYS */;
INSERT INTO `lead_lead_status` VALUES (1,'Prospect',1),(4,'Proposal',1),(5,'Closures',0),(7,'Follow Up',1),(23,'Fresh Lead',1),(24,'InProgress Lead',1),(26,'Opportunities',0),(27,'Appointments',0),(28,'Calls',1),(29,'Meeting',1),(30,'Income',0),(31,'Lead',1),(32,'Inquired',0),(33,'Walk Through',1),(34,'Deal Won',1),(35,'Deal Lose',1),(36,'Don\'t have our Budget',1),(37,'Idea in Hold',1),(38,'Target',0),(39,'Competitor Chosen',1),(40,'No Response',1),(41,'Inquired',1),(42,'Competitor Surveillance',1),(43,'No Response / Hold',1),(44,'Blanks',1);
/*!40000 ALTER TABLE `lead_lead_status` ENABLE KEYS */;
UNLOCK TABLES;

--
-- Table structure for table `lead_lead_tags`
--

DROP TABLE IF EXISTS `lead_lead_tags`;
/*!40101 SET @saved_cs_client     = @@character_set_client */;
/*!50503 SET character_set_client = utf8mb4 */;
CREATE TABLE `lead_lead_tags` (
  `id` bigint(20) NOT NULL AUTO_INCREMENT,
  `lead_id` bigint(20) NOT NULL,
  `tag_id` bigint(20) NOT NULL,
  PRIMARY KEY (`id`),
  UNIQUE KEY `lead_lead_tags_lead_id_tag_id_dd6122fc_uniq` (`lead_id`,`tag_id`),
  KEY `lead_lead_tags_tag_id_bbba5fbc_fk_accounts_tag_id` (`tag_id`),
  CONSTRAINT `lead_lead_tags_lead_id_af7c7cd4_fk_lead_lead_id` FOREIGN KEY (`lead_id`) REFERENCES `lead_lead` (`id`),
  CONSTRAINT `lead_lead_tags_tag_id_bbba5fbc_fk_accounts_tag_id` FOREIGN KEY (`tag_id`) REFERENCES `accounts_tag` (`id`)
) ENGINE=InnoDB DEFAULT CHARSET=utf8mb4 COLLATE=utf8mb4_unicode_ci;
/*!40101 SET character_set_client = @saved_cs_client */;

--
-- Dumping data for table `lead_lead_tags`
--

LOCK TABLES `lead_lead_tags` WRITE;
/*!40000 ALTER TABLE `lead_lead_tags` DISABLE KEYS */;
/*!40000 ALTER TABLE `lead_lead_tags` ENABLE KEYS */;
UNLOCK TABLES;

--
-- Table structure for table `lead_log`
--

DROP TABLE IF EXISTS `lead_log`;
/*!40101 SET @saved_cs_client     = @@character_set_client */;
/*!50503 SET character_set_client = utf8mb4 */;
CREATE TABLE `lead_log` (
  `id` bigint(20) NOT NULL AUTO_INCREMENT,
  `follow_up_date_time` datetime(6) DEFAULT NULL,
  `details` longtext DEFAULT NULL,
  `file` varchar(100) DEFAULT NULL,
  `created_on` date NOT NULL,
  `is_active` tinyint(1) NOT NULL,
  `contact_id` bigint(20) NOT NULL,
  `created_by_id` int(11) NOT NULL,
  `focus_segment_id` bigint(20) DEFAULT NULL,
  `log_stage_id` bigint(20) DEFAULT NULL,
  `lead_id` bigint(20) DEFAULT NULL,
  `opportunity_id` bigint(20) DEFAULT NULL,
  `log_type` varchar(20) DEFAULT NULL,
  `opportunity_status_id` bigint(20) DEFAULT NULL,
  PRIMARY KEY (`id`),
  KEY `lead_log_created_by_id_2d7296c6_fk_auth_user_id` (`created_by_id`),
  KEY `lead_log_focus_segment_id_bfea1e05_fk_accounts_focus_segment_id` (`focus_segment_id`),
  KEY `lead_log_lead_id_f1110d0f_fk_lead_lead_id` (`lead_id`),
  KEY `lead_log_opportunity_id_fed1925c_fk_lead_opportunity_id` (`opportunity_id`),
  KEY `lead_log_contact_id_f0a0fa8e_fk_lead_contact_id` (`contact_id`),
  KEY `lead_log_log_stage_id_5991a060_fk_accounts_log_stage_id` (`log_stage_id`),
  KEY `lead_log_opportunity_status_id_42210337_fk_lead_lead_status_id` (`opportunity_status_id`),
  CONSTRAINT `lead_log_contact_id_f0a0fa8e_fk_lead_contact_id` FOREIGN KEY (`contact_id`) REFERENCES `lead_contact` (`id`),
  CONSTRAINT `lead_log_created_by_id_2d7296c6_fk_auth_user_id` FOREIGN KEY (`created_by_id`) REFERENCES `auth_user` (`id`),
  CONSTRAINT `lead_log_focus_segment_id_bfea1e05_fk_accounts_focus_segment_id` FOREIGN KEY (`focus_segment_id`) REFERENCES `accounts_focus_segment` (`id`),
  CONSTRAINT `lead_log_lead_id_f1110d0f_fk_lead_lead_id` FOREIGN KEY (`lead_id`) REFERENCES `lead_lead` (`id`),
  CONSTRAINT `lead_log_log_stage_id_5991a060_fk_accounts_log_stage_id` FOREIGN KEY (`log_stage_id`) REFERENCES `accounts_log_stage` (`id`),
  CONSTRAINT `lead_log_opportunity_id_fed1925c_fk_lead_opportunity_id` FOREIGN KEY (`opportunity_id`) REFERENCES `lead_opportunity` (`id`),
  CONSTRAINT `lead_log_opportunity_status_id_42210337_fk_lead_lead_status_id` FOREIGN KEY (`opportunity_status_id`) REFERENCES `lead_lead_status` (`id`)
) ENGINE=InnoDB AUTO_INCREMENT=588 DEFAULT CHARSET=utf8mb4 COLLATE=utf8mb4_unicode_ci;
/*!40101 SET character_set_client = @saved_cs_client */;

--
-- Dumping data for table `lead_log`
--

LOCK TABLES `lead_log` WRITE;
/*!40000 ALTER TABLE `lead_log` DISABLE KEYS */;
INSERT INTO `lead_log` VALUES (100,NULL,'','','2025-01-18',1,171,1,NULL,1,162,NULL,'Call',NULL),(104,NULL,'','','2025-01-21',1,184,10,NULL,1,166,NULL,NULL,NULL),(105,NULL,'','','2025-01-21',1,183,10,NULL,1,165,NULL,NULL,NULL),(106,NULL,'','','2025-01-21',1,184,10,NULL,1,166,NULL,NULL,NULL),(107,NULL,'','','2025-01-21',1,183,10,NULL,1,165,NULL,NULL,NULL),(108,'2025-01-21 18:30:00.000000','','','2025-01-21',1,183,10,NULL,5,165,NULL,'Call',NULL),(109,NULL,'New Log Created','','2025-01-21',1,185,18,NULL,3,NULL,156,'Call',NULL),(110,'2025-01-21 18:30:00.000000','','','2025-01-21',1,184,1,NULL,1,166,NULL,'Call',NULL),(111,'2025-01-21 18:30:00.000000','','','2025-01-21',1,186,10,NULL,1,169,NULL,'Call',NULL),(112,NULL,'New Log added','','2025-01-21',1,186,10,NULL,1,169,NULL,'Call',NULL),(113,'2025-01-21 18:30:00.000000','','','2025-01-21',1,171,11,NULL,3,162,NULL,'Meeting',NULL),(114,'2025-01-22 18:30:00.000000','New Log created','','2025-01-22',1,186,10,NULL,3,169,NULL,'Meeting',NULL),(115,'2025-01-22 18:30:00.000000',NULL,'','2025-01-22',1,185,10,NULL,4,NULL,156,'Email',NULL),(116,NULL,'New Logs','','2025-01-22',1,185,10,NULL,3,NULL,156,'Call',NULL),(124,NULL,'remarks','','2025-01-31',1,202,10,8,1,179,NULL,'Call',NULL),(130,NULL,'testing','','2025-01-31',1,209,11,9,1,182,NULL,'Call',NULL),(131,NULL,NULL,'','2025-01-31',1,209,11,NULL,1,NULL,162,NULL,NULL),(132,NULL,NULL,'','2025-01-31',1,209,11,NULL,1,NULL,162,NULL,NULL),(134,NULL,NULL,'','2025-01-31',1,209,11,NULL,1,NULL,162,NULL,NULL),(136,NULL,NULL,'','2025-01-31',1,212,18,NULL,1,NULL,164,NULL,NULL),(137,NULL,NULL,'','2025-01-31',1,214,18,NULL,1,NULL,165,NULL,NULL),(143,NULL,NULL,'','2025-01-31',1,209,11,NULL,1,NULL,162,NULL,NULL),(144,NULL,NULL,'','2025-01-31',1,209,11,NULL,1,NULL,167,NULL,NULL),(146,'2025-01-22 18:30:00.000000','Testing','','2025-01-31',1,209,11,NULL,15,182,NULL,'Meeting',NULL),(147,NULL,NULL,'','2025-01-31',1,209,1,NULL,1,NULL,162,NULL,27),(148,NULL,NULL,'','2025-01-31',1,209,1,NULL,1,NULL,162,NULL,7),(154,NULL,'remarks','','2025-01-31',1,195,18,16,1,185,NULL,'Call',NULL),(155,NULL,NULL,'','2025-01-31',1,218,18,NULL,1,NULL,170,NULL,5),(156,NULL,NULL,'','2025-01-31',1,209,11,NULL,1,NULL,162,NULL,27),(157,'2025-01-15 18:30:00.000000','testing','','2025-01-31',1,209,11,NULL,15,182,NULL,'Meeting',NULL),(167,NULL,'TEsting','','2025-02-03',1,250,10,16,1,190,NULL,'Call',NULL),(172,NULL,'After Expo Call back','','2025-02-04',1,266,18,11,1,194,NULL,'Call',NULL),(173,NULL,'Brochures & Corporate Videos','','2025-02-06',1,269,18,11,1,195,NULL,'Call',NULL),(174,NULL,'Meta PPC','','2025-02-06',1,240,11,11,1,196,NULL,'Call',NULL),(175,NULL,'order closed','','2025-02-06',1,228,11,11,1,197,NULL,'Call',NULL),(176,NULL,NULL,'','2025-02-06',1,228,11,NULL,1,NULL,184,NULL,5),(184,NULL,NULL,'','2025-02-06',1,276,1,NULL,1,205,NULL,'Call',NULL),(207,NULL,'Meeting held , Waiting for Inputs','','2025-02-08',1,287,11,16,1,216,NULL,'Call',NULL),(208,NULL,'Ask company details','','2025-02-08',1,288,18,NULL,1,217,NULL,'Call',NULL),(209,NULL,'Feb 2nd week he will update about proposal','','2025-02-08',1,290,11,11,1,218,NULL,'Call',NULL),(210,NULL,NULL,'','2025-02-08',1,290,11,NULL,1,NULL,199,NULL,4),(211,'2025-02-12 18:30:00.000000','hi sir','','2025-02-08',1,287,11,NULL,14,216,NULL,'Call',NULL),(212,NULL,'08.02.25th he will update','','2025-02-08',1,292,11,11,1,219,NULL,'Call',NULL),(213,NULL,NULL,'','2025-02-08',1,292,11,NULL,1,NULL,200,NULL,4),(214,NULL,'Call back March 31st','','2025-02-08',1,291,18,11,1,220,NULL,'Call',NULL),(215,NULL,NULL,'','2025-02-08',1,291,18,NULL,1,NULL,201,NULL,7),(216,NULL,'Logo','','2025-02-08',1,229,11,NULL,1,221,NULL,'Call',NULL),(217,NULL,NULL,'','2025-02-08',1,229,11,NULL,1,NULL,202,NULL,5),(218,NULL,'Shared to ramu for zing budget is 25k for website','','2025-02-08',1,311,18,11,1,222,NULL,'Call',NULL),(219,NULL,'Static','','2025-02-08',1,227,11,NULL,1,223,NULL,'Call',NULL),(220,NULL,NULL,'','2025-02-08',1,227,11,NULL,1,NULL,204,NULL,5),(221,NULL,'Static','','2025-02-08',1,226,11,NULL,1,224,NULL,'Call',NULL),(222,NULL,NULL,'','2025-02-08',1,226,11,NULL,1,NULL,205,NULL,5),(223,NULL,'Static','','2025-02-08',1,224,11,NULL,1,225,NULL,'Call',NULL),(224,NULL,NULL,'','2025-02-08',1,224,11,NULL,1,NULL,206,NULL,5),(225,NULL,'Static','','2025-02-08',1,219,11,NULL,1,226,NULL,'Call',NULL),(226,NULL,NULL,'','2025-02-08',1,219,11,NULL,1,NULL,207,NULL,5),(227,NULL,'CMS','','2025-02-08',1,222,11,NULL,1,227,NULL,'Call',NULL),(228,NULL,NULL,'','2025-02-08',1,222,11,NULL,1,NULL,208,NULL,5),(229,NULL,'Logo','','2025-02-08',1,220,11,NULL,1,228,NULL,'Call',NULL),(230,NULL,NULL,'','2025-02-08',1,220,11,NULL,1,NULL,209,NULL,5),(235,NULL,NULL,'','2025-02-11',1,324,11,NULL,1,233,NULL,'Call',NULL),(236,NULL,NULL,'','2025-02-11',1,325,11,NULL,1,234,NULL,'Call',NULL),(238,NULL,NULL,'','2025-02-11',1,321,11,NULL,1,236,NULL,'Call',NULL),(243,NULL,NULL,'','2025-02-11',1,330,10,NULL,1,241,NULL,'Call',NULL),(245,NULL,NULL,'','2025-02-11',1,267,10,NULL,1,242,NULL,'Call',NULL),(246,NULL,NULL,'','2025-02-11',1,267,10,NULL,1,NULL,225,NULL,5),(248,NULL,NULL,'','2025-02-20',1,267,1,NULL,1,NULL,225,NULL,26),(249,NULL,NULL,'','2025-02-20',1,267,1,NULL,1,NULL,225,NULL,5),(250,NULL,NULL,'','2025-02-20',1,267,1,NULL,1,NULL,225,NULL,34),(251,NULL,NULL,'','2025-02-20',1,267,1,NULL,1,NULL,225,NULL,35),(252,NULL,NULL,'','2025-02-20',1,267,1,NULL,1,NULL,225,NULL,36),(253,NULL,NULL,'','2025-02-20',1,267,1,NULL,1,NULL,225,NULL,34),(255,NULL,NULL,'','2025-02-20',1,220,1,NULL,1,NULL,209,NULL,34),(256,NULL,NULL,'','2025-02-20',1,222,1,NULL,1,NULL,208,NULL,34),(257,NULL,NULL,'','2025-02-20',1,219,1,NULL,1,NULL,207,NULL,34),(258,NULL,NULL,'','2025-02-20',1,224,1,NULL,1,NULL,206,NULL,34),(259,NULL,NULL,'','2025-02-20',1,226,1,NULL,1,NULL,205,NULL,34),(260,NULL,NULL,'','2025-02-20',1,227,1,NULL,1,NULL,204,NULL,34),(261,NULL,NULL,'','2025-02-20',1,229,1,NULL,1,NULL,202,NULL,34),(263,NULL,NULL,'','2025-02-20',1,228,1,NULL,1,NULL,184,NULL,34),(265,NULL,NULL,'','2025-02-20',1,321,1,NULL,1,NULL,227,NULL,1),(266,NULL,NULL,'','2025-02-20',1,321,1,NULL,1,NULL,228,NULL,1),(268,NULL,NULL,'','2025-02-20',1,338,11,NULL,1,245,NULL,'Call',NULL),(271,NULL,NULL,'','2025-02-20',1,267,1,NULL,1,NULL,225,NULL,34),(272,NULL,NULL,'','2025-02-20',1,338,11,NULL,1,NULL,230,NULL,35),(273,NULL,NULL,'','2025-02-20',1,338,11,NULL,1,NULL,230,NULL,36),(274,NULL,NULL,'','2025-02-20',1,338,11,NULL,1,NULL,230,NULL,32),(275,NULL,NULL,'','2025-02-21',1,330,10,NULL,1,NULL,231,NULL,34),(286,NULL,'meeting Indurekha , Suresh , vivek have came our office','','2025-03-04',1,434,11,NULL,1,306,NULL,'Call',NULL),(287,NULL,NULL,'','2025-03-04',1,434,11,NULL,1,NULL,320,NULL,4),(289,NULL,NULL,'','2025-03-05',1,388,12,NULL,1,308,NULL,'Call',NULL),(290,NULL,NULL,'','2025-03-05',1,542,12,NULL,1,309,NULL,'Call',NULL),(291,NULL,NULL,'','2025-03-05',1,565,12,NULL,1,310,NULL,'Call',NULL),(309,NULL,'27.02.25 Thiru sir gave the details, client not ans the call','','2025-03-12',1,712,11,NULL,14,336,NULL,'Call',NULL),(310,NULL,'27.02.25 not ans 2nd time','','2025-03-12',1,712,11,NULL,14,336,NULL,'Call',NULL),(311,NULL,'04.03.25 not ans','','2025-03-12',1,712,11,NULL,14,336,NULL,'Call',NULL),(312,NULL,'05.03.25 not ans','','2025-03-12',1,712,11,NULL,14,336,NULL,'Call',NULL),(313,NULL,'01.03.25 Indu mam gave details. he asked our portfolio & costs . shared him. he will discuss with MD & get back','','2025-03-12',1,587,11,NULL,14,337,NULL,'Call',NULL),(314,NULL,'04.03.25 not rechable','','2025-03-12',1,587,11,NULL,14,337,NULL,'Call',NULL),(315,NULL,'05.03.25 MD out of town once get update from him , he will revert us','','2025-03-12',1,587,11,NULL,14,337,NULL,'Call',NULL),(316,NULL,'10.03.25 not ans,  follow up him on WA','','2025-03-12',1,587,11,NULL,14,337,NULL,'Call',NULL),(325,NULL,'Catalogue details shared waiting for client side update MD was out of station','','2025-03-12',1,742,18,11,1,346,NULL,'Call',NULL),(326,NULL,'20.02.25 he wants rebranding & Prospect leads for admissions. \nHe asked our portfolio about education & commercials. \nafter that, he will talk with MD & update. \"','','2025-03-12',1,710,11,NULL,14,334,NULL,'Call',NULL),(327,NULL,'13.02.25 not ans','','2025-03-12',1,709,11,NULL,14,333,NULL,'Call',NULL),(328,NULL,'21.02.25 switched off, asked on WA , reg have a call','','2025-03-12',1,710,11,NULL,14,334,NULL,'Call',NULL),(329,NULL,'14.02.25 he is travelling, asked portfolio later he will update','','2025-03-12',1,708,11,NULL,14,332,NULL,'Call',NULL),(331,NULL,'05.02.25 he want lead generations at Pune, Modular kitchens , Furnitures WA sent portfolio','','2025-03-12',1,687,11,NULL,14,311,NULL,'Call',NULL),(332,NULL,'12.02.25 he asking Intel vidyalaya school meta promotions but his profile seems competitor Imaginextra Digital Solutions','','2025-03-12',1,707,11,NULL,14,331,NULL,'Call',NULL),(333,NULL,'11.02.25 he will call back at evening','','2025-03-12',1,706,11,NULL,14,330,NULL,'Call',NULL),(334,NULL,'06.02.25 basic costs shared on WA','','2025-03-12',1,687,11,NULL,14,311,NULL,'Call',NULL),(335,NULL,'07.02.25 he postponed the plan, will call back next month','','2025-03-12',1,687,11,NULL,14,311,NULL,'Call',NULL),(336,NULL,'11.02.25 he will call back at evening','','2025-03-12',1,706,11,NULL,14,330,NULL,'Call',NULL),(337,NULL,'05.02.25 after 6pm want call','','2025-03-12',1,688,11,NULL,14,312,NULL,'Call',NULL),(338,NULL,NULL,'','2025-03-12',1,960,16,NULL,1,348,NULL,'Call',NULL),(339,NULL,'07.02.25 he asked  sample works, later he will update. WA sent','','2025-03-12',1,688,11,NULL,14,312,NULL,'Call',NULL),(340,NULL,'11.02.25 he is running a agency , just wants to see our portfolio https://cascadeinfluencers.com/','','2025-03-12',1,705,11,NULL,14,329,NULL,'Call',NULL),(341,NULL,NULL,'','2025-03-12',1,961,16,NULL,1,349,NULL,'Call',NULL),(342,NULL,'11.02.25 he didn\'t see our works, again asked Watsapp , shared him','','2025-03-12',1,688,11,NULL,14,312,NULL,'Call',NULL),(343,NULL,'12.02.25 follow up him in WA','','2025-03-12',1,704,11,NULL,14,328,NULL,'Call',NULL),(344,NULL,'10.01.25 she asked influencer marketing, I asked her company location & budget, she got my number, and she will call back once discuss with team','','2025-03-12',1,961,11,NULL,14,349,NULL,'Call',NULL),(345,NULL,'10.01.25 evening called her, not ans','','2025-03-12',1,961,11,NULL,14,349,NULL,'Call',NULL),(347,NULL,'11.02.25 she asking 10 influencers eack 20k or less than that. video shoot & editing charges additional said to her. She will ask to team & call back','','2025-03-12',1,961,11,NULL,14,349,NULL,'Call',NULL),(348,NULL,'11.02.25 he want only 2 banner posts for SMM','','2025-03-12',1,703,11,NULL,14,327,NULL,'Call',NULL),(349,NULL,'06.02.25  he asked brochures, catalogs portfolio, Design costs shared him with portfolio','','2025-03-12',1,690,11,NULL,14,314,NULL,'Call',NULL),(350,NULL,'11.02.25 he asking 10k for meta campaign','','2025-03-12',1,960,11,NULL,14,348,NULL,'Call',NULL),(351,NULL,'07.02.25 line busy','','2025-03-12',1,690,11,NULL,14,314,NULL,'Call',NULL),(352,NULL,'13.02.25 not ans','','2025-03-12',1,702,11,NULL,14,326,NULL,'Call',NULL),(353,NULL,'12.02.25 not ans','','2025-03-12',1,690,11,NULL,14,314,NULL,'Call',NULL),(354,NULL,'21.02.25 not ans','','2025-03-12',1,690,11,NULL,14,314,NULL,'Call',NULL),(355,NULL,'10.02.25 he need chennai based , he thought we are chennai vendor','','2025-03-12',1,701,11,NULL,14,325,NULL,'Call',NULL),(356,NULL,'13.02.25 not ans','','2025-03-12',1,709,11,NULL,14,333,NULL,'Call',NULL),(357,NULL,'06.02.25  he asked Fb, Intsa like , followers hikes WA sent portfolio','','2025-03-12',1,691,11,NULL,14,315,NULL,'Call',NULL),(358,NULL,'08.02.25 he\'s driving, want to share portfolio in WA sent','','2025-03-12',1,700,11,NULL,14,324,NULL,'Call',NULL),(359,NULL,'14.02.25 he is travelling, asked portfolio later he will update','','2025-03-12',1,708,11,NULL,14,332,NULL,'Call',NULL),(360,NULL,'10.02.25 not ans','','2025-03-12',1,700,11,NULL,14,324,NULL,'Call',NULL),(361,NULL,'07.02.25 he asked about costs and will call back 5mins after','','2025-03-12',1,691,11,NULL,14,315,NULL,'Call',NULL),(362,NULL,'11.02.25 not ans','','2025-03-12',1,700,11,NULL,14,324,NULL,'Call',NULL),(363,NULL,'12.02.25 not ans','','2025-03-12',1,691,11,NULL,14,315,NULL,'Call',NULL),(364,NULL,'12.02.25 not ans','','2025-03-12',1,707,11,NULL,14,331,NULL,'Call',NULL),(365,NULL,'17.02.25 not ans','','2025-03-12',1,691,11,NULL,14,315,NULL,'Call',NULL),(366,NULL,'08.02.25 he need meta promotion, fruit based health mix, he call back busy now. WA sent','','2025-03-12',1,699,11,NULL,14,323,NULL,'Call',NULL),(367,NULL,'10.02.25 he will call back once get free','','2025-03-12',1,699,11,NULL,14,323,NULL,'Call',NULL),(368,NULL,'11.02.25 he will call back at evening','','2025-03-12',1,706,11,NULL,14,330,NULL,'Call',NULL),(369,NULL,'06.02.25 not ans','','2025-03-12',1,692,11,NULL,14,316,NULL,'Call',NULL),(370,NULL,'11.02.25 he will call back','','2025-03-12',1,692,11,NULL,14,316,NULL,'Call',NULL),(371,NULL,'17.02.25 not ans','','2025-03-12',1,692,11,NULL,14,316,NULL,'Call',NULL),(372,NULL,'11.02.25 15mins he will call back','','2025-03-12',1,705,11,NULL,14,329,NULL,'Call',NULL),(373,NULL,'11.02.25 he will call back 15mins after','','2025-03-12',1,699,11,NULL,14,323,NULL,'Call',NULL),(374,NULL,'06.02.25 he needs Brand awareness, Lead generations also another company Harbest Agro global brand reach WA sent him also basic cost shared','','2025-03-12',1,693,11,NULL,14,317,NULL,'Call',NULL),(375,NULL,'07.02.25 not ans','','2025-03-12',1,693,11,NULL,14,317,NULL,'Call',NULL),(377,NULL,'10.02.25 not ans','','2025-03-12',1,693,11,NULL,14,317,NULL,'Call',NULL),(378,NULL,'07.02.25 he asked DM for his start-up , Portfolio shared','','2025-03-12',1,698,11,NULL,14,322,NULL,'Call',NULL),(379,NULL,'11.02.25 asked him on whats app','','2025-03-12',1,693,11,NULL,14,317,NULL,'Call',NULL),(380,NULL,'10.02.25 he wants more creativity works and a portfolio in construction fields.','','2025-03-12',1,698,11,NULL,14,322,NULL,'Call',NULL),(381,NULL,'11.03.25 not ans','','2025-03-12',1,704,11,NULL,14,328,NULL,'Call',NULL),(382,NULL,'07.02.25 not ans / He\'s driving, a lady said','','2025-03-12',1,697,11,NULL,14,321,NULL,'Call',NULL),(383,NULL,'13.02.25 not ans','','2025-03-12',1,693,11,NULL,14,317,NULL,'Call',NULL),(384,NULL,'10.02.25 he driving call back in 10mins','','2025-03-12',1,697,11,NULL,14,321,NULL,'Call',NULL),(385,NULL,'12.02.25 not ans','','2025-03-12',1,697,11,NULL,14,321,NULL,'Call',NULL),(386,NULL,'17.02.25 he asked again portfolio , shared him on WA','','2025-03-12',1,693,11,NULL,14,317,NULL,'Call',NULL),(387,NULL,'17.02.25 he cut call once I asked the requirements','','2025-03-12',1,697,11,NULL,14,321,NULL,'Call',NULL),(388,NULL,'10.03.25 asked update on WA','','2025-03-12',1,704,11,NULL,14,328,NULL,'Call',NULL),(389,NULL,'24.05.25 he asked again deliverables if not happened & videos 4 more','','2025-03-12',1,693,11,NULL,14,317,NULL,'Call',NULL),(390,NULL,'04.03.25 out of town & will get back 06.03.25','','2025-03-12',1,704,11,NULL,14,328,NULL,'Call',NULL),(391,NULL,'06.02.25 want call him tomorrow 12pm','','2025-03-12',1,694,11,NULL,14,318,NULL,'Call',NULL),(392,NULL,'21.02.25 he will call back later busy now','','2025-03-12',1,704,11,NULL,14,328,NULL,'Call',NULL),(393,NULL,'07.02.25 he cut the call while asked about enquiry /  not ans','','2025-03-12',1,694,11,NULL,14,318,NULL,'Call',NULL),(394,NULL,'18.02.25 he working on it, will update','','2025-03-12',1,704,11,NULL,14,328,NULL,'Call',NULL),(395,NULL,'18.02.25 he working on it, will update','','2025-03-12',1,704,11,NULL,14,328,NULL,'Call',NULL),(396,NULL,'06.02.25 he want kolkata based vendor','','2025-03-12',1,696,11,NULL,14,320,NULL,'Call',NULL),(397,NULL,'17.02.25 line busy asked on WA','','2025-03-12',1,704,11,NULL,14,328,NULL,'Call',NULL),(398,NULL,'13.02.25 not ans','','2025-03-12',1,704,11,NULL,14,328,NULL,'Call',NULL),(399,NULL,'06.02.25 he wants lead generations for cottage, redesign website , Brand reach also. WA sent him basic cost shared','','2025-03-12',1,695,11,NULL,14,319,NULL,'Call',NULL),(400,NULL,'12.02.25 follow up him in WA','','2025-03-12',1,704,11,NULL,14,328,NULL,'Call',NULL),(401,NULL,'07.02.25 line busy','','2025-03-12',1,695,11,NULL,14,319,NULL,'Call',NULL),(402,NULL,'11.02.25 he needs meta posts around 60 per month. he will call back once get free. asked his company details , Cost shared','','2025-03-12',1,704,11,NULL,14,328,NULL,'Call',NULL),(403,NULL,'10.02.25 he didnt see our message, will call back','','2025-03-12',1,695,11,NULL,14,319,NULL,'Call',NULL),(404,NULL,'11.02.25 today 3pm he will back','','2025-03-12',1,695,11,NULL,14,319,NULL,'Call',NULL),(405,NULL,'13.02.25 not ans','','2025-03-12',1,695,11,NULL,14,319,NULL,'Call',NULL),(406,NULL,'13.02.25 not ans','','2025-03-12',1,702,11,NULL,14,326,NULL,'Call',NULL),(407,NULL,'11.02.25 not ans','','2025-03-12',1,702,11,NULL,14,326,NULL,'Call',NULL),(408,NULL,'17.02.25 line busy asked on WA','','2025-03-12',1,695,11,NULL,14,319,NULL,'Call',NULL),(409,NULL,NULL,'','2025-03-12',1,961,11,NULL,1,NULL,433,NULL,36),(410,NULL,'10.02.25 Want call him 30mins later / line busy','','2025-03-12',1,702,11,NULL,14,326,NULL,'Call',NULL),(411,NULL,'21.02.25 line busy asked WA','','2025-03-12',1,695,11,NULL,14,319,NULL,'Call',NULL),(413,NULL,NULL,'','2025-03-12',1,960,11,NULL,1,NULL,430,NULL,36),(414,NULL,NULL,'','2025-03-12',1,712,11,NULL,1,NULL,415,NULL,40),(422,NULL,'Requirements in Ecom for new brand','','2025-03-13',1,966,18,NULL,1,355,NULL,'Call',NULL),(423,NULL,'she aasked to share profile and commercials , she is looking for brand and sales','','2025-03-13',1,940,12,NULL,1,356,NULL,'Call',NULL),(424,NULL,'March 17th He will update for Meeting','','2025-03-13',1,312,18,NULL,1,357,NULL,'Call',NULL),(425,NULL,'spoke with 2 ,3 companies how you do he have budget of 25k ad budget looking for sales in Race course area shared to share cost - cb','','2025-03-13',1,967,12,NULL,1,358,NULL,'Call',NULL),(426,NULL,'asked to share proposal for DM sales ,  budget 1L asked to share proposal','','2025-03-13',1,968,12,NULL,1,359,NULL,'Call',NULL),(427,NULL,'14/03/2025- spoke with the team and the clients shared cost client told will check with owner and get back will meet if needed , spoke with 2 ,3 companies how you do he have budget of 25k ad budget looking for sales in Race course area shared to share cost - cb , spoke with 2 ,3 companies how you do he have budget of 25k ad budget looking for sales in Race course area shared to share cost - cb','','2025-03-14',1,967,12,NULL,14,358,NULL,'Call',NULL),(428,'2025-03-15 05:30:00.000000','he said our work was a little bit outdated. I asked him for a reference site for design aspects','','2025-03-17',1,290,11,NULL,14,218,NULL,'Call',NULL),(429,'2025-03-15 08:30:00.000000','meeting with them, me and Venkat. they asked for prelaunch and 3-month results. 17.03.25 The meeting at 2 pm is fixed with Subbu sir.','','2025-03-17',1,434,11,NULL,14,306,NULL,'Meeting',NULL),(430,NULL,'Client asked for plan document with commercials to present it to the management , then we can talk about meeting','','2025-03-17',1,967,12,NULL,14,358,NULL,'Call',NULL),(431,NULL,'17/03/2025 , 13/03/2025-NA','','2025-03-17',1,968,12,NULL,14,359,NULL,'Call',NULL),(432,NULL,'NA','','2025-03-17',1,940,12,NULL,14,356,NULL,'Call',NULL),(433,NULL,'NA','','2025-03-17',1,542,12,NULL,14,309,NULL,'Call',NULL),(434,NULL,'follow up on WA','','2025-03-17',1,1019,11,NULL,1,360,NULL,'Call',NULL),(435,NULL,NULL,'','2025-03-17',1,1019,11,NULL,1,NULL,443,NULL,4),(436,'2025-03-17 08:30:00.000000','17.03.25	meeting with them me & subbu sir & mani sir','','2025-03-17',1,434,11,NULL,14,306,NULL,'Meeting',NULL),(437,NULL,'17/03/2025- shared plan and commercials he will discuss with MD and update for meeting . 14/03/2025- spoke with the team and the clients shared cost client told will check with owner and get back will meet if needed , spoke with 2 ,3 companies how you do he have budget of 25k ad budget looking for sales in Race course area shared to share cost - cb , spoke with 2 ,3 companies how you do he have budget of 25k ad budget looking for sales in Race course area shared to share cost - cb','','2025-03-17',1,542,12,NULL,14,309,NULL,'Call',NULL),(438,NULL,'17.03.25	follow him on WA, No response DP seems his wedding','','2025-03-17',1,542,11,NULL,14,309,NULL,'Call',NULL),(439,NULL,NULL,'','2025-03-18',1,287,11,NULL,1,NULL,197,NULL,4),(440,NULL,NULL,'','2025-03-18',1,565,11,NULL,1,NULL,389,NULL,4),(441,NULL,'asked for a time availability to have a call with Senior person he told to call tomorrow after 11. 30 am','','2025-03-18',1,968,12,NULL,14,359,NULL,'Call',NULL),(442,NULL,'NA','','2025-03-18',1,940,12,NULL,14,356,NULL,'Call',NULL),(443,NULL,'Requirements in Brochure','','2025-03-18',1,1249,18,NULL,1,361,NULL,'Call',NULL),(444,NULL,'he asked for branding DM SMno website for now he stuck in expo after 26 will can have a talk','','2025-03-18',1,1251,12,NULL,1,362,NULL,'Call',NULL),(445,NULL,'he do everthing as whole , doing good in leads , he say how you work different from he spends 2500 per day for ads and get good leads 2000 leads per day .','','2025-03-18',1,1252,12,NULL,1,363,NULL,'Call',NULL),(446,NULL,'Mr satish is on leave asked to call tom morning','','2025-03-19',1,967,12,NULL,14,358,NULL,'Call',NULL),(447,NULL,'NA','','2025-03-19',1,940,12,NULL,14,356,NULL,'Call',NULL),(448,NULL,'19.03.25 meeting him asked about Corporate video & Logo, website, visited his factory','','2025-03-20',1,1326,11,11,1,364,NULL,'Call',NULL),(449,'2025-03-19 04:30:00.000000','19.03.25	tomorrow call & come','','2025-03-20',1,1249,11,NULL,14,361,NULL,'Call',NULL),(450,'2025-03-20 04:30:00.000000','20.03.25 he asked to meet 12pm at Vedapatti location','','2025-03-20',1,1249,11,NULL,14,361,NULL,'Call',NULL),(451,NULL,'20.03.25 meeting client & visited factory','','2025-03-20',1,1326,11,NULL,14,364,NULL,'Meeting',NULL),(452,NULL,'He will call','','2025-03-20',1,288,18,NULL,14,217,NULL,'Call',NULL),(453,NULL,'he have discussed with his partner , will give you update further','','2025-03-20',1,1252,12,NULL,14,363,NULL,'Call',NULL),(454,NULL,'they told to cb after 6 satish is not there','','2025-03-20',1,967,12,NULL,14,358,NULL,'Call',NULL),(455,NULL,'NA','','2025-03-20',1,542,12,NULL,14,309,NULL,'Call',NULL),(456,NULL,'called sivaranjani didn\'t picked , then received call from landline soundariya that management will update after a week','','2025-03-20',1,565,12,NULL,14,310,NULL,'Call',NULL),(457,NULL,'shyam already did Social Media 2x result asked how you do need to share details and watsup quote , he will give his Social media person number - sham to talk hhandles social media - shym didn\'t picked - cb','','2025-03-20',1,1044,12,NULL,1,365,NULL,'Call',NULL),(458,NULL,'Meeting Done by 20/03/2025','','2025-03-20',1,1249,18,NULL,14,361,NULL,'Call',NULL),(459,'2025-03-20 06:30:00.000000','20.03.25 meeting him, asked catalogue & sent him a proposal','','2025-03-21',1,1249,11,NULL,14,361,NULL,'Meeting',NULL),(460,NULL,'he asked for a Newsletter once a month, CSR activities updates in website','','2025-03-21',1,1299,11,11,1,366,NULL,'Call',NULL),(461,NULL,NULL,'','2025-03-21',1,1299,11,NULL,1,NULL,449,NULL,4),(462,'2025-03-20 12:30:00.000000','20.03.25	proposal sent for LinkedIn marketing , blogs','','2025-03-21',1,1299,11,NULL,14,366,NULL,'Call',NULL),(463,NULL,NULL,'','2025-03-21',1,1326,11,NULL,1,NULL,447,NULL,29),(464,NULL,NULL,'','2025-03-21',1,1249,11,NULL,1,NULL,444,NULL,29),(465,NULL,'Proposal Shared(Brochures) 20/03/2025','','2025-03-21',1,1249,18,NULL,14,361,NULL,'Meeting',NULL),(466,NULL,'Proposal Shared (Brochures) 20/03/2025','','2025-03-21',1,1249,18,NULL,14,361,NULL,'Meeting',NULL),(467,NULL,NULL,'','2025-03-21',1,1249,11,NULL,1,NULL,444,NULL,4),(468,'2025-03-21 10:00:00.000000','21.03.25 discussed with her prelaunch proposal & informed to mani sir','','2025-03-22',1,434,11,NULL,14,306,NULL,'Call',NULL),(469,NULL,'they told satish is busy , he will CB','','2025-03-24',1,967,12,NULL,14,358,NULL,'Call',NULL),(470,NULL,'NA','','2025-03-24',1,968,12,NULL,14,359,NULL,'Call',NULL),(471,NULL,'He will update by himself , yet to talk to partner if he said ok with am doing so let me ask and  update','','2025-03-24',1,1252,12,NULL,14,363,NULL,'Call',NULL),(472,NULL,'NA','','2025-03-24',1,940,12,NULL,14,356,NULL,'Call',NULL),(473,'2025-03-24 06:30:00.000000','24.03.25 	not ans , Voice mail asked','','2025-03-24',1,1249,11,NULL,14,361,NULL,'Call',NULL),(474,'2025-03-23 18:30:00.000000','24.03.25	he will review & update','','2025-03-24',1,1299,11,NULL,14,366,NULL,'Call',NULL),(475,'2025-03-24 06:00:00.000000','24.03.25	 Indurekha	asked meeting time and person details tomorrow\'s scheduled','','2025-03-24',1,434,11,NULL,14,306,NULL,'Call',NULL),(476,NULL,'Meeting done , client will discuss with his Management and we need to pitch for meet to management level and share plan and proposal','','2025-03-25',1,1044,12,NULL,14,365,NULL,'Call',NULL),(477,NULL,'he spoke with the team , MD is not available he will discuss with him tom itself for approval and update by tom evening','','2025-03-25',1,967,12,NULL,14,358,NULL,'Call',NULL),(478,'2025-03-25 10:30:00.000000','25.03.25	he will update 2 days after','','2025-03-26',1,1249,11,NULL,14,361,NULL,'Call',NULL),(479,'2025-03-25 05:30:00.000000','25.03.25	me & mani sir meeting with them on 26.03.25 will pay the advance','','2025-03-26',1,434,11,NULL,14,306,NULL,'Meeting',NULL),(480,NULL,'proposal share for E commerce website .','','2025-03-26',1,1608,12,NULL,1,367,NULL,'Call',NULL),(481,NULL,NULL,'','2025-03-26',1,1608,11,NULL,1,NULL,450,NULL,4),(482,'2025-03-23 10:00:00.000000','23.03.25 he called me & updated will make payment on 24.03.25 but not yet done .','','2025-03-26',1,1608,11,NULL,14,367,NULL,'Call',NULL),(483,'2025-03-25 04:30:00.000000','25.03.25 remind him on WA','','2025-03-26',1,1608,11,NULL,14,367,NULL,'Call',NULL),(484,NULL,'she have gone through the presentation. We\'ll get back when there is a requirement.','','2025-03-26',1,1610,12,NULL,1,368,NULL,'Call',NULL),(485,NULL,'Requirements in DM Details Shared','','2025-03-26',1,1250,18,NULL,1,369,NULL,'Call',NULL),(486,'2025-03-26 06:00:00.231000','26.03.25	 G meeting with her and asked E commerce and the DM plan next meet will arrange with team','','2025-03-26',1,1250,11,NULL,14,369,NULL,'Meeting',NULL),(487,NULL,NULL,'','2025-03-26',1,1250,11,NULL,1,NULL,452,NULL,29),(488,NULL,'owner is out of station , yet meet directly will check and dupdate in 2 days','','2025-03-26',1,1044,12,NULL,14,365,NULL,'Call',NULL),(489,'2025-03-25 18:30:00.000000','26.03.25 not ans','','2025-03-26',1,290,11,NULL,14,218,NULL,'Call',NULL),(490,NULL,'26/03/2025- he told he will cb after 15 mins ,','','2025-03-26',1,1251,12,NULL,14,362,NULL,'Call',NULL),(491,NULL,'NA','','2025-03-27',1,940,12,NULL,14,356,NULL,'Call',NULL),(492,NULL,NULL,'','2025-04-01',1,1785,24,NULL,1,370,NULL,'Call',NULL),(493,'2025-04-02 06:00:00.000000','Had discussion directly regarding their projects and process. Need to share proposal for complete branding like Logo, website, DM. Need to have an another meeting once proposal is ready.','','2025-04-01',1,1785,24,NULL,14,370,NULL,'Meeting',NULL),(494,NULL,'He is interested in Logo and website development services for Elico.','','2025-04-01',1,1786,24,13,1,371,NULL,'Call',NULL),(495,'2025-03-31 18:30:00.000000','Have sent a followup mail and need to share the proposal for logo design todayb before EOD','','2025-04-01',1,1786,24,NULL,14,371,NULL,'Email',NULL),(496,NULL,'20/03/2025- busy in working days can you call me saturday will dsicuss , 11/03/2025- Sanskar asked to share proposal for static website and watsupp marketing -cb ,he gave number ajay , ajay gave number of sanskar he told he looking for website share me your detials will cehck and get back','','2025-04-01',1,516,12,NULL,1,372,NULL,'Call',NULL),(497,NULL,NULL,'','2025-04-02',1,434,11,NULL,1,NULL,320,NULL,34),(498,'2025-03-27 10:30:00.000000','27.03.25 Cash has received','','2025-04-02',1,434,11,NULL,14,306,NULL,'Meeting',NULL),(499,'2025-03-25 10:00:00.000000','25.03.25	he called on sunday & monday will do advance but no response till , follow up him on WA','','2025-04-02',1,1608,11,NULL,14,367,NULL,'Call',NULL),(500,'2025-03-27 06:30:00.000000','27.03.25	she will update once MD ask means','','2025-04-02',1,565,11,NULL,14,310,NULL,'Call',NULL),(501,'2025-03-28 05:30:00.000000','28.03.25 He is busy with year-end work. He will discuss this later. \n27.03.25 	not ans','','2025-04-02',1,1299,11,NULL,14,366,NULL,'Call',NULL),(502,'2025-04-01 18:30:00.000000','02.04.25	photo shoot going on , this weekend will update','','2025-04-02',1,1249,11,NULL,14,361,NULL,'Call',NULL),(503,'2025-04-02 11:00:00.000000','02.04.25	he will pay advance once he get money into his account','','2025-04-02',1,1608,11,NULL,14,367,NULL,'Call',NULL),(504,'2025-04-02 10:30:00.000000','02.04.25 afternoon had spoken with him; he asked ssl & hosting charges and mentioned proposal shared him','','2025-04-02',1,290,11,NULL,14,218,NULL,'Call',NULL),(505,NULL,NULL,'','2025-04-02',1,292,11,NULL,1,NULL,200,NULL,35),(506,NULL,'Client told will start april 2 nd week','','2025-04-02',1,1788,12,NULL,1,373,NULL,'Call',NULL),(507,NULL,'spoke to Mr kannnan , he told he \'s the manager and satish is on leave he is not well so , he didn\'t told me about the DM plan he wil check with satish and get back .','','2025-04-03',1,967,12,NULL,14,358,NULL,'Call',NULL),(508,NULL,'11/03/2025- NA , 24/12- NA , 23/12/2-024- asked for a meeting tom team will have a call initially , they want website asked to share portfolio , he will check will the MD and told MD lives in Cbe will meet - follow up','','2025-04-03',1,1111,12,NULL,1,374,NULL,'Call',NULL),(509,'2025-04-02 04:30:00.000000','02.04.25 He asked for a static site proposal; I shared it with him the the same day. He will update once it is discussed with MD','','2025-04-03',1,1111,11,NULL,14,374,NULL,'Call',NULL),(510,NULL,NULL,'','2025-04-03',1,1788,11,NULL,1,NULL,456,NULL,4),(511,'2025-04-02 05:30:00.000000','02.04.25	not ans','','2025-04-03',1,1788,11,NULL,14,373,NULL,'Call',NULL),(512,NULL,'client told have your number saved will definitely get back when we have plans to do branding','','2025-04-03',1,1251,12,NULL,14,362,NULL,'Call',NULL),(513,NULL,'MR kannan told will cb in 10 mins','','2025-04-04',1,967,12,NULL,14,358,NULL,'Call',NULL),(514,'2025-04-03 11:30:00.000000','03.04.25	Praveen spoke with me, asked for an update, and forwarded it to Subbu, sir','','2025-04-04',1,1326,11,NULL,14,364,NULL,'Call',NULL),(515,NULL,NULL,'','2025-04-04',1,1111,11,NULL,1,NULL,457,NULL,4),(516,NULL,NULL,'','2025-04-05',1,968,11,NULL,1,NULL,442,NULL,40),(517,NULL,NULL,'','2025-04-05',1,542,11,NULL,1,NULL,388,NULL,4),(518,NULL,NULL,'','2025-04-05',1,388,12,NULL,1,NULL,387,NULL,4),(521,NULL,'he\'s launching new baby wear brand he want to check his market research , he asked to share cost projection ,shared,','','2025-04-05',1,1866,12,NULL,1,376,NULL,'Call',NULL),(522,NULL,'he said his partner hold this work , he will update when there is plan','','2025-04-05',1,1252,12,NULL,14,363,NULL,'Call',NULL),(523,NULL,'NA','','2025-04-05',1,1252,12,NULL,14,363,NULL,'Call',NULL),(524,NULL,NULL,'','2025-04-05',1,266,18,NULL,1,NULL,461,NULL,37),(525,NULL,'satish told he will update by today evening','','2025-04-05',1,967,12,NULL,14,358,NULL,'Call',NULL),(526,NULL,'line busy','','2025-04-05',1,542,12,NULL,14,309,NULL,'Call',NULL),(527,NULL,'Requirements in DM Details shared','','2025-04-05',1,1578,18,NULL,1,377,NULL,'Call',NULL),(528,'2025-04-07 05:00:00.000000','On Monday at 10.30 am, he asked to meet his team at the Thekkalur factory address for DM.','','2025-04-05',1,1578,11,NULL,14,377,NULL,'Meeting',NULL),(529,NULL,'he came office today only , will discuss and update you by tom evening','','2025-04-07',1,1111,12,NULL,14,374,NULL,'Call',NULL),(530,NULL,'Na','','2025-04-07',1,967,12,NULL,14,358,NULL,'Call',NULL),(531,NULL,'he told have requirement of websites , he was running busy will check and get back','','2025-04-07',1,1945,12,NULL,1,378,NULL,'Call',NULL),(532,NULL,'03/04/2025- NA , 02/04/2025- sir is out she will cb after come ask what all you do branding , developing , asked to share portfolio','','2025-04-07',1,1739,12,NULL,1,379,NULL,'Call',NULL),(533,NULL,NULL,'','2025-04-08',1,1578,11,NULL,1,NULL,462,NULL,4),(534,'2025-04-07 05:00:00.000000','02.04.25	till date  photo shoot is going on; he will update','','2025-04-08',1,1299,11,NULL,14,366,NULL,'Call',NULL),(535,NULL,'NA','','2025-04-08',1,1947,12,NULL,14,309,NULL,'Call',NULL),(536,NULL,'they told plan is now on hold , renovation & price changes  are  going on , got qoute from 2 3 agencies shared yours also to the management , when have plans will update you','','2025-04-08',1,967,12,NULL,14,358,NULL,'Call',NULL),(537,NULL,'He was for a week , will return tom , asked to call day after tom .','','2025-04-08',1,1945,12,NULL,14,378,NULL,'Call',NULL),(538,NULL,'NA','','2025-04-09',1,388,12,NULL,14,308,NULL,'Call',NULL),(539,NULL,'NA','','2025-04-09',1,1788,12,NULL,14,373,NULL,'Call',NULL),(540,NULL,'NA','','2025-04-09',1,1111,12,NULL,14,374,NULL,'Call',NULL),(541,NULL,'NA - HR -Shivaranjani','','2025-04-09',1,565,12,NULL,14,310,NULL,'Call',NULL),(542,NULL,'sneha called back she told Shruthi is out of india for a month when she comes or update Anything from there will update you ,asked for appointment when shruthi  is available inn the office','','2025-04-09',1,565,12,NULL,14,310,NULL,'Call',NULL),(543,NULL,'he asked for2 female  influencer in 50K, discussed with the DM team suggested outline plan , shym told he will check with management and let us know .','','2025-04-09',1,1044,12,NULL,14,365,NULL,'Call',NULL),(544,NULL,'discussed with DM team , discussed features of shopify platform with the client , he told will update','','2025-04-09',1,1739,12,NULL,14,379,NULL,'Call',NULL),(545,NULL,'NA','','2025-04-09',1,940,12,NULL,14,356,NULL,'Call',NULL),(546,NULL,'NA','','2025-04-09',1,968,12,NULL,14,359,NULL,'Call',NULL),(547,NULL,NULL,'','2025-04-09',1,1326,11,NULL,1,NULL,447,NULL,4),(548,NULL,'proposal walk through given, he will update','','2025-04-09',1,2003,11,NULL,1,380,NULL,'Call',NULL),(549,NULL,NULL,'','2025-04-09',1,2003,11,NULL,1,NULL,465,NULL,4),(550,NULL,'NA , dropped  msg','','2025-04-10',1,1945,12,NULL,14,378,NULL,'Call',NULL),(551,NULL,'NA','','2025-04-10',1,1947,12,NULL,14,309,NULL,'Call',NULL),(552,NULL,'NA','','2025-04-11',1,1945,12,NULL,14,378,NULL,'Call',NULL),(553,NULL,'NA','','2025-04-11',1,1947,12,NULL,14,309,NULL,'Call',NULL),(554,NULL,'told him cost and how we work , he said will check and update -cb','','2025-04-11',1,2094,12,NULL,1,381,NULL,'Call',NULL),(555,NULL,'NA','','2025-04-11',1,2094,12,NULL,14,381,NULL,'Call',NULL),(556,NULL,'Cbd tom','','2025-04-11',1,2094,12,NULL,14,381,NULL,'Call',NULL),(557,NULL,'Na , dropped msg , he told their machinery setup is going on they will update when there is a plan','','2025-04-11',1,388,12,NULL,14,308,NULL,'Call',NULL),(558,NULL,'their direct export work is going on , will get back to you definitely , will take some time','','2025-04-12',1,1111,12,NULL,14,374,NULL,'Call',NULL),(559,NULL,NULL,'','2025-04-15',1,1578,18,NULL,1,NULL,467,NULL,36),(560,NULL,NULL,'','2025-04-15',1,1578,11,NULL,1,NULL,467,NULL,35),(561,NULL,NULL,'','2025-04-15',1,1299,11,NULL,1,NULL,449,NULL,40),(562,NULL,'he will discuss with team and get back','','2025-04-15',1,1739,12,NULL,14,379,NULL,'Call',NULL),(563,NULL,'he asked for profiles of influencers , told after onboard we can discuss further then he told will talk to management and get back','','2025-04-15',1,1044,12,NULL,14,365,NULL,'Call',NULL),(564,NULL,'NA','','2025-04-15',1,1945,12,NULL,14,378,NULL,'Call',NULL),(565,'2025-04-16 04:30:00.000000','16.04.25	Praveen	he will speak Mr. Dinesh & update \n15.04.25	Karthick Purchase	he asked final price \n08.04.25	Praveen	he is on leave','','2025-04-17',1,1326,11,NULL,14,364,NULL,'Call',NULL),(566,'2025-04-16 07:30:00.000000','16.04.25	revised proposal sent him \n15.04.25	he asked the final price gave him','','2025-04-17',1,290,11,NULL,14,218,NULL,'Call',NULL),(567,'2025-04-15 05:00:00.000000','15.04.25	MD reject the proposal','','2025-04-17',1,1578,11,NULL,14,377,NULL,'Call',NULL),(568,'2025-04-16 09:30:00.000000','16.04.25 Indurekha	she asking alternative solutions for data scraping and telecallers','','2025-04-17',1,434,11,NULL,14,306,NULL,'Call',NULL),(569,NULL,'15/04/2025- asked to do watsup he was busy ,1/04/2025 -line busy , asked to share details -cb','','2025-04-17',1,1730,12,NULL,1,382,NULL,'Call',NULL),(570,NULL,'need some time. Due to trump  Tariff issues, we are busy with shipments.  Will get back','','2025-04-17',1,1730,12,NULL,14,382,NULL,'Call',NULL),(571,NULL,'16/04/2025- he need social media organic , photo shoot and website handle ,','','2025-04-17',1,2303,12,NULL,14,376,NULL,'Call',NULL),(572,NULL,'have plans to open branch in city , asked for lead generation and SEo cost , she check witht the team and get back - cb','','2025-04-17',1,2215,12,NULL,1,383,NULL,'Call',NULL),(573,NULL,'NA','','2025-04-17',1,2215,12,NULL,14,383,NULL,'Call',NULL),(574,NULL,'Sri Hari devaraj disconnected the call after intro','','2025-04-17',1,1044,12,NULL,14,365,NULL,'Call',NULL),(575,NULL,'17/04/- inputs gathered ,','','2025-04-21',1,2303,12,NULL,14,376,NULL,'Call',NULL),(576,NULL,'Line busy','','2025-04-21',1,2215,12,NULL,14,383,NULL,'Call',NULL),(577,NULL,'NA','','2025-04-22',1,1044,12,NULL,14,365,NULL,'Call',NULL),(578,NULL,'NA','','2025-04-22',1,1739,12,NULL,14,379,NULL,'Call',NULL),(579,NULL,'He will give one more number to talk further','','2025-04-22',1,1945,12,NULL,14,378,NULL,'Call',NULL),(580,NULL,'he tected i will contact if i need anything','','2025-04-22',1,1947,12,NULL,14,309,NULL,'Call',NULL),(581,NULL,'NA','','2025-04-22',1,1788,12,NULL,14,373,NULL,'Call',NULL),(582,NULL,'NA','','2025-04-23',1,2215,12,NULL,14,383,NULL,'Call',NULL),(583,NULL,'Line busy','','2025-04-23',1,1945,12,NULL,14,378,NULL,'Call',NULL),(584,NULL,NULL,'','2025-04-24',1,2003,11,NULL,1,NULL,465,NULL,35),(585,NULL,NULL,'','2025-04-24',1,1578,11,NULL,1,NULL,462,NULL,35),(586,NULL,NULL,'','2025-04-24',1,1788,11,NULL,1,NULL,456,NULL,40),(587,NULL,NULL,'','2025-04-24',1,587,11,NULL,1,NULL,416,NULL,40);
/*!40000 ALTER TABLE `lead_log` ENABLE KEYS */;
UNLOCK TABLES;

--
-- Table structure for table `lead_note`
--

DROP TABLE IF EXISTS `lead_note`;
/*!40101 SET @saved_cs_client     = @@character_set_client */;
/*!50503 SET character_set_client = utf8mb4 */;
CREATE TABLE `lead_note` (
  `id` bigint(20) NOT NULL AUTO_INCREMENT,
  `note` longtext DEFAULT NULL,
  `note_on` date NOT NULL,
  `note_by_id` int(11) NOT NULL,
  `opportunity_id` bigint(20) NOT NULL,
  PRIMARY KEY (`id`),
  KEY `lead_note_note_by_id_e038fdf1_fk_auth_user_id` (`note_by_id`),
  KEY `lead_note_opportunity_id_f9d1a71e_fk_lead_opportunity_id` (`opportunity_id`),
  CONSTRAINT `lead_note_note_by_id_e038fdf1_fk_auth_user_id` FOREIGN KEY (`note_by_id`) REFERENCES `auth_user` (`id`),
  CONSTRAINT `lead_note_opportunity_id_f9d1a71e_fk_lead_opportunity_id` FOREIGN KEY (`opportunity_id`) REFERENCES `lead_opportunity` (`id`)
) ENGINE=InnoDB AUTO_INCREMENT=62 DEFAULT CHARSET=utf8mb4 COLLATE=utf8mb4_unicode_ci;
/*!40101 SET character_set_client = @saved_cs_client */;

--
-- Dumping data for table `lead_note`
--

LOCK TABLES `lead_note` WRITE;
/*!40000 ALTER TABLE `lead_note` DISABLE KEYS */;
INSERT INTO `lead_note` VALUES (61,'Sample Note\n','2024-11-15',12,113);
/*!40000 ALTER TABLE `lead_note` ENABLE KEYS */;
UNLOCK TABLES;

--
-- Table structure for table `lead_notification`
--

DROP TABLE IF EXISTS `lead_notification`;
/*!40101 SET @saved_cs_client     = @@character_set_client */;
/*!50503 SET character_set_client = utf8mb4 */;
CREATE TABLE `lead_notification` (
  `id` bigint(20) NOT NULL AUTO_INCREMENT,
  `message` longtext NOT NULL,
  `created_at` datetime(6) NOT NULL,
  `is_read` tinyint(1) NOT NULL,
  `receiver_id` int(11) NOT NULL,
  `conversation_id` bigint(20) DEFAULT NULL,
  `lead_id` bigint(20) DEFAULT NULL,
  `opportunity_id` bigint(20) DEFAULT NULL,
  `task_id` bigint(20) DEFAULT NULL,
  `type` varchar(20) DEFAULT NULL,
  `assigned_by_id` int(11) NOT NULL,
  `contact_id` bigint(20) DEFAULT NULL,
  PRIMARY KEY (`id`),
  KEY `lead_notification_receiver_id_6d3e26b5_fk_auth_user_id` (`receiver_id`),
  KEY `lead_notification_conversation_id_523b96a6_fk_lead_task` (`conversation_id`),
  KEY `lead_notification_lead_id_06a1065e_fk_lead_lead_id` (`lead_id`),
  KEY `lead_notification_opportunity_id_864f6e5b_fk_lead_opportunity_id` (`opportunity_id`),
  KEY `lead_notification_task_id_827de4fa_fk_lead_task_id` (`task_id`),
  KEY `lead_notification_assigned_by_id_9600b893_fk_auth_user_id` (`assigned_by_id`),
  KEY `lead_notification_contact_id_ebd1c006_fk_lead_contact_id` (`contact_id`),
  CONSTRAINT `lead_notification_assigned_by_id_9600b893_fk_auth_user_id` FOREIGN KEY (`assigned_by_id`) REFERENCES `auth_user` (`id`),
  CONSTRAINT `lead_notification_contact_id_ebd1c006_fk_lead_contact_id` FOREIGN KEY (`contact_id`) REFERENCES `lead_contact` (`id`),
  CONSTRAINT `lead_notification_conversation_id_523b96a6_fk_lead_task` FOREIGN KEY (`conversation_id`) REFERENCES `lead_taskconversationlog` (`id`),
  CONSTRAINT `lead_notification_lead_id_06a1065e_fk_lead_lead_id` FOREIGN KEY (`lead_id`) REFERENCES `lead_lead` (`id`),
  CONSTRAINT `lead_notification_opportunity_id_864f6e5b_fk_lead_opportunity_id` FOREIGN KEY (`opportunity_id`) REFERENCES `lead_opportunity` (`id`),
  CONSTRAINT `lead_notification_receiver_id_6d3e26b5_fk_auth_user_id` FOREIGN KEY (`receiver_id`) REFERENCES `auth_user` (`id`),
  CONSTRAINT `lead_notification_task_id_827de4fa_fk_lead_task_id` FOREIGN KEY (`task_id`) REFERENCES `lead_task` (`id`)
) ENGINE=InnoDB AUTO_INCREMENT=442 DEFAULT CHARSET=utf8mb4 COLLATE=utf8mb4_unicode_ci;
/*!40101 SET character_set_client = @saved_cs_client */;

--
-- Dumping data for table `lead_notification`
--

LOCK TABLES `lead_notification` WRITE;
/*!40000 ALTER TABLE `lead_notification` DISABLE KEYS */;
INSERT INTO `lead_notification` VALUES (317,'DM Member assigned to a new lead: \'MRS Sports Academy\'.','2025-03-12 05:32:40.833078',0,10,NULL,339,NULL,NULL,'Lead',16,NULL),(318,'DM Member assigned to a new lead: \'MRS Sports Academy\'.','2025-03-12 05:33:24.998668',0,10,NULL,339,NULL,NULL,'Lead',16,NULL),(319,'DM Member assigned to a new lead: \'MRS Sports Academy\'.','2025-03-12 05:35:10.965695',0,10,NULL,339,NULL,NULL,'Lead',16,NULL),(320,'DM Member assigned to a new lead: \'New day Inner wears\'.','2025-03-12 05:37:05.765853',0,11,NULL,337,NULL,NULL,'Lead',16,NULL),(321,'DM Member assigned to a new lead: \'Boutique singanullur\'.','2025-03-12 05:37:13.855030',0,11,NULL,336,NULL,NULL,'Lead',16,NULL),(322,'DM Member assigned to a new lead: \'Brandcrew Aviation Academy\'.','2025-03-12 05:37:21.096913',0,11,NULL,334,NULL,NULL,'Lead',16,NULL),(323,'DM Member assigned to a new lead: \'V.i.p digital medias\'.','2025-03-12 05:37:33.329768',0,11,NULL,333,NULL,NULL,'Lead',16,NULL),(324,'DM Member assigned to a new lead: \'Phoenix Tutorial , Rajasthan\'.','2025-03-12 05:37:43.869251',0,11,NULL,332,NULL,NULL,'Lead',16,NULL),(325,'DM Member assigned to a new lead: \'Student\'.','2025-03-12 05:37:50.850654',0,11,NULL,331,NULL,NULL,'Lead',16,NULL),(326,'DM Member assigned to a new lead: \'Student\'.','2025-03-12 05:38:05.463543',0,11,NULL,331,NULL,NULL,'Lead',16,NULL),(327,'DM Member assigned to a new lead: \'Kids collection\'.','2025-03-12 05:38:13.784129',0,11,NULL,330,NULL,NULL,'Lead',16,NULL),(328,'DM Member assigned to a new lead: \'Kids collection\'.','2025-03-12 05:38:18.824446',0,11,NULL,330,NULL,NULL,'Lead',16,NULL),(329,'DM Member assigned to a new lead: \'Cascade Influencers LLP\'.','2025-03-12 05:42:20.325936',0,11,NULL,329,NULL,NULL,'Lead',16,NULL),(330,'DM Member assigned to a new lead: \'Cascade Influencers LLP\'.','2025-03-12 05:43:17.458857',0,11,NULL,329,NULL,NULL,'Lead',16,NULL),(331,'DM Member assigned to a new lead: \'One Step\'.','2025-03-12 05:44:05.458127',0,11,NULL,328,NULL,NULL,'Lead',16,NULL),(332,'DM Member assigned to a new lead: \'SOZO EDURISE\'.','2025-03-12 05:44:25.109419',0,11,NULL,327,NULL,NULL,'Lead',16,NULL),(333,'DM Member assigned to a new lead: \'gho paints\'.','2025-03-12 05:44:33.530803',0,11,NULL,326,NULL,NULL,'Lead',16,NULL),(334,'DM Member assigned to a new lead: \'THE TILE STORE - chennai\'.','2025-03-12 05:44:40.656267',0,11,NULL,325,NULL,NULL,'Lead',16,NULL),(335,'DM Member assigned to a new lead: \'Self-employed\'.','2025-03-12 05:45:23.745563',0,11,NULL,324,NULL,NULL,'Lead',16,NULL),(336,'DM Member assigned to a new lead: \'Chennai\'.','2025-03-12 05:45:31.054834',0,11,NULL,323,NULL,NULL,'Lead',16,NULL),(337,'DM Member assigned to a new lead: \'Sathyam Developers Madurai\'.','2025-03-12 05:45:37.658383',0,11,NULL,322,NULL,NULL,'Lead',16,NULL),(338,'DM Member assigned to a new lead: \'New day Inner wears\'.','2025-03-12 05:46:52.519979',0,11,NULL,337,NULL,NULL,'Lead',11,NULL),(339,'DM Member assigned to a new lead: \'Sathyam Developers Madurai\'.','2025-03-12 05:47:40.641917',0,11,NULL,322,NULL,NULL,'Lead',16,NULL),(340,'DM Member assigned to a new lead: \'Kovinterior, Gujarat\'.','2025-03-12 05:47:49.745358',0,11,NULL,321,NULL,NULL,'Lead',16,NULL),(341,'DM Member assigned to a new lead: \'REGULAR RELATION Kol\'.','2025-03-12 05:48:10.955344',0,11,NULL,320,NULL,NULL,'Lead',16,NULL),(342,'DM Member assigned to a new lead: \'Prakruthi Farmlands -  Andhra\'.','2025-03-12 05:48:20.955392',0,11,NULL,319,NULL,NULL,'Lead',16,NULL),(343,'DM Member assigned to a new lead: \'doctor Gujarat\'.','2025-03-12 05:48:28.916511',0,11,NULL,318,NULL,NULL,'Lead',16,NULL),(344,'DM Member assigned to a new lead: \'Sumukha Farm Products Pvt Ltd\'.','2025-03-12 05:48:47.158781',0,11,NULL,317,NULL,NULL,'Lead',16,NULL),(345,'DM Member assigned to a new lead: \'Yellow Bird Homes, Ahmedabad\'.','2025-03-12 05:48:54.802883',0,11,NULL,316,NULL,NULL,'Lead',16,NULL),(346,'DM Member assigned to a new lead: \'New Shreedurga Bastralay, West bengal\'.','2025-03-12 05:49:03.358308',0,11,NULL,315,NULL,NULL,'Lead',16,NULL),(347,'DM Member assigned to a new lead: \'Godgifthealthcare , Haryana,\'.','2025-03-12 05:49:10.685013',0,11,NULL,314,NULL,NULL,'Lead',16,NULL),(348,'DM Member assigned to a new lead: \'Clovecart\'.','2025-03-12 05:49:18.004454',0,11,NULL,313,NULL,NULL,'Lead',16,NULL),(349,'DM Member assigned to a new lead: \'Pushpak Refrigeration Centre, Chennai\'.','2025-03-12 05:49:30.148232',0,11,NULL,312,NULL,NULL,'Lead',16,NULL),(350,'DM Member assigned to a new lead: \'my own business\'.','2025-03-12 05:50:16.446734',0,11,NULL,311,NULL,NULL,'Lead',16,NULL),(363,'Kiruthiga S assigned to a new lead: \'Meenus\'.','2025-03-12 08:44:47.924877',0,11,NULL,346,NULL,NULL,'Lead',18,NULL),(365,'DM Member assigned to a new lead: \'HealthLink\'.','2025-03-12 09:05:44.939649',0,11,NULL,335,NULL,NULL,'Lead',16,NULL),(366,'DM Member assigned to a new lead: \'MK Creations\'.','2025-03-12 09:07:27.751435',0,11,NULL,348,NULL,NULL,'Lead',16,NULL),(367,'DM Member assigned to a new lead: \'Jeevi arts\'.','2025-03-12 09:09:11.564866',0,11,NULL,349,NULL,NULL,'Lead',16,NULL),(369,'DM Member assigned to a new lead: \'Jeevi arts\'.','2025-03-12 09:12:07.272089',0,11,NULL,349,NULL,NULL,'Lead',11,NULL),(370,'DM Member assigned to a new lead: \'MK Creations\'.','2025-03-12 09:13:01.130832',0,11,NULL,348,NULL,NULL,'Lead',11,NULL),(371,'DM Member assigned to a new lead: \'HealthLink\'.','2025-03-12 09:13:45.677425',0,10,NULL,335,NULL,NULL,'Lead',11,NULL),(374,'Ramu R created a new Opportunity: \'Digital Marketing\'.','2025-03-12 09:28:07.226152',0,11,NULL,NULL,433,NULL,'Opportunity',11,NULL),(376,'Ramu R changed the status of this Opportunity: \'Digital Marketing\'.','2025-03-12 09:44:11.601372',0,11,NULL,NULL,430,NULL,'Opportunity',11,NULL),(377,'Ramu R changed the status of this Opportunity: \'Social Media\'.','2025-03-12 09:45:42.792308',0,11,NULL,NULL,415,NULL,'Opportunity',11,NULL),(379,'admin a assigned to a new lead: \'Jasmine\'.','2025-03-12 11:13:00.566563',0,11,NULL,353,NULL,NULL,'Lead',1,NULL),(381,'admin a assigned to a new lead: \'Paperkraft\'.','2025-03-12 11:14:21.892768',0,11,NULL,354,NULL,NULL,'Lead',1,NULL),(390,'Kiruthiga S assigned to a new lead: \'ARUN HOSPITAL\'.','2025-03-13 05:21:06.161662',0,11,NULL,357,NULL,NULL,'Lead',18,NULL),(391,'Ramu R assigned to a new lead: \'Godawari home decor\'.','2025-03-17 12:10:50.962943',0,11,NULL,360,NULL,NULL,'Lead',11,NULL),(392,'Ramu R changed the status of this Opportunity: \'Web Design\'.','2025-03-17 12:12:27.728447',0,11,NULL,NULL,443,NULL,'Opportunity',11,NULL),(393,'Ramu R changed the status of this Opportunity: \'Web Design\'.','2025-03-18 04:38:34.834271',0,10,NULL,NULL,197,NULL,'Opportunity',11,NULL),(394,'Ramu R changed the status of this Opportunity: \'Web Design\'.','2025-03-18 04:48:13.012541',0,11,NULL,NULL,389,NULL,'Opportunity',11,NULL),(395,'Kiruthiga S assigned to a new lead: \'MAHENDRA SPRING TEK\'.','2025-03-18 12:11:39.319381',0,11,NULL,361,NULL,NULL,'Lead',18,NULL),(396,'Ramu R assigned to a new lead: \'Marks Engineering\'.','2025-03-20 04:59:44.391304',0,11,NULL,364,NULL,NULL,'Lead',11,NULL),(397,'Ramu R assigned to a new lead: \'Geena Garments Victus Dyeings\'.','2025-03-21 04:23:14.529904',0,11,NULL,366,NULL,NULL,'Lead',11,NULL),(398,'Ramu R changed the status of this Opportunity: \'Social Media\'.','2025-03-21 04:24:27.816202',0,11,NULL,NULL,449,NULL,'Opportunity',11,NULL),(399,'Ramu R changed the status of this Opportunity: \'Web Design\'.','2025-03-21 04:34:18.402119',0,11,NULL,NULL,447,NULL,'Opportunity',11,NULL),(400,'Ramu R changed the status of this Opportunity: \'Creatives\'.','2025-03-21 04:35:11.919048',0,11,NULL,NULL,444,NULL,'Opportunity',11,NULL),(401,'Ramu R changed the status of this Opportunity: \'Creatives\'.','2025-03-21 04:39:28.528756',0,11,NULL,NULL,444,NULL,'Opportunity',11,NULL),(402,'Dimple D assigned to a new lead: \'Ace KIng & Ace Queen\'.','2025-03-26 06:11:35.576881',0,11,NULL,367,NULL,NULL,'Lead',12,NULL),(403,'Ramu R changed the status of this Opportunity: \'Web Design\'.','2025-03-26 06:15:42.362644',0,11,NULL,NULL,450,NULL,'Opportunity',11,NULL),(404,'Kiruthiga S assigned to a new lead: \'Qualfis\'.','2025-03-26 10:17:03.161456',0,11,NULL,369,NULL,NULL,'Lead',18,NULL),(405,'Ramu R changed the status of this Opportunity: \'Digital Marketing\'.','2025-03-26 10:19:24.668173',0,11,NULL,NULL,452,NULL,'Opportunity',11,NULL),(406,'Venkateshan  assigned to a new lead: \'Elico\'.','2025-04-01 07:20:10.363097',0,24,NULL,371,NULL,NULL,'Lead',24,NULL),(423,'Ramu R changed the status of this Opportunity: \'Digital Marketing\'.','2025-04-02 04:15:49.031732',0,10,NULL,NULL,320,NULL,'Opportunity',11,NULL),(424,'Ramu R changed the status of this Opportunity: \'Social Media\'.','2025-04-02 10:51:44.498189',0,10,NULL,NULL,200,NULL,'Opportunity',11,NULL),(425,'Dimple D assigned to a new lead: \'Rk Exports\'.','2025-04-02 12:22:21.968061',0,11,NULL,373,NULL,NULL,'Lead',12,NULL),(426,'Dimple D assigned to a new lead: \'Theni Guru Krishna Textile Mills PvtLtd.\'.','2025-04-03 04:46:40.914847',0,11,NULL,374,NULL,NULL,'Lead',12,NULL),(427,'Ramu R changed the status of this Opportunity: \'Web Design\'.','2025-04-03 05:30:04.991695',0,11,NULL,NULL,456,NULL,'Opportunity',11,NULL),(428,'Ramu R changed the status of this Opportunity: \'Web Design\'.','2025-04-04 10:50:26.357367',0,11,NULL,NULL,457,NULL,'Opportunity',11,NULL),(429,'Ramu R changed the status of this Opportunity: \'Social Media\'.','2025-04-05 04:30:51.153268',0,11,NULL,NULL,442,NULL,'Opportunity',11,NULL),(430,'Ramu R changed the status of this Opportunity: \'Web Design\'.','2025-04-05 04:33:18.651564',0,11,NULL,NULL,388,NULL,'Opportunity',11,NULL),(433,'Kiruthiga S created a new Opportunity: \'Web Design\'.','2025-04-05 05:54:10.418470',0,11,NULL,NULL,461,NULL,'Opportunity',18,NULL),(434,'Ramu R changed the status of this Opportunity: \'Web Design\'.','2025-04-08 04:30:00.689622',0,11,NULL,NULL,462,NULL,'Opportunity',11,NULL),(435,'Ramu R changed the status of this Opportunity: \'Web Design\'.','2025-04-09 12:08:22.694219',0,11,NULL,NULL,447,NULL,'Opportunity',11,NULL),(436,'Kiruthiga S created a new Opportunity: \'Digital Marketing\'.','2025-04-15 05:48:27.570023',0,11,NULL,NULL,467,NULL,'Opportunity',18,NULL),(437,'Ramu R changed the status of this Opportunity: \'Digital Marketing\'.','2025-04-15 08:39:21.396902',0,11,NULL,NULL,467,NULL,'Opportunity',11,NULL),(438,'Ramu R changed the status of this Opportunity: \'Social Media\'.','2025-04-15 08:40:37.880847',0,11,NULL,NULL,449,NULL,'Opportunity',11,NULL),(439,'Ramu R changed the status of this Opportunity: \'Web Design\'.','2025-04-24 05:37:50.598116',0,11,NULL,NULL,462,NULL,'Opportunity',11,NULL),(440,'Ramu R changed the status of this Opportunity: \'Web Design\'.','2025-04-24 05:40:44.661297',0,11,NULL,NULL,456,NULL,'Opportunity',11,NULL),(441,'Ramu R changed the status of this Opportunity: \'Web Design\'.','2025-04-24 05:42:35.976414',0,11,NULL,NULL,416,NULL,'Opportunity',11,NULL);
/*!40000 ALTER TABLE `lead_notification` ENABLE KEYS */;
UNLOCK TABLES;

--
-- Table structure for table `lead_opportunity`
--

DROP TABLE IF EXISTS `lead_opportunity`;
/*!40101 SET @saved_cs_client     = @@character_set_client */;
/*!50503 SET character_set_client = utf8mb4 */;
CREATE TABLE `lead_opportunity` (
  `id` bigint(20) NOT NULL AUTO_INCREMENT,
  `name_id` bigint(20) NOT NULL,
  `note` longtext DEFAULT NULL,
  `opportunity_value` double DEFAULT NULL,
  `recurring_value_per_year` double DEFAULT NULL,
  `closing_date` date NOT NULL,
  `probability_in_percentage` double NOT NULL,
  `file` varchar(100) DEFAULT NULL,
  `created_on` date NOT NULL,
  `is_active` tinyint(1) NOT NULL,
  `created_by_id` int(11) NOT NULL,
  `currency_type_id` bigint(20) DEFAULT NULL,
  `owner_id` int(11) DEFAULT NULL,
  `lead_id` bigint(20) DEFAULT NULL,
  `primary_contact_id` bigint(20) DEFAULT NULL,
  `stage_id` bigint(20) DEFAULT NULL,
  `lead_bucket_id` bigint(20) DEFAULT NULL,
  `remark` longtext DEFAULT NULL,
  `opportunity_status_id` bigint(20) DEFAULT NULL,
  `status_date` date NOT NULL,
  `opportunity_keyword` longtext DEFAULT NULL,
  PRIMARY KEY (`id`),
  KEY `lead_opportunity_created_by_id_4b89be47_fk_auth_user_id` (`created_by_id`),
  KEY `lead_opportunity_primary_contact_id_7ddb261f_fk_lead_contact_id` (`primary_contact_id`),
  KEY `lead_opportunity_stage_id_383a0b4f_fk_accounts_stage_id` (`stage_id`),
  KEY `lead_opportunity_lead_id_c3710e41_fk_lead_lead_id` (`lead_id`),
  KEY `lead_opportunity_lead_bucket_id_63c01908_fk_lead_lead_bucket_id` (`lead_bucket_id`),
  KEY `lead_opportunity_owner_id_d36802e3_fk_auth_user_id` (`owner_id`),
  KEY `lead_opportunity_currency_type_id_bc6e57bf_fk_accounts_` (`currency_type_id`),
  KEY `lead_opportunity_name_id_db75fda3` (`name_id`),
  KEY `lead_opportunity_opportunity_status_i_eae2e884_fk_lead_lead` (`opportunity_status_id`),
  CONSTRAINT `lead_opportunity_created_by_id_4b89be47_fk_auth_user_id` FOREIGN KEY (`created_by_id`) REFERENCES `auth_user` (`id`),
  CONSTRAINT `lead_opportunity_currency_type_id_bc6e57bf_fk_accounts_` FOREIGN KEY (`currency_type_id`) REFERENCES `accounts_country` (`id`),
  CONSTRAINT `lead_opportunity_lead_bucket_id_63c01908_fk_lead_lead_bucket_id` FOREIGN KEY (`lead_bucket_id`) REFERENCES `lead_lead_bucket` (`id`),
  CONSTRAINT `lead_opportunity_lead_id_c3710e41_fk_lead_lead_id` FOREIGN KEY (`lead_id`) REFERENCES `lead_lead` (`id`),
  CONSTRAINT `lead_opportunity_name_id_db75fda3_fk_lead_opportunity_name_id` FOREIGN KEY (`name_id`) REFERENCES `lead_opportunity_name` (`id`),
  CONSTRAINT `lead_opportunity_opportunity_status_i_eae2e884_fk_lead_lead` FOREIGN KEY (`opportunity_status_id`) REFERENCES `lead_lead_status` (`id`),
  CONSTRAINT `lead_opportunity_owner_id_d36802e3_fk_auth_user_id` FOREIGN KEY (`owner_id`) REFERENCES `auth_user` (`id`),
  CONSTRAINT `lead_opportunity_primary_contact_id_7ddb261f_fk_lead_contact_id` FOREIGN KEY (`primary_contact_id`) REFERENCES `lead_contact` (`id`),
  CONSTRAINT `lead_opportunity_stage_id_383a0b4f_fk_accounts_stage_id` FOREIGN KEY (`stage_id`) REFERENCES `accounts_stage` (`id`)
) ENGINE=InnoDB AUTO_INCREMENT=470 DEFAULT CHARSET=utf8mb4 COLLATE=utf8mb4_unicode_ci;
/*!40101 SET character_set_client = @saved_cs_client */;

--
-- Dumping data for table `lead_opportunity`
--

LOCK TABLES `lead_opportunity` WRITE;
/*!40000 ALTER TABLE `lead_opportunity` DISABLE KEYS */;
INSERT INTO `lead_opportunity` VALUES (113,1,NULL,400000,50000,'2025-02-11',80,'','2024-11-14',1,12,1,10,NULL,NULL,NULL,NULL,NULL,NULL,'2025-02-03',NULL),(114,1,NULL,200000,49999,'2025-01-15',40,'','2024-11-14',1,11,1,10,NULL,NULL,NULL,NULL,NULL,NULL,'2025-02-03',NULL),(115,1,NULL,150000,20000,'2025-03-31',30,'','2024-11-15',1,1,1,10,NULL,NULL,NULL,NULL,NULL,NULL,'2025-02-03',NULL),(116,1,NULL,12000,1000,'2024-11-30',60,'','2024-11-15',1,1,2,10,NULL,NULL,NULL,NULL,NULL,NULL,'2025-02-03',NULL),(119,1,NULL,75,6,'2024-11-20',74,'opportunity_files/Siva_Jewellers_Document2.docx','2024-11-16',1,11,1,10,70,NULL,NULL,NULL,NULL,NULL,'2025-02-03',NULL),(120,1,NULL,37000,NULL,'2024-11-14',100,'','2024-11-16',1,10,1,10,72,NULL,NULL,NULL,NULL,NULL,'2025-02-03',NULL),(121,1,NULL,12000,12000,'2024-11-19',60,'','2024-11-16',1,12,1,10,74,NULL,NULL,NULL,NULL,NULL,'2025-02-03',NULL),(123,1,NULL,15000,23,'2024-11-21',50,'','2024-11-16',1,12,1,10,NULL,NULL,NULL,NULL,NULL,NULL,'2025-02-03',NULL),(127,1,'This is an important business deal that needs immediate attention.',100000,20000,'2024-12-31',75,'','2024-12-09',1,10,1,1,NULL,NULL,NULL,NULL,NULL,NULL,'2025-02-03',NULL),(128,1,'This is an important business deal that needs immediate attention.',100000,20000,'2024-12-31',75,'','2024-12-09',1,10,1,1,NULL,NULL,NULL,NULL,'',NULL,'2025-02-03',NULL),(154,1,NULL,2333,1111,'2025-01-16',111,'','2025-01-20',0,10,NULL,NULL,161,169,16,NULL,NULL,NULL,'2025-02-03',NULL),(156,1,NULL,1,10000,'2025-01-31',10,'','2025-01-21',0,18,NULL,NULL,168,185,21,NULL,NULL,NULL,'2025-02-03',NULL),(162,1,NULL,876,567,'2025-02-01',80,'','2025-01-31',0,11,NULL,NULL,182,209,22,NULL,'Testing',27,'2025-02-03',NULL),(164,1,NULL,122,122,'2025-01-25',20,'','2025-01-31',0,18,NULL,NULL,170,212,27,NULL,'',5,'2025-02-03',NULL),(165,1,NULL,122,122,'2025-02-01',20,'','2025-01-31',0,18,NULL,NULL,170,214,26,NULL,'remarks',5,'2025-02-03',NULL),(167,1,NULL,4000,60000,'2025-02-01',70,'','2025-01-31',0,11,NULL,NULL,182,209,21,NULL,'Testing',26,'2025-02-03',NULL),(170,1,NULL,122,122,'2025-02-01',20,'','2025-01-31',0,18,NULL,NULL,185,218,26,NULL,'remarks',5,'2025-02-03',NULL),(175,1,NULL,0,NULL,'2025-02-03',0,'','2025-02-03',1,10,NULL,NULL,NULL,NULL,16,NULL,NULL,NULL,'2025-02-03',NULL),(176,1,NULL,0,NULL,'2025-02-03',0,'','2025-02-03',1,10,NULL,NULL,NULL,NULL,16,NULL,NULL,NULL,'2025-02-03',NULL),(182,1,NULL,0,NULL,'2025-02-04',0,'','2025-02-04',1,18,NULL,NULL,194,266,16,NULL,'After Expo Call back',4,'2025-02-04',NULL),(183,1,NULL,0,NULL,'0000-00-00',0,'','0000-00-00',0,11,NULL,NULL,166,184,16,NULL,NULL,28,'0000-00-00',NULL),(184,1,NULL,65000,100,'2025-02-06',20,'opportunity_files/Revised_Magnum_Spinning_Mills_-_CMS_Website_Development_Proposal_V_W38huxp.2.pdf','2025-02-06',1,11,NULL,NULL,197,228,16,NULL,'order closed',34,'2025-02-20',NULL),(197,1,NULL,0,NULL,'2025-03-21',80,'opportunity_files/Suman_Jewellery_E_commerce_proposal__.docx.pdf','2025-02-08',1,11,NULL,NULL,216,287,22,NULL,'March 3rd week MD will update us',4,'2025-03-18',NULL),(198,1,NULL,0,NULL,'2025-02-08',0,'','2025-02-08',1,18,NULL,NULL,217,288,16,NULL,'Ask company details',1,'2025-02-08',NULL),(199,1,NULL,0,100,'2025-02-08',0,'opportunity_files/Toplight_Fabrics_Pvt_Ltd_-_Static_Website_Design_Proposal_V_1.0.pdf','2025-02-08',1,11,NULL,NULL,218,290,16,NULL,'Feb 2nd week he will update about proposal',4,'2025-02-08',NULL),(200,4,NULL,15000,100,'2025-02-08',0,'opportunity_files/Digital_Marketing_Plan_for_Europea_Engineering_YApb5IN.pdf','2025-02-08',1,11,NULL,NULL,219,292,25,NULL,'08.02.25th he will update',35,'2025-04-02',NULL),(201,2,NULL,0,2,'2025-02-08',0,'','2025-02-08',1,18,NULL,NULL,220,291,16,NULL,'Call back March 31st',7,'2025-02-08',NULL),(202,2,NULL,20000,100,'2025-02-08',20,'','2025-02-08',1,11,NULL,NULL,221,229,16,NULL,'Logo completed',34,'2025-02-20',NULL),(203,1,NULL,0,NULL,'2025-02-08',0,'','2025-02-08',1,18,NULL,NULL,222,311,16,NULL,'Shared to ramu for zing budget is 25k for website',1,'2025-02-08',NULL),(204,1,NULL,38000,38000,'2025-02-08',100,'','2025-02-08',1,11,NULL,NULL,223,227,24,NULL,'Static site',34,'2025-02-20',NULL),(205,1,NULL,40000,40000,'2025-02-08',100,'','2025-02-08',1,11,NULL,NULL,224,226,24,NULL,'Static',34,'2025-02-20',NULL),(206,1,NULL,0,39999,'2025-04-03',0,'','2025-02-08',1,11,NULL,NULL,225,224,24,NULL,'Static site',34,'2024-01-02',NULL),(207,1,NULL,0,38000,'2025-04-03',0,'','2025-02-08',1,11,NULL,NULL,226,219,24,NULL,'Static',34,'2023-08-26',NULL),(208,1,NULL,0,225000,'2025-04-03',0,'','2025-02-08',1,11,NULL,NULL,227,222,24,NULL,'CMS',34,'2024-10-26',NULL),(209,2,NULL,20000,19999,'2025-02-08',100,'','2025-02-08',1,11,NULL,NULL,228,220,24,NULL,'Logo won',34,'2025-02-20',NULL),(214,4,NULL,0,NULL,'2025-02-11',0,'','2025-02-11',1,11,NULL,NULL,233,324,16,NULL,NULL,1,'2025-02-11',NULL),(215,4,NULL,0,NULL,'2025-02-11',0,'','2025-02-11',1,11,NULL,NULL,234,325,16,NULL,NULL,1,'2025-02-11',NULL),(217,4,NULL,0,NULL,'2025-02-11',0,'','2025-02-11',1,11,NULL,NULL,236,321,16,NULL,NULL,1,'2025-02-11',NULL),(225,1,NULL,310000,0,'2024-06-11',100,'','2025-02-11',0,10,NULL,NULL,242,267,24,NULL,'sales closed',34,'2025-02-20',NULL),(227,1,NULL,500,50000,'2025-02-26',50,'','2025-02-20',0,1,NULL,NULL,236,321,19,NULL,'Lorem Ipsum is simply dummy text of the printing and typesetting industry.',1,'2025-02-20',NULL),(228,4,NULL,600,60000,'2025-02-25',80,'','2025-02-20',0,1,NULL,NULL,236,321,22,NULL,'testing',1,'2025-02-20','Insta Post'),(230,1,NULL,0,5000,'2025-02-20',20,'','2025-02-20',1,11,NULL,NULL,245,338,16,NULL,'testing',32,'2025-02-20','single page'),(231,1,NULL,3250000,0,'2024-03-21',100,'','2025-02-21',0,10,NULL,NULL,241,330,24,NULL,'ORDER CLOSED',34,'2025-02-21',NULL),(320,7,NULL,0,NULL,'2025-03-04',100,'opportunity_files/Digital_Marketing_Plan_for_AstroTalk_Tamil_k8JdkRz_TYBFieg.pdf','2025-03-04',1,11,NULL,NULL,306,434,24,NULL,'meeting with Indurekha, Suresh and Vivek has come to our office',34,'2025-04-02',NULL),(321,1,NULL,0,NULL,'2025-04-03',0,'','2025-03-04',1,11,NULL,NULL,246,223,NULL,NULL,NULL,28,'2024-06-12',NULL),(322,1,NULL,0,NULL,'2025-04-03',0,'','2025-03-04',1,11,NULL,NULL,247,443,NULL,NULL,NULL,28,'2024-06-12',NULL),(323,1,NULL,0,NULL,'2025-04-03',0,'','2025-03-04',1,11,NULL,NULL,248,444,NULL,NULL,NULL,28,'2023-11-30',NULL),(324,1,NULL,0,NULL,'2025-04-03',0,'','2025-03-04',1,11,NULL,NULL,249,445,NULL,NULL,NULL,28,'2023-11-30',NULL),(325,1,NULL,0,NULL,'2025-04-03',0,'','2025-03-04',1,11,NULL,NULL,250,446,NULL,NULL,NULL,28,'2023-11-30',NULL),(326,1,NULL,0,NULL,'2025-04-03',0,'','2025-03-04',1,11,NULL,NULL,251,447,NULL,NULL,NULL,28,'2023-11-30',NULL),(327,1,NULL,0,NULL,'2025-04-03',0,'','2025-03-04',1,11,NULL,NULL,252,448,NULL,NULL,NULL,28,'2023-11-30',NULL),(328,1,NULL,0,NULL,'2025-04-03',0,'','2025-03-04',1,11,NULL,NULL,253,449,NULL,NULL,NULL,34,'2023-10-18',NULL),(329,1,NULL,0,NULL,'2025-04-03',0,'','2025-03-04',1,11,NULL,NULL,254,219,NULL,NULL,NULL,28,'2023-11-30',NULL),(330,1,NULL,0,NULL,'2025-04-03',0,'','2025-03-04',1,11,NULL,NULL,255,450,NULL,NULL,NULL,28,'2023-11-30',NULL),(331,1,NULL,0,NULL,'2025-04-03',0,'','2025-03-04',1,11,NULL,NULL,256,451,NULL,NULL,NULL,28,'2023-11-30',NULL),(332,1,NULL,0,NULL,'2025-04-03',0,'','2025-03-04',1,11,NULL,NULL,257,452,NULL,NULL,NULL,28,'2023-11-30',NULL),(333,1,NULL,0,NULL,'2025-04-03',0,'','2025-03-04',1,11,NULL,NULL,258,453,NULL,NULL,NULL,28,'2023-11-30',NULL),(334,1,NULL,0,NULL,'2025-04-03',0,'','2025-03-04',1,11,NULL,NULL,259,454,NULL,NULL,NULL,28,'2023-11-30',NULL),(335,1,NULL,0,NULL,'2025-04-03',0,'','2025-03-04',1,11,NULL,NULL,260,455,NULL,NULL,NULL,28,'2023-11-30',NULL),(336,1,NULL,0,NULL,'2025-04-03',0,'','2025-03-04',1,11,NULL,NULL,261,456,NULL,NULL,NULL,28,'2023-11-30',NULL),(337,1,NULL,0,NULL,'2025-04-03',0,'','2025-03-04',1,11,NULL,NULL,262,457,NULL,NULL,NULL,28,'2023-11-30',NULL),(338,1,NULL,0,NULL,'2025-04-03',0,'','2025-03-04',1,11,NULL,NULL,263,458,NULL,NULL,NULL,28,'2023-11-30',NULL),(339,1,NULL,0,NULL,'2025-04-03',0,'','2025-03-04',1,11,NULL,NULL,264,459,NULL,NULL,NULL,28,'2023-11-30',NULL),(340,1,NULL,0,NULL,'2025-04-03',0,'','2025-03-04',1,11,NULL,NULL,265,460,NULL,NULL,NULL,28,'2023-11-30',NULL),(341,1,NULL,0,NULL,'2025-04-03',0,'','2025-03-04',1,11,NULL,NULL,266,461,NULL,NULL,NULL,28,'2023-11-30',NULL),(342,1,NULL,0,NULL,'2025-04-03',0,'','2025-03-04',1,11,NULL,NULL,267,462,NULL,NULL,NULL,28,'2023-11-30',NULL),(343,1,NULL,0,NULL,'2025-04-03',0,'','2025-03-04',1,11,NULL,NULL,268,463,NULL,NULL,NULL,28,'2023-11-30',NULL),(344,1,NULL,0,NULL,'2025-04-03',0,'','2025-03-04',1,11,NULL,NULL,269,464,NULL,NULL,NULL,28,'2023-11-30',NULL),(345,1,NULL,0,NULL,'2025-04-03',0,'','2025-03-04',1,11,NULL,NULL,270,465,NULL,NULL,NULL,28,'2023-11-30',NULL),(346,1,NULL,0,NULL,'2025-04-03',0,'','2025-03-04',1,11,NULL,NULL,271,466,NULL,NULL,NULL,28,'2023-11-30',NULL),(347,1,NULL,0,NULL,'2025-04-03',0,'','2025-03-04',1,11,NULL,NULL,272,467,NULL,NULL,NULL,28,'2023-11-30',NULL),(348,1,NULL,0,NULL,'2025-04-03',0,'','2025-03-04',1,11,NULL,NULL,273,468,NULL,NULL,NULL,28,'2023-11-30',NULL),(349,1,NULL,0,NULL,'2025-04-03',0,'','2025-03-04',1,11,NULL,NULL,274,469,NULL,NULL,NULL,28,'2023-11-30',NULL),(350,1,NULL,0,NULL,'2025-04-03',0,'','2025-03-04',1,11,NULL,NULL,275,470,NULL,NULL,NULL,28,'2023-11-30',NULL),(351,1,NULL,0,NULL,'2025-04-03',0,'','2025-03-04',1,11,NULL,NULL,276,471,NULL,NULL,NULL,28,'2023-11-30',NULL),(352,1,NULL,0,NULL,'2025-04-03',0,'','2025-03-04',1,11,NULL,NULL,277,472,NULL,NULL,NULL,28,'2023-11-30',NULL),(353,1,NULL,0,NULL,'2025-04-03',0,'','2025-03-04',1,11,NULL,NULL,278,473,NULL,NULL,NULL,28,'2023-11-30',NULL),(354,1,NULL,0,NULL,'2025-04-03',0,'','2025-03-04',1,11,NULL,NULL,279,474,NULL,NULL,NULL,28,'2023-11-30',NULL),(355,1,NULL,0,NULL,'2025-04-03',0,'','2025-03-04',1,11,NULL,NULL,280,475,NULL,NULL,NULL,28,'2023-11-30',NULL),(356,1,NULL,0,NULL,'2025-04-03',0,'','2025-03-04',1,11,NULL,NULL,281,476,NULL,NULL,NULL,28,'2023-11-30',NULL),(357,1,NULL,0,NULL,'2025-04-03',0,'','2025-03-04',1,11,NULL,NULL,282,477,NULL,NULL,NULL,28,'2023-11-30',NULL),(358,1,NULL,0,NULL,'2025-04-03',0,'','2025-03-04',1,11,NULL,NULL,283,478,NULL,NULL,NULL,28,'2023-11-30',NULL),(359,8,NULL,0,NULL,'2025-04-03',0,'','2025-03-04',1,11,NULL,NULL,284,479,NULL,NULL,NULL,34,'2023-08-19',NULL),(360,7,NULL,0,NULL,'2025-04-03',0,'','2025-03-04',1,11,NULL,NULL,285,480,NULL,NULL,NULL,34,'2023-03-18',NULL),(361,7,NULL,0,NULL,'2025-04-03',0,'','2025-03-04',1,11,NULL,NULL,286,443,NULL,NULL,NULL,34,'2023-08-08',NULL),(362,1,NULL,0,NULL,'2025-04-03',0,'','2025-03-04',1,11,NULL,NULL,286,443,NULL,NULL,NULL,34,'2023-08-08',NULL),(363,8,NULL,0,NULL,'2025-04-03',0,'','2025-03-04',1,11,NULL,NULL,161,481,NULL,NULL,NULL,34,'2023-08-21',NULL),(364,8,NULL,0,NULL,'2025-04-03',0,'','2025-03-04',1,11,NULL,NULL,228,220,NULL,NULL,NULL,34,'2023-09-22',NULL),(365,1,NULL,0,NULL,'2025-04-03',0,'','2025-03-04',1,11,NULL,NULL,287,482,NULL,NULL,NULL,34,'2023-09-21',NULL),(366,8,NULL,0,NULL,'2025-04-03',0,'','2025-03-04',1,11,NULL,NULL,288,483,NULL,NULL,NULL,34,'2023-09-25',NULL),(367,1,NULL,0,NULL,'2025-04-03',0,'','2025-03-04',1,11,NULL,NULL,284,479,NULL,NULL,NULL,34,'2023-09-04',NULL),(368,1,NULL,0,NULL,'2025-04-03',0,'','2025-03-04',1,11,NULL,NULL,289,443,NULL,NULL,NULL,34,'2023-11-02',NULL),(369,8,NULL,0,NULL,'2025-04-03',0,'','2025-03-04',1,11,NULL,NULL,246,484,NULL,NULL,NULL,34,'2023-12-01',NULL),(370,7,NULL,0,NULL,'2025-04-03',0,'','2025-03-04',1,11,NULL,NULL,226,219,NULL,NULL,NULL,34,'2023-12-09',NULL),(371,8,NULL,0,NULL,'2025-04-03',0,'','2025-03-04',1,11,NULL,NULL,290,485,NULL,NULL,NULL,34,'2023-12-27',NULL),(372,7,NULL,0,NULL,'2025-04-03',0,'','2025-03-04',1,11,NULL,NULL,287,482,NULL,NULL,NULL,34,'2024-11-05',NULL),(373,2,NULL,0,NULL,'2025-04-03',0,'','2025-03-04',1,11,NULL,NULL,291,225,NULL,NULL,NULL,34,'2023-02-05',NULL),(374,1,NULL,0,NULL,'2025-04-03',0,'','2025-03-04',1,11,NULL,NULL,292,486,NULL,NULL,NULL,34,'2024-03-14',NULL),(375,8,NULL,0,NULL,'2025-04-03',0,'','2025-03-04',1,11,NULL,NULL,293,487,NULL,NULL,NULL,34,'2025-03-04',NULL),(376,8,NULL,0,NULL,'2025-04-03',0,'','2025-03-04',1,11,NULL,NULL,294,487,NULL,NULL,NULL,34,'2025-03-04',NULL),(377,8,NULL,0,NULL,'2025-04-03',0,'','2025-03-04',1,11,NULL,NULL,295,488,NULL,NULL,NULL,34,'2025-03-04',NULL),(378,1,NULL,0,NULL,'2025-04-03',0,'','2025-03-04',1,11,NULL,NULL,296,489,NULL,NULL,NULL,34,'2025-03-04',NULL),(379,1,NULL,0,NULL,'2025-04-03',0,'','2025-03-04',1,11,NULL,NULL,297,228,NULL,NULL,NULL,34,'2024-07-08',NULL),(380,8,NULL,0,NULL,'2025-04-03',0,'','2025-03-04',1,11,NULL,NULL,221,229,NULL,NULL,NULL,34,'2024-07-30',NULL),(381,7,NULL,0,NULL,'2025-04-03',0,'','2025-03-04',1,11,NULL,NULL,298,230,NULL,NULL,NULL,34,'2024-08-19',NULL),(382,7,NULL,0,NULL,'2025-04-03',0,'','2025-03-04',1,11,NULL,NULL,299,231,NULL,NULL,NULL,34,'2024-08-23',NULL),(383,8,NULL,0,NULL,'2025-04-03',0,'','2025-03-04',1,11,NULL,NULL,287,482,NULL,NULL,NULL,34,'2024-09-03',NULL),(384,7,NULL,0,NULL,'2025-04-03',0,'','2025-03-04',1,11,NULL,NULL,300,490,NULL,NULL,NULL,34,'2024-09-16',NULL),(385,8,NULL,0,NULL,'2025-04-03',0,'','2025-03-04',1,11,NULL,NULL,301,491,NULL,NULL,NULL,34,'2024-09-24',NULL),(387,1,NULL,0,NULL,'2025-03-05',20,'','2025-03-05',1,12,NULL,NULL,308,388,16,NULL,'shared proposal',4,'2025-04-05',NULL),(388,1,NULL,0,NULL,'2025-03-05',80,'opportunity_files/Ponni_Fab_Website_Proposal_V1_qA8cZai.docx_1.pdf','2025-03-05',1,12,NULL,NULL,309,542,22,NULL,'seems clients wedding',4,'2025-04-05',NULL),(389,1,NULL,0,NULL,'2025-03-05',80,'opportunity_files/Suman_Jewellery_E_commerce_proposal___3uKtA33_GrUYFmf.docx.pdf','2025-03-05',1,12,NULL,NULL,310,565,22,NULL,'march 3rd week will get update\r\n13.03.25 E com proposal shared',4,'2025-03-18',NULL),(390,4,NULL,0,NULL,'2025-04-07',0,'','2025-03-08',1,16,NULL,NULL,311,687,NULL,NULL,'07.02.25 he postponed the plan, will call back next month',37,'2025-03-07',NULL),(391,4,NULL,0,NULL,'2025-04-07',0,'','2025-03-08',1,16,NULL,NULL,312,688,NULL,NULL,'13.02.25 he want only meta posters , we dont do only posters',37,'2025-03-07',NULL),(392,4,NULL,0,NULL,'2025-04-07',0,'','2025-03-08',1,16,NULL,NULL,313,689,NULL,NULL,'05.02.25 he onboarded a team recently, no need',39,'2025-03-07',NULL),(393,4,NULL,0,NULL,'2025-04-07',0,'','2025-03-08',1,16,NULL,NULL,314,690,NULL,NULL,'17.02.25 he\'s busy, cut the call , asked him update on WA',40,'2025-03-07',NULL),(394,4,NULL,0,NULL,'2025-04-07',0,'','2025-03-08',1,16,NULL,NULL,315,691,NULL,NULL,'21.02.25 not ans 3 times',40,'2025-03-07',NULL),(395,4,NULL,0,NULL,'2025-04-07',0,'','2025-03-08',1,16,NULL,NULL,316,692,NULL,NULL,'21.02.25 he speaks only hindi also said no digital marketing',37,'2025-03-07',NULL),(396,4,NULL,0,NULL,'2025-04-07',0,'','2025-03-08',1,16,NULL,NULL,317,693,NULL,NULL,'22.02.25 he doesn\'t give 100% advance to any vendors. he didn\'t trust us to pay 100% advance',36,'2025-03-07',NULL),(397,4,NULL,0,NULL,'2025-04-07',0,'','2025-03-08',1,16,NULL,NULL,318,694,NULL,NULL,'07.02.25 he cut the call while asked about enquiry /  not ans',40,'2025-03-07',NULL),(398,4,NULL,0,NULL,'2025-04-07',0,'','2025-03-08',1,16,NULL,NULL,319,695,NULL,NULL,'24.02.25 he asked to cut 15k handling charges, he got quote\'s from freelancers',36,'2025-03-07',NULL),(399,4,NULL,0,NULL,'2025-04-07',0,'','2025-03-08',1,16,NULL,NULL,320,696,NULL,NULL,'06.02.25 he want kolkata based vendor',39,'2025-03-07',NULL),(400,4,NULL,0,NULL,'2025-04-07',0,'','2025-03-08',1,16,NULL,NULL,321,697,NULL,NULL,'17.02.25 he cut call once I asked the requirements',40,'2025-03-07',NULL),(401,4,NULL,0,NULL,'2025-04-07',0,'','2025-03-08',1,16,NULL,NULL,322,698,NULL,NULL,'10.02.25 he wants more creativity works and a portfolio in construction fields.',39,'2025-03-07',NULL),(402,4,NULL,0,NULL,'2025-04-07',0,'','2025-03-08',1,16,NULL,NULL,323,699,NULL,NULL,'11.02.25  reverts with he will call back, but doesnt call',40,'2025-03-07',NULL),(403,4,NULL,0,NULL,'2025-04-07',0,'','2025-03-08',1,16,NULL,NULL,324,700,NULL,NULL,'13.02.25 if needed he will call back, Retail business Nellore, bangalore',37,'2025-03-07',NULL),(404,4,NULL,0,NULL,'2025-04-07',0,'','2025-03-08',1,16,NULL,NULL,325,701,NULL,NULL,'10.02.25 he need chennai based , he thought we are chennai vendor',39,'2025-03-07',NULL),(405,4,NULL,0,NULL,'2025-04-07',0,'','2025-03-08',1,16,NULL,NULL,326,702,NULL,NULL,'17.02.25 not ans last 3 times',40,'2025-03-07',NULL),(406,4,NULL,0,NULL,'2025-04-07',0,'','2025-03-08',1,16,NULL,NULL,327,703,NULL,NULL,'11.02.25 he want only 2 banner posts for SMM',36,'2025-03-07',NULL),(407,4,NULL,0,NULL,'2025-04-07',0,'','2025-03-08',1,16,NULL,NULL,328,704,NULL,NULL,'24.02.25 asked him on whats app',32,'2025-03-07',NULL),(408,4,NULL,0,NULL,'2025-04-07',0,'','2025-03-08',1,16,NULL,NULL,329,705,NULL,NULL,'11.02.25 he is running a agency , just wants to see our portfolio https://cascadeinfluencers.com/',42,'2025-03-07',NULL),(409,4,NULL,0,NULL,'2025-04-07',0,'','2025-03-08',1,16,NULL,NULL,330,706,NULL,NULL,'13.02.25 he doesn\'t want Coimbatore based vendor, also our budget is higher',36,'2025-03-07',NULL),(410,4,NULL,0,NULL,'2025-04-07',0,'','2025-03-08',1,16,NULL,NULL,331,707,NULL,NULL,'12.02.25 he asking Intel vidyalaya school meta promotions but his profile seems competitor Imaginextra Digital Solutions',42,'2025-03-07',NULL),(411,4,NULL,0,NULL,'2025-04-07',0,'','2025-03-08',1,16,NULL,NULL,332,708,NULL,NULL,'17.02.25 he looking for local vendor',39,'2025-03-07',NULL),(412,4,NULL,0,NULL,'2025-04-07',0,'','2025-03-08',1,16,NULL,NULL,333,709,NULL,NULL,'13.02.25 he is looking very low-budget',36,'2025-03-07',NULL),(413,4,NULL,0,NULL,'2025-04-07',0,'','2025-03-08',1,16,NULL,NULL,334,710,NULL,NULL,'24.02.25 his MD not interested to do right now',43,'2025-03-07',NULL),(414,7,NULL,0,NULL,'2025-04-07',0,'','2025-03-08',1,16,NULL,NULL,335,711,NULL,NULL,'26.02.25 client shared the company details & requirements, Want to share proposal',32,'2025-03-07',NULL),(415,4,NULL,0,NULL,'2025-04-07',0,'','2025-03-08',1,16,NULL,NULL,336,712,25,NULL,'27.02.25 not ans 2 times   Thiru sir gave the details, client not ans the call',40,'2025-03-12',NULL),(416,1,NULL,0,NULL,'2025-04-07',0,'','2025-03-08',1,16,NULL,NULL,337,587,25,NULL,'01.03.25 Indu mam gave details. he asked our portfolio & costs . shared him. he will discuss with MD & get back',40,'2025-04-24',NULL),(417,4,NULL,0,NULL,'2025-04-07',0,'','2025-03-08',1,16,NULL,NULL,338,713,NULL,NULL,'',36,'2025-03-07',NULL),(418,4,NULL,0,NULL,'2025-04-07',0,'','2025-03-08',1,16,NULL,NULL,339,714,NULL,NULL,'',4,'2025-03-07',NULL),(428,8,NULL,0,NULL,'2025-03-12',0,'','2025-03-12',1,18,NULL,NULL,346,742,16,NULL,'Catalogue details shared waiting for client side update MD was out of station',1,'2025-03-12',NULL),(430,7,NULL,0,NULL,'2025-03-12',20,'','2025-03-12',1,16,NULL,NULL,348,960,16,NULL,'not in budget',36,'2025-03-12',NULL),(433,7,NULL,NULL,NULL,'2025-02-11',0,'','2025-03-12',0,11,NULL,NULL,349,961,25,NULL,'11.02.25 she asking 10 influencers eack 20k or less than that. video shoot & editing charges additional said to her. She will ask to team & call back',36,'2025-03-12',NULL),(438,1,NULL,0,NULL,'2025-03-13',0,'','2025-03-13',1,18,NULL,NULL,355,966,16,NULL,'Requirements in Ecom for new brand',1,'2025-03-13',NULL),(439,4,NULL,0,NULL,'2025-03-13',0,'','2025-03-13',1,12,NULL,NULL,356,940,16,NULL,'she aasked to share profile and commercials , she is looking for brand and sales',1,'2025-03-13',NULL),(440,1,NULL,0,NULL,'2025-03-13',20,'','2025-03-13',1,18,NULL,NULL,357,312,16,NULL,'March 18th He will update for Meeting',1,'2025-03-13',NULL),(441,4,NULL,0,NULL,'2025-03-13',0,'','2025-03-13',1,12,NULL,NULL,358,967,16,NULL,'spoke with 2 ,3 companies how you do he have budget of 25k ad budget looking for sales in Race course area shared to share cost - cb',1,'2025-03-13',NULL),(442,4,NULL,0,NULL,'2025-03-13',20,'','2025-03-13',1,12,NULL,NULL,359,968,16,NULL,'asked to share proposal for DM sales ,  budget 1L asked to share proposal',40,'2025-04-05',NULL),(443,1,NULL,0,NULL,'2025-03-17',80,'opportunity_files/Ponni_Fab_Website_Proposal_V1_jQJ9Kr3.docx_1.pdf','2025-03-17',1,11,NULL,NULL,360,1019,22,NULL,'17.03.25	April 2nd week can discuss',4,'2025-03-17',NULL),(444,8,NULL,0,NULL,'2025-03-18',80,'opportunity_files/Mahendra_Spring_Zone_Catalog_-Proposal_V.1.pdf','2025-03-18',1,18,NULL,NULL,361,1249,22,NULL,'Requirements in Brochure',4,'2025-03-21',NULL),(445,1,NULL,0,NULL,'2025-03-18',0,'','2025-03-18',1,12,NULL,NULL,362,1251,16,NULL,'he asked for branding DM SMno website for now he stuck in expo after 26 will can have a talk',1,'2025-03-18',NULL),(446,7,NULL,0,NULL,'2025-03-18',0,'','2025-03-18',1,12,NULL,NULL,363,1252,16,NULL,'he do everthing as whole , doing good in leads , he say how you work different from he spends 2500 per day for ads and get good leads 2000 leads per day .',1,'2025-03-18',NULL),(447,1,NULL,0,NULL,'2025-03-20',90,'opportunity_files/Marks_Engineering_Branding_Proposal_V1_drTqoon.docx.pdf','2025-03-20',1,11,NULL,NULL,364,1326,23,NULL,'08.04.25	asked proposal, shared him\r\n19.03.25 meeting him asked about Corporate video & Logo, website, visited his factory',4,'2025-04-09',NULL),(448,7,NULL,0,NULL,'2025-03-20',0,'','2025-03-20',1,12,NULL,NULL,365,1044,16,NULL,'shyam already did Social Media 2x result asked how you do need to share details and watsup quote , he will give his Social media person number - sham to talk hhandles social media - shym didn\'t picked - cb',1,'2025-03-20',NULL),(449,4,NULL,0,NULL,'2025-03-20',0,'opportunity_files/Victus_Dyeings_AMC_V_As8OUGV_nuU7bsk.1.docx.pdf','2025-03-21',1,11,NULL,NULL,366,1299,25,NULL,'he asked for a Newsletter once a month, CSR activities updates in website',40,'2025-04-15',NULL),(450,1,NULL,0,NULL,'2025-03-26',80,'opportunity_files/Ace_King__Queen_E_commerce_proposal___fyOSNWz.docx.pdf','2025-03-26',1,12,NULL,NULL,367,1608,22,NULL,'proposal share for E commerce website .',4,'2025-03-26',NULL),(451,1,NULL,0,NULL,'2025-03-26',0,'','2025-03-26',1,12,NULL,NULL,368,1610,16,NULL,'she have gone through the presentation. We\'ll get back when there is a requirement.',1,'2025-03-26',NULL),(452,7,NULL,0,NULL,'2025-03-26',40,'','2025-03-26',1,18,NULL,NULL,369,1250,18,NULL,'Requirements in DM Details Shared',29,'2025-03-26',NULL),(453,2,NULL,0,NULL,'2025-04-01',0,'','2025-04-01',1,24,NULL,NULL,370,1785,16,NULL,NULL,1,'2025-04-01',NULL),(454,6,NULL,0,NULL,'2025-04-01',0,'','2025-04-01',1,24,NULL,NULL,371,1786,16,NULL,'He is interested in Logo and website development services for Elico.',1,'2025-04-01',NULL),(455,1,NULL,0,NULL,'2025-04-01',0,'','2025-04-01',1,12,NULL,NULL,372,516,16,NULL,'20/03/2025- busy in working days can you call me saturday will dsicuss , 11/03/2025- Sanskar asked to share proposal for static website and watsupp marketing -cb ,he gave number ajay , ajay gave number of sanskar he told he looking for website share me your detials will cehck and get back',1,'2025-04-01',NULL),(456,1,NULL,0,NULL,'2025-04-02',80,'opportunity_files/RK_Exports_Website_Proposal_Yuiul6E_2VKJnrm.docx.pdf','2025-04-02',1,12,NULL,NULL,373,1788,22,NULL,'Client told will start april 2 nd week',40,'2025-04-24',NULL),(457,1,NULL,0,NULL,'2025-04-03',80,'opportunity_files/Theni_Gurukrishna_Textile_Static_Proposal.docx.pdf','2025-04-03',1,12,NULL,NULL,374,1111,22,NULL,'11/03/2025- NA , 24/12- NA , 23/12/2-024- asked for a meeting tom team will have a call initially , they want website asked to share portfolio , he will check will the MD and told MD lives in Cbe will meet - follow up',4,'2025-04-04',NULL),(460,7,NULL,0,NULL,'2025-04-05',0,'','2025-04-05',1,12,NULL,NULL,376,1866,16,NULL,'he\'s launching new baby wear brand he want to check his market research , he asked to share cost projection ,shared,',1,'2025-04-05',NULL),(461,1,NULL,NULL,NULL,'2025-04-05',20,'','2025-04-05',0,18,NULL,NULL,194,266,26,NULL,'No requirements',37,'2025-04-05',NULL),(462,1,NULL,0,NULL,'2025-04-05',80,'opportunity_files/Tussor_Machine_Tools_India_Private_Limited__Digital_Marketing_Proposal_ShwYEjn.pdf','2025-04-05',1,18,NULL,NULL,377,1578,22,NULL,'07.04.25	meeting director Mathan & him, asked DM quote, Proposal shared same day\r\n\r\n05.04.25 Requirements in DM Details shared',35,'2025-04-24',NULL),(463,1,NULL,0,NULL,'2025-04-07',0,'','2025-04-07',1,12,NULL,NULL,378,1945,16,NULL,'he told have requirement of websites , he was running busy will check and get back',1,'2025-04-07',NULL),(464,1,NULL,0,NULL,'2025-04-07',0,'','2025-04-07',1,12,NULL,NULL,379,1739,16,NULL,'03/04/2025- NA , 02/04/2025- sir is out she will cb after come ask what all you do branding , developing , asked to share portfolio',1,'2025-04-07',NULL),(465,1,NULL,0,NULL,'2025-04-09',0,'opportunity_files/Digital_Marketing_Proposal_JS_Promoters_YJQcdOK.pdf','2025-04-09',1,11,NULL,NULL,380,2003,25,NULL,'proposal walk through given, he will update',35,'2025-04-24',NULL),(466,7,NULL,0,NULL,'2025-04-11',0,'','2025-04-11',1,12,NULL,NULL,381,2094,16,NULL,'told him cost and how we work , he said will check and update -cb',1,'2025-04-11',NULL),(467,7,NULL,NULL,NULL,'2025-04-15',0,'','2025-04-15',0,18,NULL,NULL,377,1578,25,NULL,'Not In Budget',35,'2025-04-15',NULL),(468,2,NULL,0,NULL,'2025-04-17',0,'','2025-04-17',1,12,NULL,NULL,382,1730,16,NULL,'15/04/2025- asked to do watsup he was busy ,1/04/2025 -line busy , asked to share details -cb',1,'2025-04-17',NULL),(469,7,NULL,0,NULL,'2025-04-17',0,'','2025-04-17',1,12,NULL,NULL,383,2215,16,NULL,'have plans to open branch in city , asked for lead generation and SEo cost , she check witht the team and get back - cb',1,'2025-04-17',NULL);
/*!40000 ALTER TABLE `lead_opportunity` ENABLE KEYS */;
UNLOCK TABLES;

--
-- Table structure for table `lead_opportunity_name`
--

DROP TABLE IF EXISTS `lead_opportunity_name`;
/*!40101 SET @saved_cs_client     = @@character_set_client */;
/*!50503 SET character_set_client = utf8mb4 */;
CREATE TABLE `lead_opportunity_name` (
  `id` bigint(20) NOT NULL AUTO_INCREMENT,
  `name` varchar(255) NOT NULL,
  `is_active` tinyint(1) NOT NULL,
  PRIMARY KEY (`id`)
) ENGINE=InnoDB AUTO_INCREMENT=9 DEFAULT CHARSET=utf8mb4 COLLATE=utf8mb4_unicode_ci;
/*!40101 SET character_set_client = @saved_cs_client */;

--
-- Dumping data for table `lead_opportunity_name`
--

LOCK TABLES `lead_opportunity_name` WRITE;
/*!40000 ALTER TABLE `lead_opportunity_name` DISABLE KEYS */;
INSERT INTO `lead_opportunity_name` VALUES (1,'Web Design',1),(2,'Branding',1),(3,'SEO',0),(4,'Social Media',1),(5,'SEO',1),(6,'Logo Design',1),(7,'Digital Marketing',1),(8,'Creatives',1);
/*!40000 ALTER TABLE `lead_opportunity_name` ENABLE KEYS */;
UNLOCK TABLES;

--
-- Table structure for table `lead_opportunity_stage`
--

DROP TABLE IF EXISTS `lead_opportunity_stage`;
/*!40101 SET @saved_cs_client     = @@character_set_client */;
/*!50503 SET character_set_client = utf8mb4 */;
CREATE TABLE `lead_opportunity_stage` (
  `id` bigint(20) NOT NULL AUTO_INCREMENT,
  `date` datetime(6) NOT NULL,
  `moved_by_id` int(11) NOT NULL,
  `opportunity_id` bigint(20) NOT NULL,
  `stage_id` bigint(20) NOT NULL,
  PRIMARY KEY (`id`),
  KEY `lead_opportunity_stage_moved_by_id_8adc1a1e_fk_auth_user_id` (`moved_by_id`),
  KEY `lead_opportunity_sta_opportunity_id_def2568b_fk_lead_oppo` (`opportunity_id`),
  KEY `lead_opportunity_stage_stage_id_7266ff33_fk_accounts_stage_id` (`stage_id`),
  CONSTRAINT `lead_opportunity_sta_opportunity_id_def2568b_fk_lead_oppo` FOREIGN KEY (`opportunity_id`) REFERENCES `lead_opportunity` (`id`),
  CONSTRAINT `lead_opportunity_stage_moved_by_id_8adc1a1e_fk_auth_user_id` FOREIGN KEY (`moved_by_id`) REFERENCES `auth_user` (`id`),
  CONSTRAINT `lead_opportunity_stage_stage_id_7266ff33_fk_accounts_stage_id` FOREIGN KEY (`stage_id`) REFERENCES `accounts_stage` (`id`)
) ENGINE=InnoDB AUTO_INCREMENT=222 DEFAULT CHARSET=utf8mb4 COLLATE=utf8mb4_unicode_ci;
/*!40101 SET character_set_client = @saved_cs_client */;

--
-- Dumping data for table `lead_opportunity_stage`
--

LOCK TABLES `lead_opportunity_stage` WRITE;
/*!40000 ALTER TABLE `lead_opportunity_stage` DISABLE KEYS */;
INSERT INTO `lead_opportunity_stage` VALUES (117,'2024-11-15 05:11:54.698965',12,113,20),(118,'2024-11-16 06:17:08.229079',11,119,16),(119,'2024-11-16 07:11:34.640157',10,120,22),(120,'2024-11-16 07:12:26.778465',10,120,24),(121,'2024-11-16 07:19:07.782374',12,121,20),(124,'2024-11-16 12:31:22.107763',12,123,19),(128,'2024-11-29 09:13:24.982562',12,113,22),(157,'2025-01-20 12:56:00.809934',10,154,16),(159,'2025-01-21 10:39:04.732474',18,156,21),(165,'2025-01-31 10:25:32.221461',11,162,22),(167,'2025-01-31 10:32:05.744344',18,164,27),(168,'2025-01-31 10:35:32.367782',18,165,26),(170,'2025-01-31 10:47:31.986407',11,167,21),(173,'2025-01-31 12:15:48.300176',18,170,26),(180,'2025-02-08 12:16:07.721807',11,204,24),(181,'2025-02-08 12:17:52.048778',11,205,24),(182,'2025-02-08 12:20:28.411898',11,206,24),(183,'2025-02-08 12:23:40.562840',11,207,24),(184,'2025-02-08 12:28:52.784522',11,208,24),(185,'2025-02-08 12:31:12.188012',11,209,24),(187,'2025-02-11 13:06:58.571014',10,225,24),(188,'2025-02-20 09:46:21.622584',1,227,19),(189,'2025-02-20 09:50:03.214464',1,228,22),(190,'2025-02-21 05:47:39.203998',10,231,24),(192,'2025-03-04 05:32:42.868422',11,320,22),(197,'2025-03-12 09:28:07.227756',11,433,25),(198,'2025-03-12 09:45:42.787927',11,415,25),(200,'2025-03-17 12:12:27.724725',11,443,22),(201,'2025-03-18 04:38:34.830423',11,197,22),(202,'2025-03-18 04:48:13.008886',11,389,22),(203,'2025-03-21 04:24:27.812590',11,449,22),(204,'2025-03-21 04:39:28.525042',11,444,22),(205,'2025-03-26 06:15:42.358878',11,450,22),(206,'2025-03-26 10:19:24.664688',11,452,18),(207,'2025-04-02 04:15:49.027285',11,320,24),(208,'2025-04-02 10:51:44.493990',11,200,25),(209,'2025-04-03 05:30:04.987918',11,456,22),(210,'2025-04-04 10:50:26.340635',11,457,22),(211,'2025-04-05 04:33:18.646849',11,388,22),(213,'2025-04-05 05:54:10.420069',18,461,26),(214,'2025-04-08 04:30:00.684250',11,462,22),(215,'2025-04-09 12:08:22.688673',11,447,22),(216,'2025-04-09 12:10:48.910734',11,465,22),(217,'2025-04-15 05:48:27.571199',18,467,25),(218,'2025-04-15 08:40:37.874738',11,449,25),(219,'2025-04-17 04:36:17.088642',11,447,23),(220,'2025-04-24 05:36:56.687419',11,465,25),(221,'2025-04-24 05:42:35.970634',11,416,25);
/*!40000 ALTER TABLE `lead_opportunity_stage` ENABLE KEYS */;
UNLOCK TABLES;

--
-- Table structure for table `lead_opportunity_status`
--

DROP TABLE IF EXISTS `lead_opportunity_status`;
/*!40101 SET @saved_cs_client     = @@character_set_client */;
/*!50503 SET character_set_client = utf8mb4 */;
CREATE TABLE `lead_opportunity_status` (
  `id` bigint(20) NOT NULL AUTO_INCREMENT,
  `name` varchar(255) NOT NULL,
  `is_active` tinyint(1) NOT NULL,
  PRIMARY KEY (`id`)
) ENGINE=InnoDB AUTO_INCREMENT=32 DEFAULT CHARSET=utf8mb4 COLLATE=utf8mb4_unicode_ci;
/*!40101 SET character_set_client = @saved_cs_client */;

--
-- Dumping data for table `lead_opportunity_status`
--

LOCK TABLES `lead_opportunity_status` WRITE;
/*!40000 ALTER TABLE `lead_opportunity_status` DISABLE KEYS */;
INSERT INTO `lead_opportunity_status` VALUES (1,'Prospect',1),(4,'Proposals',1),(5,'Closures',1),(7,'Follow Up',1),(23,'Fresh Lead',1),(24,'InProgress Lead',1),(26,'Opportunities',1),(27,'Appointments',1),(28,'Calls',1),(29,'Meetings',1),(30,'Income',1),(31,'Leads',1);
/*!40000 ALTER TABLE `lead_opportunity_status` ENABLE KEYS */;
UNLOCK TABLES;

--
-- Table structure for table `lead_task`
--

DROP TABLE IF EXISTS `lead_task`;
/*!40101 SET @saved_cs_client     = @@character_set_client */;
/*!50503 SET character_set_client = utf8mb4 */;
CREATE TABLE `lead_task` (
  `id` bigint(20) NOT NULL AUTO_INCREMENT,
  `task_date_time` datetime(6) DEFAULT NULL,
  `task_detail` longtext DEFAULT NULL,
  `created_on` date NOT NULL,
  `is_active` tinyint(1) NOT NULL,
  `contact_id` bigint(20) NOT NULL,
  `created_by_id` int(11) NOT NULL,
  `log_id` bigint(20) DEFAULT NULL,
  `task_creation_type` varchar(10) NOT NULL,
  `remark` longtext DEFAULT NULL,
  `task_type` varchar(20) DEFAULT NULL,
  PRIMARY KEY (`id`),
  KEY `lead_task_contact_id_7c5d6460_fk_lead_contact_id` (`contact_id`),
  KEY `lead_task_created_by_id_4dafa118_fk_auth_user_id` (`created_by_id`),
  KEY `lead_task_log_id_3ba6d802_fk_lead_log_id` (`log_id`),
  CONSTRAINT `lead_task_contact_id_7c5d6460_fk_lead_contact_id` FOREIGN KEY (`contact_id`) REFERENCES `lead_contact` (`id`),
  CONSTRAINT `lead_task_created_by_id_4dafa118_fk_auth_user_id` FOREIGN KEY (`created_by_id`) REFERENCES `auth_user` (`id`),
  CONSTRAINT `lead_task_log_id_3ba6d802_fk_lead_log_id` FOREIGN KEY (`log_id`) REFERENCES `lead_log` (`id`)
) ENGINE=InnoDB AUTO_INCREMENT=283 DEFAULT CHARSET=utf8mb4 COLLATE=utf8mb4_unicode_ci;
/*!40101 SET character_set_client = @saved_cs_client */;

--
-- Dumping data for table `lead_task`
--

LOCK TABLES `lead_task` WRITE;
/*!40000 ALTER TABLE `lead_task` DISABLE KEYS */;
INSERT INTO `lead_task` VALUES (186,'2025-01-07 00:00:00.000000',NULL,'2025-01-18',1,169,1,NULL,'Manual',NULL,'Call'),(191,'2025-01-17 00:00:00.000000',NULL,'2025-01-20',1,171,11,NULL,'Manual','dc','To Do'),(193,'2025-01-22 00:00:00.000000',NULL,'2025-01-21',1,184,10,NULL,'Manual','',NULL),(195,'2025-01-22 00:00:00.000000',NULL,'2025-01-21',1,184,10,NULL,'Manual','New Task Assigned',NULL),(196,'2025-01-22 00:00:00.000000','','2025-01-21',1,184,10,NULL,'Manual',NULL,'Call'),(198,'2025-01-23 00:00:00.000000','','2025-01-21',1,184,10,NULL,'Manual','New Task',NULL),(202,'2025-01-14 00:00:00.000000',NULL,'2025-01-21',1,183,10,NULL,'Manual',NULL,NULL),(203,'2025-01-22 00:00:00.000000',NULL,'2025-01-21',1,184,10,NULL,'Manual','',NULL),(205,'2025-01-22 00:00:00.000000',NULL,'2025-01-21',1,171,10,NULL,'Manual','','Call'),(208,'2025-01-23 00:00:00.000000','','2025-01-21',1,183,10,NULL,'Manual','client want call next week','Follow Up'),(209,'2025-01-23 00:00:00.000000',NULL,'2025-01-21',1,184,10,NULL,'Manual','new data','Call'),(210,'2025-01-21 18:30:00.000000','','2025-01-21',1,184,1,110,'Automatic',NULL,'Call'),(211,'2025-01-22 00:00:00.000000','','2025-01-21',1,171,11,NULL,'Manual',NULL,'Follow Up'),(213,'2025-01-21 18:30:00.000000','','2025-01-21',1,171,11,113,'Automatic',NULL,'Call'),(215,'2025-01-22 18:30:00.000000',NULL,'2025-01-22',1,185,10,115,'Automatic',NULL,'Follow Up'),(216,'2025-01-23 00:00:00.000000','Testing','2025-01-31',1,209,11,146,'Automatic','he asked a quote','Call'),(218,'2025-01-15 18:30:00.000000','testing','2025-01-31',1,209,11,157,'Automatic',NULL,'Follow Up'),(219,'2025-02-12 18:30:00.000000','hi sir','2025-02-08',1,287,11,211,'Automatic',NULL,'Call'),(220,'2025-02-10 00:00:00.000000',NULL,'2025-02-08',1,287,11,NULL,'Manual','proposal value','Call'),(221,'2025-02-11 00:00:00.000000','','2025-02-08',1,290,11,NULL,'Manual','final offer','Call'),(222,'2025-02-08 00:00:00.000000',NULL,'2025-02-08',1,292,11,NULL,'Manual','Want to follow up with him 08.02.25','Call'),(240,'2025-03-05 00:00:00.000000',NULL,'2025-03-04',0,434,1,NULL,'Manual','New task','Follow Up'),(248,'2025-03-15 05:30:00.000000','he said our work was a little bit outdated. I asked him for a reference site for design aspects','2025-03-17',1,290,11,428,'Automatic',NULL,'Call'),(249,'2025-03-15 08:30:00.000000','meeting with them, me and Venkat. they asked for prelaunch and 3-month results. 17.03.25 The meeting at 2 pm is fixed with Subbu sir.','2025-03-17',1,434,11,429,'Automatic',NULL,'Follow Up'),(250,'2025-03-17 08:30:00.000000','17.03.25	meeting with them me & subbu sir & mani sir','2025-03-17',1,434,11,436,'Automatic',NULL,'Follow Up'),(251,'2025-03-19 04:30:00.000000','19.03.25	tomorrow call & come','2025-03-20',1,1249,11,449,'Automatic',NULL,'Call'),(252,'2025-03-20 04:30:00.000000','20.03.25 he asked to meet 12pm at Vedapatti location','2025-03-20',1,1249,11,450,'Automatic',NULL,'Call'),(253,'2025-03-20 06:30:00.000000','20.03.25 meeting him, asked catalogue & sent him a proposal','2025-03-21',1,1249,11,459,'Automatic',NULL,'Follow Up'),(254,'2025-03-20 12:30:00.000000','20.03.25	proposal sent for LinkedIn marketing , blogs','2025-03-21',1,1299,11,462,'Automatic',NULL,'Call'),(255,'2025-03-21 10:00:00.000000','21.03.25 discussed with her prelaunch proposal & informed to mani sir','2025-03-22',1,434,11,468,'Automatic',NULL,'Call'),(256,'2025-03-24 06:30:00.000000','24.03.25 	not ans , Voice mail asked','2025-03-24',1,1249,11,473,'Automatic',NULL,'Call'),(257,'2025-03-23 18:30:00.000000','24.03.25	he will review & update','2025-03-24',1,1299,11,474,'Automatic',NULL,'Follow Up'),(258,'2025-03-24 06:00:00.000000','24.03.25	 Indurekha	asked meeting time and person details tomorrow\'s scheduled','2025-03-24',1,434,11,475,'Automatic',NULL,'Call'),(259,'2025-03-25 10:30:00.000000','25.03.25	he will update 2 days after','2025-03-26',1,1249,11,478,'Automatic',NULL,'Call'),(260,'2025-03-25 05:30:00.000000','25.03.25	me & mani sir meeting with them on 26.03.25 will pay the advance','2025-03-26',1,434,11,479,'Automatic',NULL,'Follow Up'),(261,'2025-03-23 10:00:00.000000','23.03.25 he called me & updated will make payment on 24.03.25 but not yet done .','2025-03-26',1,1608,11,482,'Automatic',NULL,'Call'),(262,'2025-03-25 04:30:00.000000','25.03.25 remind him on WA','2025-03-26',1,1608,11,483,'Automatic',NULL,'Follow Up'),(263,'2025-03-26 06:00:00.231000','26.03.25	 G meeting with her and asked E commerce and the DM plan next meet will arrange with team','2025-03-26',1,1250,11,486,'Automatic',NULL,'Follow Up'),(264,'2025-03-25 18:30:00.000000','26.03.25 not ans','2025-03-26',1,290,11,489,'Automatic',NULL,'Call'),(265,'2025-04-02 06:00:00.000000','Had discussion directly regarding their projects and process. Need to share proposal for complete branding like Logo, website, DM. Need to have an another meeting once proposal is ready.','2025-04-01',1,1785,24,493,'Automatic',NULL,'Call'),(266,'2025-03-31 18:30:00.000000','Have sent a followup mail and need to share the proposal for logo design todayb before EOD','2025-04-01',1,1786,24,495,'Automatic',NULL,'Follow Up'),(267,'2025-03-27 10:30:00.000000','27.03.25 Cash has received','2025-04-02',1,434,11,498,'Automatic',NULL,'Call'),(268,'2025-03-25 10:00:00.000000','25.03.25	he called on sunday & monday will do advance but no response till , follow up him on WA','2025-04-02',1,1608,11,499,'Automatic',NULL,'Call'),(269,'2025-03-27 06:30:00.000000','27.03.25	she will update once MD ask means','2025-04-02',1,565,11,500,'Automatic',NULL,'Call'),(270,'2025-03-28 05:30:00.000000','28.03.25 He is busy with year-end work. He will discuss this later. \n27.03.25 	not ans','2025-04-02',1,1299,11,501,'Automatic',NULL,'Call'),(271,'2025-04-01 18:30:00.000000','02.04.25	photo shoot going on , this weekend will update','2025-04-02',1,1249,11,502,'Automatic',NULL,'Call'),(272,'2025-04-02 11:00:00.000000','02.04.25	he will pay advance once he get money into his account','2025-04-02',1,1608,11,503,'Automatic',NULL,'Call'),(273,'2025-04-02 10:30:00.000000','02.04.25 afternoon had spoken with him; he asked ssl & hosting charges and mentioned proposal shared him','2025-04-02',1,290,11,504,'Automatic',NULL,'Call'),(274,'2025-04-02 04:30:00.000000','02.04.25 He asked for a static site proposal; I shared it with him the the same day. He will update once it is discussed with MD','2025-04-03',1,1111,11,509,'Automatic',NULL,'Call'),(275,'2025-04-02 05:30:00.000000','02.04.25	not ans','2025-04-03',1,1788,11,511,'Automatic',NULL,'Call'),(276,'2025-04-03 11:30:00.000000','03.04.25	Praveen spoke with me, asked for an update, and forwarded it to Subbu, sir','2025-04-04',1,1326,11,514,'Automatic',NULL,'Call'),(277,'2025-04-07 05:00:00.000000','On Monday at 10.30 am, he asked to meet his team at the Thekkalur factory address for DM.','2025-04-05',1,1578,11,528,'Automatic',NULL,'Call'),(278,'2025-04-07 05:00:00.000000','02.04.25	till date  photo shoot is going on; he will update','2025-04-08',1,1299,11,534,'Automatic',NULL,'Follow Up'),(279,'2025-04-16 04:30:00.000000','16.04.25	Praveen	he will speak Mr. Dinesh & update \n15.04.25	Karthick Purchase	he asked final price \n08.04.25	Praveen	he is on leave','2025-04-17',1,1326,11,565,'Automatic',NULL,'Call'),(280,'2025-04-16 07:30:00.000000','16.04.25	revised proposal sent him \n15.04.25	he asked the final price gave him','2025-04-17',1,290,11,566,'Automatic',NULL,'Call'),(281,'2025-04-15 05:00:00.000000','15.04.25	MD reject the proposal','2025-04-17',1,1578,11,567,'Automatic',NULL,'Call'),(282,'2025-04-16 09:30:00.000000','16.04.25 Indurekha	she asking alternative solutions for data scraping and telecallers','2025-04-17',1,434,11,568,'Automatic',NULL,'Call');
/*!40000 ALTER TABLE `lead_task` ENABLE KEYS */;
UNLOCK TABLES;

--
-- Table structure for table `lead_task_assignment`
--

DROP TABLE IF EXISTS `lead_task_assignment`;
/*!40101 SET @saved_cs_client     = @@character_set_client */;
/*!50503 SET character_set_client = utf8mb4 */;
CREATE TABLE `lead_task_assignment` (
  `id` bigint(20) NOT NULL AUTO_INCREMENT,
  `assigned_on` date NOT NULL,
  `assignment_note` longtext DEFAULT NULL,
  `is_active` tinyint(1) NOT NULL,
  `assigned_by_id` int(11) NOT NULL,
  `assigned_to_id` int(11) NOT NULL,
  `task_id` bigint(20) NOT NULL,
  PRIMARY KEY (`id`),
  KEY `lead_task_assignment_assigned_by_id_8eaac6f6_fk_auth_user_id` (`assigned_by_id`),
  KEY `lead_task_assignment_assigned_to_id_d6d38a7c_fk_auth_user_id` (`assigned_to_id`),
  KEY `lead_task_assignment_task_id_ef397ae7_fk_lead_task_id` (`task_id`),
  CONSTRAINT `lead_task_assignment_assigned_by_id_8eaac6f6_fk_auth_user_id` FOREIGN KEY (`assigned_by_id`) REFERENCES `auth_user` (`id`),
  CONSTRAINT `lead_task_assignment_assigned_to_id_d6d38a7c_fk_auth_user_id` FOREIGN KEY (`assigned_to_id`) REFERENCES `auth_user` (`id`),
  CONSTRAINT `lead_task_assignment_task_id_ef397ae7_fk_lead_task_id` FOREIGN KEY (`task_id`) REFERENCES `lead_task` (`id`)
) ENGINE=InnoDB AUTO_INCREMENT=245 DEFAULT CHARSET=utf8mb4 COLLATE=utf8mb4_unicode_ci;
/*!40101 SET character_set_client = @saved_cs_client */;

--
-- Dumping data for table `lead_task_assignment`
--

LOCK TABLES `lead_task_assignment` WRITE;
/*!40000 ALTER TABLE `lead_task_assignment` DISABLE KEYS */;
INSERT INTO `lead_task_assignment` VALUES (119,'2025-01-18',NULL,1,1,11,186),(129,'2025-01-20',NULL,1,11,10,191),(131,'2025-01-21',NULL,1,10,11,193),(132,'2025-01-21',NULL,1,10,11,195),(135,'2025-01-21',NULL,1,10,10,198),(140,'2025-01-21',NULL,1,10,10,196),(144,'2025-01-21',NULL,1,10,10,203),(146,'2025-01-21',NULL,1,10,10,205),(159,'2025-01-21','New Assign Data',1,1,11,210),(160,'2025-01-21',NULL,1,11,10,211),(165,'2025-01-21','',1,11,10,213),(167,'2025-01-22','',1,10,10,215),(171,'2025-02-08','Task created automatically',1,11,10,219),(172,'2025-02-08',NULL,1,11,10,220),(173,'2025-02-08',NULL,1,11,10,221),(174,'2025-02-08',NULL,1,11,11,208),(175,'2025-02-08',NULL,1,11,10,222),(176,'2025-02-08',NULL,1,11,11,216),(201,'2025-03-04',NULL,1,1,18,240),(210,'2025-03-17','Task created automatically',1,11,11,248),(211,'2025-03-17','Task created automatically',1,11,11,249),(212,'2025-03-17','Task created automatically',1,11,11,250),(213,'2025-03-20','Task created automatically',1,11,11,251),(214,'2025-03-20','Task created automatically',1,11,11,252),(215,'2025-03-21','Task created automatically',1,11,11,253),(216,'2025-03-21','Task created automatically',1,11,11,254),(217,'2025-03-22','Task created automatically',1,11,11,255),(218,'2025-03-24','Task created automatically',1,11,11,256),(219,'2025-03-24','Task created automatically',1,11,11,257),(220,'2025-03-24','Task created automatically',1,11,11,258),(221,'2025-03-26','Task created automatically',1,11,11,259),(222,'2025-03-26','Task created automatically',1,11,11,260),(223,'2025-03-26','Task created automatically',1,11,11,261),(224,'2025-03-26','Task created automatically',1,11,11,262),(225,'2025-03-26','Task created automatically',1,11,11,263),(226,'2025-03-26','Task created automatically',1,11,11,264),(227,'2025-04-01','Task created automatically',1,24,24,265),(228,'2025-04-01','Task created automatically',1,24,24,266),(229,'2025-04-02','Task created automatically',1,11,11,267),(230,'2025-04-02','Task created automatically',1,11,11,268),(231,'2025-04-02','Task created automatically',1,11,11,269),(232,'2025-04-02','Task created automatically',1,11,11,270),(233,'2025-04-02','Task created automatically',1,11,11,271),(234,'2025-04-02','Task created automatically',1,11,11,272),(235,'2025-04-02','Task created automatically',1,11,11,273),(236,'2025-04-03','Task created automatically',1,11,11,274),(237,'2025-04-03','Task created automatically',1,11,11,275),(238,'2025-04-04','Task created automatically',1,11,11,276),(239,'2025-04-05','Task created automatically',1,11,11,277),(240,'2025-04-08','Task created automatically',1,11,11,278),(241,'2025-04-17','Task created automatically',1,11,11,279),(242,'2025-04-17','Task created automatically',1,11,11,280),(243,'2025-04-17','Task created automatically',1,11,11,281),(244,'2025-04-17','Task created automatically',1,11,11,282);
/*!40000 ALTER TABLE `lead_task_assignment` ENABLE KEYS */;
UNLOCK TABLES;

--
-- Table structure for table `lead_taskconversationlog`
--

DROP TABLE IF EXISTS `lead_taskconversationlog`;
/*!40101 SET @saved_cs_client     = @@character_set_client */;
/*!50503 SET character_set_client = utf8mb4 */;
CREATE TABLE `lead_taskconversationlog` (
  `id` bigint(20) NOT NULL AUTO_INCREMENT,
  `message` longtext NOT NULL,
  `created_on` datetime(6) NOT NULL,
  `created_by_id` int(11) NOT NULL,
  `task_id` bigint(20) NOT NULL,
  PRIMARY KEY (`id`),
  KEY `lead_taskconversationlog_created_by_id_2efae074_fk_auth_user_id` (`created_by_id`),
  KEY `lead_taskconversationlog_task_id_e4b8aa02_fk_lead_task_id` (`task_id`),
  CONSTRAINT `lead_taskconversationlog_created_by_id_2efae074_fk_auth_user_id` FOREIGN KEY (`created_by_id`) REFERENCES `auth_user` (`id`),
  CONSTRAINT `lead_taskconversationlog_task_id_e4b8aa02_fk_lead_task_id` FOREIGN KEY (`task_id`) REFERENCES `lead_task` (`id`)
) ENGINE=InnoDB AUTO_INCREMENT=18 DEFAULT CHARSET=utf8mb4 COLLATE=utf8mb4_unicode_ci;
/*!40101 SET character_set_client = @saved_cs_client */;

--
-- Dumping data for table `lead_taskconversationlog`
--

LOCK TABLES `lead_taskconversationlog` WRITE;
/*!40000 ALTER TABLE `lead_taskconversationlog` DISABLE KEYS */;
INSERT INTO `lead_taskconversationlog` VALUES (1,'Hiiiii','2025-02-18 06:10:27.556149',11,186);
/*!40000 ALTER TABLE `lead_taskconversationlog` ENABLE KEYS */;
UNLOCK TABLES;

--
-- Table structure for table `lead_taskconversationlog_seen_by`
--

DROP TABLE IF EXISTS `lead_taskconversationlog_seen_by`;
/*!40101 SET @saved_cs_client     = @@character_set_client */;
/*!50503 SET character_set_client = utf8mb4 */;
CREATE TABLE `lead_taskconversationlog_seen_by` (
  `id` bigint(20) NOT NULL AUTO_INCREMENT,
  `taskconversationlog_id` bigint(20) NOT NULL,
  `user_id` int(11) NOT NULL,
  PRIMARY KEY (`id`),
  UNIQUE KEY `lead_taskconversationlog_taskconversationlog_id_u_c209ceda_uniq` (`taskconversationlog_id`,`user_id`),
  KEY `lead_taskconversatio_user_id_f6990ab0_fk_auth_user` (`user_id`),
  CONSTRAINT `lead_taskconversatio_taskconversationlog__9f33a731_fk_lead_task` FOREIGN KEY (`taskconversationlog_id`) REFERENCES `lead_taskconversationlog` (`id`),
  CONSTRAINT `lead_taskconversatio_user_id_f6990ab0_fk_auth_user` FOREIGN KEY (`user_id`) REFERENCES `auth_user` (`id`)
) ENGINE=InnoDB AUTO_INCREMENT=5 DEFAULT CHARSET=utf8mb4 COLLATE=utf8mb4_unicode_ci;
/*!40101 SET character_set_client = @saved_cs_client */;

--
-- Dumping data for table `lead_taskconversationlog_seen_by`
--

LOCK TABLES `lead_taskconversationlog_seen_by` WRITE;
/*!40000 ALTER TABLE `lead_taskconversationlog_seen_by` DISABLE KEYS */;
/*!40000 ALTER TABLE `lead_taskconversationlog_seen_by` ENABLE KEYS */;
UNLOCK TABLES;

--
-- Table structure for table `token_blacklist_blacklistedtoken`
--

DROP TABLE IF EXISTS `token_blacklist_blacklistedtoken`;
/*!40101 SET @saved_cs_client     = @@character_set_client */;
/*!50503 SET character_set_client = utf8mb4 */;
CREATE TABLE `token_blacklist_blacklistedtoken` (
  `id` bigint(20) NOT NULL AUTO_INCREMENT,
  `blacklisted_at` datetime(6) NOT NULL,
  `token_id` bigint(20) NOT NULL,
  PRIMARY KEY (`id`),
  UNIQUE KEY `token_id` (`token_id`),
  CONSTRAINT `token_blacklist_blacklistedtoken_token_id_3cc7fe56_fk` FOREIGN KEY (`token_id`) REFERENCES `token_blacklist_outstandingtoken` (`id`)
) ENGINE=InnoDB AUTO_INCREMENT=322 DEFAULT CHARSET=utf8mb4 COLLATE=utf8mb4_unicode_ci;
/*!40101 SET character_set_client = @saved_cs_client */;

--
-- Dumping data for table `token_blacklist_blacklistedtoken`
--

LOCK TABLES `token_blacklist_blacklistedtoken` WRITE;
/*!40000 ALTER TABLE `token_blacklist_blacklistedtoken` DISABLE KEYS */;
INSERT INTO `token_blacklist_blacklistedtoken` VALUES (1,'2025-04-05 07:21:51.485473',1),(2,'2025-04-05 07:21:51.485527',74),(3,'2025-04-05 07:21:51.485559',77),(4,'2025-04-05 07:21:51.485587',78),(5,'2025-04-05 07:21:51.485614',79),(6,'2025-04-05 07:21:51.485641',80),(7,'2025-04-05 07:21:51.485666',81),(8,'2025-04-05 07:21:51.485693',82),(9,'2025-04-05 07:21:51.485719',83),(10,'2025-04-05 07:21:51.485745',84),(11,'2025-04-05 07:21:51.485771',85),(12,'2025-04-05 07:21:51.485798',90),(13,'2025-04-05 07:21:51.485825',93),(14,'2025-04-05 07:21:51.485851',94),(15,'2025-04-05 07:21:51.485877',95),(16,'2025-04-05 07:21:51.485904',96),(17,'2025-04-05 07:21:51.485930',105),(18,'2025-04-05 07:21:51.485957',106),(19,'2025-04-05 07:21:51.485983',110),(20,'2025-04-05 07:21:51.486009',111),(21,'2025-04-05 07:21:51.486036',116),(22,'2025-04-05 07:21:51.486062',118),(23,'2025-04-05 07:21:51.486088',121),(24,'2025-04-05 07:21:51.486114',119),(25,'2025-04-05 07:21:51.486141',123),(26,'2025-04-05 07:21:51.486168',125),(27,'2025-04-05 07:21:51.486193',124),(28,'2025-04-05 07:21:51.486219',126),(29,'2025-04-05 07:21:51.486244',127),(30,'2025-04-05 07:21:51.486271',132),(31,'2025-04-05 07:21:51.486297',122),(32,'2025-04-05 07:21:51.486323',133),(33,'2025-04-05 07:21:51.486349',142),(34,'2025-04-05 07:21:51.486375',145),(35,'2025-04-05 07:21:51.486402',146),(36,'2025-04-05 07:21:51.486428',147),(37,'2025-04-05 07:21:51.486454',148),(38,'2025-04-05 07:21:51.486480',149),(39,'2025-04-05 07:21:51.486506',157),(40,'2025-04-05 07:21:51.486532',158),(41,'2025-04-05 07:21:51.486559',159),(42,'2025-04-05 07:21:51.486585',160),(43,'2025-04-05 07:21:51.486611',161),(44,'2025-04-05 07:21:51.486637',162),(45,'2025-04-05 07:21:51.486663',163),(46,'2025-04-05 07:21:51.486689',164),(47,'2025-04-05 07:21:51.486716',167),(48,'2025-04-05 07:21:51.486741',168),(49,'2025-04-05 07:21:51.486768',169),(50,'2025-04-05 07:21:51.486793',170),(51,'2025-04-05 07:21:51.486819',174),(52,'2025-04-05 07:21:51.486845',175),(53,'2025-04-05 07:21:51.486871',176),(54,'2025-04-05 07:21:51.486898',180),(55,'2025-04-05 07:21:51.486924',187),(56,'2025-04-05 07:21:51.486950',189),(57,'2025-04-05 07:21:51.486975',190),(58,'2025-04-05 07:21:51.487001',199),(59,'2025-04-05 07:21:51.487027',201),(60,'2025-04-05 07:21:51.487053',202),(61,'2025-04-05 07:21:51.487079',204),(62,'2025-04-05 07:21:51.487104',206),(63,'2025-04-05 07:21:51.487130',208),(64,'2025-04-05 07:21:51.487155',210),(65,'2025-04-05 07:21:51.487180',209),(66,'2025-04-05 07:21:51.487207',213),(67,'2025-04-05 07:21:51.487233',215),(68,'2025-04-05 07:21:51.487258',216),(69,'2025-04-05 07:21:51.487284',218),(70,'2025-04-05 07:21:51.487309',219),(71,'2025-04-05 07:21:51.487334',220),(72,'2025-04-05 07:21:51.487359',221),(73,'2025-04-05 07:21:51.487385',222),(74,'2025-04-05 07:21:51.487411',223),(75,'2025-04-05 07:21:51.487436',224),(76,'2025-04-05 07:21:51.487461',225),(77,'2025-04-05 07:21:51.487487',226),(78,'2025-04-05 07:21:51.487513',227),(79,'2025-04-05 07:21:51.487540',217),(80,'2025-04-05 07:21:51.487565',228),(81,'2025-04-05 07:21:51.487590',229),(82,'2025-04-05 07:21:51.487615',230),(83,'2025-04-05 07:21:51.487640',232),(84,'2025-04-05 07:21:51.487665',231),(85,'2025-04-05 07:21:51.487690',234),(86,'2025-04-05 07:21:51.487716',233),(87,'2025-04-05 07:21:51.487742',236),(88,'2025-04-05 07:21:51.487768',237),(89,'2025-04-05 07:21:51.487793',238),(90,'2025-04-05 07:21:51.487818',239),(91,'2025-04-05 07:21:51.487844',240),(92,'2025-04-05 07:21:51.487869',241),(93,'2025-04-05 07:21:51.487894',235),(94,'2025-04-05 07:21:51.487921',242),(95,'2025-04-05 07:21:51.487946',245),(96,'2025-04-05 07:21:51.487971',246),(97,'2025-04-05 07:21:51.487997',247),(98,'2025-04-05 07:21:51.488022',248),(99,'2025-04-05 07:21:51.488047',249),(100,'2025-04-05 07:21:51.488073',250),(101,'2025-04-05 07:21:51.488098',251),(102,'2025-04-05 07:21:51.488123',252),(103,'2025-04-05 07:21:51.488148',253),(104,'2025-04-05 07:21:51.488174',254),(105,'2025-04-05 07:21:51.488200',255),(106,'2025-04-05 07:21:51.488225',256),(107,'2025-04-05 07:21:51.488252',257),(108,'2025-04-05 07:21:51.488278',259),(109,'2025-04-05 07:21:51.488304',260),(110,'2025-04-05 07:21:51.488332',261),(111,'2025-04-05 07:21:51.488358',263),(112,'2025-04-05 07:21:51.488384',265),(113,'2025-04-05 07:21:51.488410',267),(114,'2025-04-05 07:21:51.488435',268),(115,'2025-04-05 07:21:51.488461',269),(116,'2025-04-05 07:21:51.488487',270),(117,'2025-04-05 07:21:51.488513',272),(118,'2025-04-05 07:21:51.488539',271),(119,'2025-04-05 07:21:51.488566',244),(120,'2025-04-05 07:21:51.488592',276),(121,'2025-04-05 07:21:51.488618',278),(122,'2025-04-05 07:21:51.488643',279),(123,'2025-04-05 07:21:51.488669',280),(124,'2025-04-05 07:21:51.488695',281),(125,'2025-04-05 07:21:51.488722',282),(126,'2025-04-05 07:21:51.488748',283),(127,'2025-04-05 07:21:51.488773',284),(128,'2025-04-05 07:21:51.488799',285),(129,'2025-04-05 07:21:51.488825',286),(130,'2025-04-05 07:21:51.488852',287),(131,'2025-04-05 07:21:51.488879',288),(132,'2025-04-05 07:21:51.488905',289),(133,'2025-04-05 07:21:51.488932',290),(134,'2025-04-05 07:21:51.488958',291),(135,'2025-04-05 07:21:51.488984',292),(136,'2025-04-05 07:21:51.489010',293),(137,'2025-04-05 07:21:51.489036',294),(138,'2025-04-05 07:21:51.489062',295),(139,'2025-04-05 07:21:51.489088',296),(140,'2025-04-05 07:21:51.489114',297),(141,'2025-04-05 07:21:51.489140',298),(142,'2025-04-05 07:21:51.489166',299),(143,'2025-04-05 07:21:51.489192',300),(144,'2025-04-05 07:21:51.489218',301),(145,'2025-04-05 07:21:51.489245',302),(146,'2025-04-05 07:21:51.489271',303),(147,'2025-04-05 07:21:51.489298',304),(148,'2025-04-05 07:21:51.489323',305),(149,'2025-04-05 07:21:51.489350',306),(150,'2025-04-05 07:21:51.489377',307),(151,'2025-04-05 07:21:51.489404',308),(152,'2025-04-05 07:21:51.489430',309),(153,'2025-04-05 07:21:51.489456',310),(154,'2025-04-05 07:21:51.489482',311),(155,'2025-04-05 07:21:51.489508',312),(156,'2025-04-05 07:21:51.489535',314),(157,'2025-04-05 07:21:51.489560',315),(158,'2025-04-05 07:21:51.489586',313),(159,'2025-04-05 07:21:51.489612',318),(160,'2025-04-05 07:21:51.489638',275),(161,'2025-04-05 07:21:51.489664',319),(162,'2025-04-05 07:21:51.489691',316),(163,'2025-04-05 07:21:51.489717',322),(164,'2025-04-05 07:21:51.489742',323),(165,'2025-04-05 07:21:51.489768',324),(166,'2025-04-05 07:21:51.489794',325),(167,'2025-04-05 07:21:51.489820',326),(168,'2025-04-05 07:21:51.489845',327),(169,'2025-04-05 07:21:51.489871',328),(170,'2025-04-05 07:21:51.489897',329),(171,'2025-04-05 07:21:51.489923',330),(172,'2025-04-05 07:21:51.489949',321),(173,'2025-04-05 07:21:51.489975',332),(174,'2025-04-05 07:21:51.490002',331),(175,'2025-04-05 07:21:51.490028',333),(176,'2025-04-05 07:21:51.490053',337),(177,'2025-04-05 07:21:51.490079',339),(178,'2025-04-05 07:21:51.490105',340),(179,'2025-04-05 07:21:51.490131',342),(180,'2025-04-05 07:21:51.490157',343),(181,'2025-04-05 07:21:51.490184',344),(182,'2025-04-05 07:21:51.490210',345),(183,'2025-04-05 07:21:51.490236',346),(184,'2025-04-05 07:21:51.490261',347),(185,'2025-04-05 07:21:51.490286',348),(186,'2025-04-05 07:21:51.490312',350),(187,'2025-04-05 07:21:51.490338',352),(188,'2025-04-05 07:21:51.490363',353),(189,'2025-04-05 07:21:51.490389',349),(190,'2025-04-05 07:21:51.490415',356),(191,'2025-04-05 07:21:51.490440',355),(192,'2025-04-05 07:21:51.490466',368),(193,'2025-04-05 07:21:51.490492',369),(194,'2025-04-05 07:21:51.490518',366),(195,'2025-04-05 07:21:51.490544',372),(196,'2025-04-05 07:21:51.490569',374),(197,'2025-04-05 07:21:51.490596',373),(198,'2025-04-05 07:21:51.490621',377),(199,'2025-04-05 07:21:51.490647',380),(200,'2025-04-05 07:21:51.490672',381),(201,'2025-04-05 07:21:51.490698',376),(202,'2025-04-05 07:21:51.490725',384),(203,'2025-04-05 07:21:51.490751',388),(204,'2025-04-05 07:21:51.490777',389),(205,'2025-04-05 07:21:51.490804',385),(206,'2025-04-05 07:21:51.490829',391),(207,'2025-04-05 07:21:51.490855',392),(208,'2025-04-05 07:21:51.490880',390),(209,'2025-04-05 07:21:51.490906',395),(210,'2025-04-05 07:21:51.490932',394),(211,'2025-04-05 07:21:51.490958',399),(212,'2025-04-05 07:21:51.490984',398),(213,'2025-04-05 07:21:51.491011',400),(214,'2025-04-05 07:21:51.491036',404),(215,'2025-04-05 07:21:51.491062',396),(216,'2025-04-05 07:21:51.491087',402),(217,'2025-04-05 07:21:51.491113',410),(218,'2025-04-05 07:21:51.491139',411),(219,'2025-04-05 07:21:51.491164',413),(220,'2025-04-05 07:21:51.491189',414),(221,'2025-04-05 07:21:51.491215',403),(222,'2025-04-05 07:21:51.491241',417),(223,'2025-04-05 07:21:51.491267',419),(224,'2025-04-05 07:21:51.491293',412),(225,'2025-04-05 07:21:51.491318',416),(226,'2025-04-05 07:21:51.491344',418),(227,'2025-04-05 07:21:51.491369',421),(228,'2025-04-05 07:21:51.491395',422),(229,'2025-04-05 07:21:51.491420',423),(230,'2025-04-05 07:21:51.491446',425),(231,'2025-04-05 07:21:51.491472',424),(232,'2025-04-05 07:21:51.491497',427),(233,'2025-04-05 07:21:51.491523',426),(234,'2025-04-05 07:21:51.491551',428),(235,'2025-04-05 07:21:51.491577',431),(236,'2025-04-05 07:21:51.491603',432),(237,'2025-04-05 07:21:51.491628',430),(238,'2025-04-05 07:21:51.491654',406),(239,'2025-04-05 07:21:51.491679',408),(240,'2025-04-05 07:21:51.491705',433),(241,'2025-04-05 07:21:51.491731',438),(242,'2025-04-05 07:21:51.491757',434),(243,'2025-04-05 07:21:51.491783',440),(244,'2025-04-05 07:21:51.491809',441),(245,'2025-04-05 07:21:51.491834',420),(246,'2025-04-05 07:21:51.491860',443),(247,'2025-04-05 07:21:51.491886',442),(248,'2025-04-05 07:21:51.491912',447),(249,'2025-04-05 07:21:51.491938',409),(250,'2025-04-05 07:21:51.491964',444),(251,'2025-04-05 07:21:51.491990',446),(252,'2025-04-05 07:21:51.492016',450),(253,'2025-04-05 07:21:51.492041',453),(254,'2025-04-05 07:21:51.492067',415),(255,'2025-04-05 07:21:51.492093',455),(256,'2025-04-05 07:21:51.492118',458),(257,'2025-04-05 07:21:51.492144',457),(258,'2025-04-05 07:21:51.492169',461),(259,'2025-04-05 07:21:51.492195',463),(260,'2025-04-05 07:21:51.492221',465),(261,'2025-04-05 07:21:51.492247',466),(262,'2025-04-05 07:21:51.492274',468),(263,'2025-04-05 07:21:51.492300',436),(264,'2025-04-05 07:21:51.492325',469),(265,'2025-04-05 07:21:51.492351',467),(266,'2025-04-05 07:21:51.492377',456),(267,'2025-04-05 07:21:51.492402',448),(268,'2025-04-05 07:21:51.492427',473),(269,'2025-04-05 07:21:51.492453',445),(270,'2025-04-05 07:21:51.492480',477),(271,'2025-04-05 07:21:51.492506',478),(272,'2025-04-05 07:21:51.492531',474),(273,'2025-04-05 07:21:51.492556',437),(274,'2025-04-05 07:21:51.492582',479),(275,'2025-04-05 07:21:51.492608',480),(276,'2025-04-05 07:21:51.492633',488),(277,'2025-04-05 07:21:51.492659',493),(278,'2025-04-05 07:21:51.492684',494),(279,'2025-04-05 07:21:51.492710',497),(280,'2025-04-05 07:21:51.492736',498),(281,'2025-04-05 07:21:51.492761',500),(282,'2025-04-05 07:21:51.492787',504),(283,'2025-04-05 07:21:51.492812',505),(284,'2025-04-05 07:21:51.492838',506),(285,'2025-04-05 07:21:51.492863',510),(286,'2025-04-05 07:21:51.492889',513),(287,'2025-04-05 07:21:51.492914',516),(288,'2025-04-05 07:21:51.492941',515),(289,'2025-04-05 07:21:51.492967',519),(290,'2025-04-05 07:21:51.492994',521),(291,'2025-04-05 07:21:51.493019',524),(292,'2025-04-05 07:21:51.493045',526),(293,'2025-04-05 07:21:51.493071',527),(294,'2025-04-05 07:21:51.493098',522),(295,'2025-04-05 07:21:51.493124',529),(296,'2025-04-05 07:21:51.493149',534),(297,'2025-04-05 07:21:51.493175',535),(298,'2025-04-05 07:21:51.493201',537),(299,'2025-04-05 07:21:51.493227',528),(300,'2025-04-05 07:21:51.493253',541),(301,'2025-04-05 07:21:51.493280',544),(302,'2025-04-05 07:21:51.493306',548),(303,'2025-04-05 07:21:51.493331',549),(304,'2025-04-05 07:21:51.493358',550),(305,'2025-04-05 07:21:51.493383',551),(306,'2025-04-05 07:21:51.493409',553),(307,'2025-04-05 07:21:51.493434',555),(308,'2025-04-05 07:21:51.493459',557),(309,'2025-04-05 07:21:51.493485',561),(310,'2025-04-05 07:21:51.493513',560),(311,'2025-04-05 07:21:51.493540',570),(312,'2025-04-05 07:21:51.493566',571),(313,'2025-04-05 07:21:51.493591',574),(314,'2025-04-05 07:21:51.493616',576),(315,'2025-04-05 07:21:51.493642',575),(316,'2025-04-05 11:39:16.951279',578),(317,'2025-04-17 05:18:26.919034',592),(318,'2025-04-21 08:39:35.188260',594),(319,'2025-04-21 08:52:34.822565',595),(320,'2025-04-21 09:00:14.507340',597),(321,'2025-04-21 10:19:27.080110',598);
/*!40000 ALTER TABLE `token_blacklist_blacklistedtoken` ENABLE KEYS */;
UNLOCK TABLES;

--
-- Table structure for table `token_blacklist_outstandingtoken`
--

DROP TABLE IF EXISTS `token_blacklist_outstandingtoken`;
/*!40101 SET @saved_cs_client     = @@character_set_client */;
/*!50503 SET character_set_client = utf8mb4 */;
CREATE TABLE `token_blacklist_outstandingtoken` (
  `id` bigint(20) NOT NULL AUTO_INCREMENT,
  `token` longtext NOT NULL,
  `created_at` datetime(6) DEFAULT NULL,
  `expires_at` datetime(6) NOT NULL,
  `user_id` int(11) DEFAULT NULL,
  `jti` varchar(255) NOT NULL,
  PRIMARY KEY (`id`),
  UNIQUE KEY `token_blacklist_outstandingtoken_jti_hex_d9bdf6f7_uniq` (`jti`),
  KEY `token_blacklist_outs_user_id_83bc629a_fk_auth_user` (`user_id`),
  CONSTRAINT `token_blacklist_outs_user_id_83bc629a_fk_auth_user` FOREIGN KEY (`user_id`) REFERENCES `auth_user` (`id`)
) ENGINE=InnoDB AUTO_INCREMENT=602 DEFAULT CHARSET=utf8mb4 COLLATE=utf8mb4_unicode_ci;
/*!40101 SET character_set_client = @saved_cs_client */;

--
-- Dumping data for table `token_blacklist_outstandingtoken`
--

LOCK TABLES `token_blacklist_outstandingtoken` WRITE;
/*!40000 ALTER TABLE `token_blacklist_outstandingtoken` DISABLE KEYS */;
INSERT INTO `token_blacklist_outstandingtoken` VALUES (1,'eyJhbGciOiJIUzI1NiIsInR5cCI6IkpXVCJ9.eyJ0b2tlbl90eXBlIjoicmVmcmVzaCIsImV4cCI6MTczOTA5MDU0OSwiaWF0IjoxNzM4MjI2NTQ5LCJqdGkiOiIxMjBjYmI4NTQ4M2Q0ZWMzOTNmMjNjNzExMGQwMDNkOSIsInVzZXJfaWQiOjF9.Not-jp5LOV7X2gDvkBEf7MoOx6aUkAGjZriSrl_3R7U','2025-01-30 08:42:29.504886','2025-02-09 08:42:29.000000',1,'120cbb85483d4ec393f23c7110d003d9'),(2,'eyJhbGciOiJIUzI1NiIsInR5cCI6IkpXVCJ9.eyJ0b2tlbl90eXBlIjoicmVmcmVzaCIsImV4cCI6MTczODIzNjk4NCwiaWF0IjoxNzM4MjM2OTI0LCJqdGkiOiI1YmNjODlhYzE1NDg0NDIzOGUxZDhkMzc5ZjBmNWRiOCIsInVzZXJfaWQiOjF9.NX3TNw8W5EoFWn3Bkl1q17qu_IgKLofi9PMtdXbs7tk','2025-01-30 11:35:24.920989','2025-01-30 11:36:24.000000',1,'5bcc89ac154844238e1d8d379f0f5db8'),(3,'eyJhbGciOiJIUzI1NiIsInR5cCI6IkpXVCJ9.eyJ0b2tlbl90eXBlIjoicmVmcmVzaCIsImV4cCI6MTczODIzNzM2NywiaWF0IjoxNzM4MjM3MzA3LCJqdGkiOiI4MDhkMjE0MWEyNTI0YjAyOTg3NWJmMGM5N2Y2NmNhNyIsInVzZXJfaWQiOjF9.d-giECbODgHyJOpgp16Y9Pqvhw22drHdnkaLwR0zuio','2025-01-30 11:41:47.083739','2025-01-30 11:42:47.000000',1,'808d2141a2524b029875bf0c97f66ca7'),(4,'eyJhbGciOiJIUzI1NiIsInR5cCI6IkpXVCJ9.eyJ0b2tlbl90eXBlIjoicmVmcmVzaCIsImV4cCI6MTczODIzNzQwNSwiaWF0IjoxNzM4MjM3MzQ1LCJqdGkiOiIxNDJkNzE0MTdlOTg0ODJmYmY1YTI1ZjIyOWI1YmQ4MyIsInVzZXJfaWQiOjF9.i6W_jM5NxFmkOCAaPK6Nm2np2-TrgyytjvUeylp_PqA','2025-01-30 11:42:25.408430','2025-01-30 11:43:25.000000',1,'142d71417e98482fbf5a25f229b5bd83'),(5,'eyJhbGciOiJIUzI1NiIsInR5cCI6IkpXVCJ9.eyJ0b2tlbl90eXBlIjoicmVmcmVzaCIsImV4cCI6MTczODIzNzQzNywiaWF0IjoxNzM4MjM3Mzc3LCJqdGkiOiI0ZTU0YTZmYzM0NWQ0MWE3ODU3YmQ4ZGI5ODEzODgzOCIsInVzZXJfaWQiOjF9.DD7WiL9UX88Guu060zmZW_TCsk0_HtLIFNI8iEyYkAE','2025-01-30 11:42:57.452053','2025-01-30 11:43:57.000000',1,'4e54a6fc345d41a7857bd8db98138838'),(6,'eyJhbGciOiJIUzI1NiIsInR5cCI6IkpXVCJ9.eyJ0b2tlbl90eXBlIjoicmVmcmVzaCIsImV4cCI6MTczODIzNzQ3NiwiaWF0IjoxNzM4MjM3NDE2LCJqdGkiOiJmMjQ3MmVjN2E0MWY0M2FmYTcwYTk1OTNjZWEwMzY4NSIsInVzZXJfaWQiOjF9.S-fVI5-wrCQZapmuq_bI4AsTaO5ZqRtaa4tgNuxnmiY','2025-01-30 11:43:36.257393','2025-01-30 11:44:36.000000',1,'f2472ec7a41f43afa70a9593cea03685'),(7,'eyJhbGciOiJIUzI1NiIsInR5cCI6IkpXVCJ9.eyJ0b2tlbl90eXBlIjoicmVmcmVzaCIsImV4cCI6MTczODIzNzQ4OSwiaWF0IjoxNzM4MjM3NDI5LCJqdGkiOiJlNGViMWFjYzQyZWE0MmRkODc4YjUwNjIwZWMzZWQxMiIsInVzZXJfaWQiOjF9.NWO9cB7UaYWJeBw92HZo9oJz4fIdmwWYrJqtORLMbZs','2025-01-30 11:43:49.594134','2025-01-30 11:44:49.000000',1,'e4eb1acc42ea42dd878b50620ec3ed12'),(8,'eyJhbGciOiJIUzI1NiIsInR5cCI6IkpXVCJ9.eyJ0b2tlbl90eXBlIjoicmVmcmVzaCIsImV4cCI6MTczODIzNzU2MCwiaWF0IjoxNzM4MjM3NTAwLCJqdGkiOiIyNjUyNDQ4OTUyMjA0NTY4YWZjZmI1YTMzNGIxMzExNyIsInVzZXJfaWQiOjF9.HSTonLEH90qrVZU_rNCA8Jw3dEfDoOyJ0K47Y-Qi_zY','2025-01-30 11:45:00.200841','2025-01-30 11:46:00.000000',1,'2652448952204568afcfb5a334b13117'),(9,'eyJhbGciOiJIUzI1NiIsInR5cCI6IkpXVCJ9.eyJ0b2tlbl90eXBlIjoicmVmcmVzaCIsImV4cCI6MTczODIzNzYxMSwiaWF0IjoxNzM4MjM3NTUxLCJqdGkiOiJmMGMwMTlmMmE3OWQ0ZGI1YmJiYTFjYTk1MmYwM2Q4NCIsInVzZXJfaWQiOjF9.twBP-Ob9FiwIQp92UsWSFNFDrOMv4QYEKp0BWhN36fY','2025-01-30 11:45:51.178343','2025-01-30 11:46:51.000000',1,'f0c019f2a79d4db5bbba1ca952f03d84'),(10,'eyJhbGciOiJIUzI1NiIsInR5cCI6IkpXVCJ9.eyJ0b2tlbl90eXBlIjoicmVmcmVzaCIsImV4cCI6MTczODIzNzY4MCwiaWF0IjoxNzM4MjM3NjIwLCJqdGkiOiJiOTc0Y2U5NWNlYTM0NTljODZhMmZmMjNiYmI4ZjdhNyIsInVzZXJfaWQiOjF9.k6ESyNQuJklfL_f01l9hpC_eC0S84rhkEdbqwQ6-sQo','2025-01-30 11:47:00.727849','2025-01-30 11:48:00.000000',1,'b974ce95cea3459c86a2ff23bbb8f7a7'),(11,'eyJhbGciOiJIUzI1NiIsInR5cCI6IkpXVCJ9.eyJ0b2tlbl90eXBlIjoicmVmcmVzaCIsImV4cCI6MTczODIzNzc2MCwiaWF0IjoxNzM4MjM3NzAwLCJqdGkiOiI2NTNkMGRiNTM3OTM0NzUyOGI3OGVlOGMxNGVlYjBjNSIsInVzZXJfaWQiOjF9.0gSovdibxLco2Y7loO8ZNtVZQ37xp1Ngx6kgXem2J-c','2025-01-30 11:48:20.373847','2025-01-30 11:49:20.000000',1,'653d0db5379347528b78ee8c14eeb0c5'),(12,'eyJhbGciOiJIUzI1NiIsInR5cCI6IkpXVCJ9.eyJ0b2tlbl90eXBlIjoicmVmcmVzaCIsImV4cCI6MTczODIzODAzNCwiaWF0IjoxNzM4MjM3OTc0LCJqdGkiOiIxYTljZTA3NDc3ZjY0NzM0ODg1MTIzMDI1OTQwOTI5NSIsInVzZXJfaWQiOjF9.Nj9-TxHJ47cp6ucB-EeZprDIXRzw9wFdSzm6XikLLyM','2025-01-30 11:52:54.021894','2025-01-30 11:53:54.000000',1,'1a9ce07477f647348851230259409295'),(13,'eyJhbGciOiJIUzI1NiIsInR5cCI6IkpXVCJ9.eyJ0b2tlbl90eXBlIjoicmVmcmVzaCIsImV4cCI6MTczODIzODEzMywiaWF0IjoxNzM4MjM4MDczLCJqdGkiOiI0YzdlMjc4MzBmYWE0YWMxOGU0YTM5MmRlMGQxOTY5NSIsInVzZXJfaWQiOjF9.McyanwKoUMDW8qm7Ub5D1TPRyXBWZg8SKYFgH_LIDJ0','2025-01-30 11:54:33.124629','2025-01-30 11:55:33.000000',1,'4c7e27830faa4ac18e4a392de0d19695'),(14,'eyJhbGciOiJIUzI1NiIsInR5cCI6IkpXVCJ9.eyJ0b2tlbl90eXBlIjoicmVmcmVzaCIsImV4cCI6MTczODIzODE4NCwiaWF0IjoxNzM4MjM4MTI0LCJqdGkiOiIzNTRhYjZmNzhhNjU0NzhhYWEwMWY3Njc2ZGNmODgzNCIsInVzZXJfaWQiOjF9.C787Kr_21TpQm3ZXKqptTZRvElCwG535_zH9LpDdTow','2025-01-30 11:55:24.166897','2025-01-30 11:56:24.000000',1,'354ab6f78a65478aaa01f7676dcf8834'),(15,'eyJhbGciOiJIUzI1NiIsInR5cCI6IkpXVCJ9.eyJ0b2tlbl90eXBlIjoicmVmcmVzaCIsImV4cCI6MTczODIzODM0MywiaWF0IjoxNzM4MjM4MjgzLCJqdGkiOiJjNDZhMGNkZTgyNGM0MDE2OWQ3MGYyOGY0ZGExZWVjNCIsInVzZXJfaWQiOjF9.cuVU4DAuA_Iie2DccbLusWlYcafBtqOJIgHvCOESfNQ','2025-01-30 11:58:03.134306','2025-01-30 11:59:03.000000',1,'c46a0cde824c40169d70f28f4da1eec4'),(16,'eyJhbGciOiJIUzI1NiIsInR5cCI6IkpXVCJ9.eyJ0b2tlbl90eXBlIjoicmVmcmVzaCIsImV4cCI6MTczODIzODM1OSwiaWF0IjoxNzM4MjM4Mjk5LCJqdGkiOiI5MTI2NmVhMWQ5MDY0NGEyOTExYzJlZDQxOTllZGY2MiIsInVzZXJfaWQiOjF9.BOwG_GVGV5nSF1SJhuAnq9jqWY1r8MtwwfarawCE5CE','2025-01-30 11:58:19.253602','2025-01-30 11:59:19.000000',1,'91266ea1d90644a2911c2ed4199edf62'),(17,'eyJhbGciOiJIUzI1NiIsInR5cCI6IkpXVCJ9.eyJ0b2tlbl90eXBlIjoicmVmcmVzaCIsImV4cCI6MTczODIzODQwOSwiaWF0IjoxNzM4MjM4MzQ5LCJqdGkiOiI4YTZkY2VhNjY3NTg0NTkzOTk2YzY5MjM5ZDU2NTk3ZSIsInVzZXJfaWQiOjF9.gUslhjBF_ydkyzUZqJlyOxkhZTHEaML7xtWlXEQU1-Y','2025-01-30 11:59:09.495462','2025-01-30 12:00:09.000000',1,'8a6dcea667584593996c69239d56597e'),(18,'eyJhbGciOiJIUzI1NiIsInR5cCI6IkpXVCJ9.eyJ0b2tlbl90eXBlIjoicmVmcmVzaCIsImV4cCI6MTczODIzODQzOSwiaWF0IjoxNzM4MjM4Mzc5LCJqdGkiOiJkMjI1Y2U3MWRlZGI0NGYwOTM4ZmI3MDVkYjQ3NWEyNCIsInVzZXJfaWQiOjF9.GenQKMvECiBXjQkUe3X_Yq1a9wo1cjh1pdKGN8CRH_c','2025-01-30 11:59:39.068441','2025-01-30 12:00:39.000000',1,'d225ce71dedb44f0938fb705db475a24'),(19,'eyJhbGciOiJIUzI1NiIsInR5cCI6IkpXVCJ9.eyJ0b2tlbl90eXBlIjoicmVmcmVzaCIsImV4cCI6MTczODIzODQ4NiwiaWF0IjoxNzM4MjM4NDI2LCJqdGkiOiI1NjIwYTJlNmZkZTA0NDI1OGU2N2ExNWRjMmU3YWJlYyIsInVzZXJfaWQiOjF9.u3X5Hbj28kfIEPS9rGcMgoeCyKm0L08TNe6PHj9i614','2025-01-30 12:00:26.978150','2025-01-30 12:01:26.000000',1,'5620a2e6fde044258e67a15dc2e7abec'),(20,'eyJhbGciOiJIUzI1NiIsInR5cCI6IkpXVCJ9.eyJ0b2tlbl90eXBlIjoicmVmcmVzaCIsImV4cCI6MTczODIzODY4NSwiaWF0IjoxNzM4MjM4NjI1LCJqdGkiOiI1ZjgwNzBkNzBkZDc0ODBiOWI5NmY2OGNiMjY4ZWU2NyIsInVzZXJfaWQiOjF9.BGc-izt1sJnLV6yn4WMdzQGjqJcf8ofM3dVrdlNYbT0','2025-01-30 12:03:45.834004','2025-01-30 12:04:45.000000',1,'5f8070d70dd7480b9b96f68cb268ee67'),(21,'eyJhbGciOiJIUzI1NiIsInR5cCI6IkpXVCJ9.eyJ0b2tlbl90eXBlIjoicmVmcmVzaCIsImV4cCI6MTczODIzODcyNCwiaWF0IjoxNzM4MjM4NjY0LCJqdGkiOiI2ZmE3MTM2NmM2NmM0Zjg2OWI5NTFiMjAzODFlY2I4OSIsInVzZXJfaWQiOjF9.Bg2Kg3qVKoAZZXhr0AA6JQoMPKoGgCONRjAYvq9i3gQ','2025-01-30 12:04:24.903816','2025-01-30 12:05:24.000000',1,'6fa71366c66c4f869b951b20381ecb89'),(22,'eyJhbGciOiJIUzI1NiIsInR5cCI6IkpXVCJ9.eyJ0b2tlbl90eXBlIjoicmVmcmVzaCIsImV4cCI6MTczODIzODczMywiaWF0IjoxNzM4MjM4NjczLCJqdGkiOiIwMGM4NGZmNjRiMjc0YWU4YTk2MDM3ZjdiMDg5ZmNkMSIsInVzZXJfaWQiOjF9.0m61s0R99jPIowcT0QKJS6mhB3efg-rd4jt2taRdMWs','2025-01-30 12:04:33.877359','2025-01-30 12:05:33.000000',1,'00c84ff64b274ae8a96037f7b089fcd1'),(23,'eyJhbGciOiJIUzI1NiIsInR5cCI6IkpXVCJ9.eyJ0b2tlbl90eXBlIjoicmVmcmVzaCIsImV4cCI6MTczODIzODc5MiwiaWF0IjoxNzM4MjM4NzMyLCJqdGkiOiIyYzkzY2FhZGI5MjY0YTUwOGM2OWJmMTk4YzAwYWIxNiIsInVzZXJfaWQiOjF9.mu99RLTdXIq2Q02XpdzxdHr_ymZkcBeE20YDCZ5BbkY','2025-01-30 12:05:32.800294','2025-01-30 12:06:32.000000',1,'2c93caadb9264a508c69bf198c00ab16'),(24,'eyJhbGciOiJIUzI1NiIsInR5cCI6IkpXVCJ9.eyJ0b2tlbl90eXBlIjoicmVmcmVzaCIsImV4cCI6MTczODIzODgxOCwiaWF0IjoxNzM4MjM4NzU4LCJqdGkiOiIyNjkyYzk5ZTJhYzU0YmEzYWFmOTM1ZTc0Yzk4ZmJlZCIsInVzZXJfaWQiOjF9.jSn7Uofbs8DDfggWBKTrRhlSsObaVf650TzNiYrcFfQ','2025-01-30 12:05:58.064211','2025-01-30 12:06:58.000000',1,'2692c99e2ac54ba3aaf935e74c98fbed'),(25,'eyJhbGciOiJIUzI1NiIsInR5cCI6IkpXVCJ9.eyJ0b2tlbl90eXBlIjoicmVmcmVzaCIsImV4cCI6MTczODIzODk1NCwiaWF0IjoxNzM4MjM4ODk0LCJqdGkiOiI0NzQ4MjIzNzU4MmU0MWZmYmE2MjdkMzU3YWYzMWNjZiIsInVzZXJfaWQiOjF9.LUqhp9WCKRhmeUHt3ag-8zfKfVscTQINAUca2OYyg4A','2025-01-30 12:08:14.436374','2025-01-30 12:09:14.000000',1,'47482237582e41ffba627d357af31ccf'),(26,'eyJhbGciOiJIUzI1NiIsInR5cCI6IkpXVCJ9.eyJ0b2tlbl90eXBlIjoicmVmcmVzaCIsImV4cCI6MTczODIzOTExMywiaWF0IjoxNzM4MjM5MDUzLCJqdGkiOiJlNjNmYmUxMDQ2MDY0NDM5YTVmYzU0ZWQyODM0MjgyMCIsInVzZXJfaWQiOjF9.sg9BXWdix8wfiHeiKDmFBTw0GqzHpA5pYHgHjzCsQP0','2025-01-30 12:10:53.434392','2025-01-30 12:11:53.000000',1,'e63fbe1046064439a5fc54ed28342820'),(27,'eyJhbGciOiJIUzI1NiIsInR5cCI6IkpXVCJ9.eyJ0b2tlbl90eXBlIjoicmVmcmVzaCIsImV4cCI6MTczODIzOTE3MCwiaWF0IjoxNzM4MjM5MTEwLCJqdGkiOiIzNmM3OGVlM2FiNDI0MWZjYmI5MGQ4ZjMyZDg2Y2E4NyIsInVzZXJfaWQiOjF9.bUtXdw9-Gnmn1JZ_qX9eiXCY2DnfW89FOYqVN1jMjmw','2025-01-30 12:11:50.128363','2025-01-30 12:12:50.000000',1,'36c78ee3ab4241fcbb90d8f32d86ca87'),(28,'eyJhbGciOiJIUzI1NiIsInR5cCI6IkpXVCJ9.eyJ0b2tlbl90eXBlIjoicmVmcmVzaCIsImV4cCI6MTczODIzOTIxOCwiaWF0IjoxNzM4MjM5MTU4LCJqdGkiOiJiMmJkNjNhOGU2YTE0ZmY2YTVhMTUxZmIwN2VlMTJlZCIsInVzZXJfaWQiOjF9.KDiILdvMdAj0-66ZqonGXSOR-URNfBLKI8dV9YNO3Bo','2025-01-30 12:12:38.789534','2025-01-30 12:13:38.000000',1,'b2bd63a8e6a14ff6a5a151fb07ee12ed'),(29,'eyJhbGciOiJIUzI1NiIsInR5cCI6IkpXVCJ9.eyJ0b2tlbl90eXBlIjoicmVmcmVzaCIsImV4cCI6MTczODIzOTI4MywiaWF0IjoxNzM4MjM5MjIzLCJqdGkiOiI5MTIyN2MzODFhOGI0OTE3ODVkMjcwM2IzNzllNDBhZCIsInVzZXJfaWQiOjF9.2BplwDvrIwpIRPkOyjSoyDwtIupA9QBXBOnGmHiezOE','2025-01-30 12:13:43.577549','2025-01-30 12:14:43.000000',1,'91227c381a8b491785d2703b379e40ad'),(30,'eyJhbGciOiJIUzI1NiIsInR5cCI6IkpXVCJ9.eyJ0b2tlbl90eXBlIjoicmVmcmVzaCIsImV4cCI6MTczODIzOTM2NCwiaWF0IjoxNzM4MjM5MzA0LCJqdGkiOiJjNzVhM2JlMzNjYzY0NzE4YjI3MTI3NGI2MmFjYzdjMyIsInVzZXJfaWQiOjF9.C5jKCf3NUJjjha5a9_o-CXsKKlVhgW2koiBTctyzGtE','2025-01-30 12:15:04.911020','2025-01-30 12:16:04.000000',1,'c75a3be33cc64718b271274b62acc7c3'),(31,'eyJhbGciOiJIUzI1NiIsInR5cCI6IkpXVCJ9.eyJ0b2tlbl90eXBlIjoicmVmcmVzaCIsImV4cCI6MTczODIzOTQwNiwiaWF0IjoxNzM4MjM5MzQ2LCJqdGkiOiJhN2Y4MmUzZjA2N2U0MWU3ODA0ZWU5YTMxZWI3Y2IyMiIsInVzZXJfaWQiOjF9.3gPJcVsUNN5954Nl2iSgZQxtIo3mz3FXHxPHGo3hXow','2025-01-30 12:15:46.198417','2025-01-30 12:16:46.000000',1,'a7f82e3f067e41e7804ee9a31eb7cb22'),(32,'eyJhbGciOiJIUzI1NiIsInR5cCI6IkpXVCJ9.eyJ0b2tlbl90eXBlIjoicmVmcmVzaCIsImV4cCI6MTczODIzOTYxNywiaWF0IjoxNzM4MjM5NTU3LCJqdGkiOiJiZDFlY2RhZDY2Y2E0NmEzYjhiYzU5MjM4MGMxM2RiYyIsInVzZXJfaWQiOjF9.HqvdKT_u8NDzeim-4HtnYDXk_S4KM-K5Fcbp1zwKd7A','2025-01-30 12:19:17.450910','2025-01-30 12:20:17.000000',1,'bd1ecdad66ca46a3b8bc592380c13dbc'),(33,'eyJhbGciOiJIUzI1NiIsInR5cCI6IkpXVCJ9.eyJ0b2tlbl90eXBlIjoicmVmcmVzaCIsImV4cCI6MTczODIzOTY0OSwiaWF0IjoxNzM4MjM5NTg5LCJqdGkiOiI2NTNiNjJjMzcxNmI0NGM3OTEzMjZmODNiNDkzOTYxOCIsInVzZXJfaWQiOjF9.-YvzkNgnQv_UmAowtHl2SscyL1GFPXDUg-WB8qn-0fI','2025-01-30 12:19:49.113099','2025-01-30 12:20:49.000000',1,'653b62c3716b44c791326f83b4939618'),(34,'eyJhbGciOiJIUzI1NiIsInR5cCI6IkpXVCJ9.eyJ0b2tlbl90eXBlIjoicmVmcmVzaCIsImV4cCI6MTczODIzOTcxNSwiaWF0IjoxNzM4MjM5NjU1LCJqdGkiOiI3ZThhYTQ5NGJlMjc0NmFkYmNiYjZjODAwMTY3YWI1OCIsInVzZXJfaWQiOjF9.l06ice7bgCmmHyV2qBrPA_LkpniIcA_6nokXlznOajw','2025-01-30 12:20:55.342101','2025-01-30 12:21:55.000000',1,'7e8aa494be2746adbcbb6c800167ab58'),(35,'eyJhbGciOiJIUzI1NiIsInR5cCI6IkpXVCJ9.eyJ0b2tlbl90eXBlIjoicmVmcmVzaCIsImV4cCI6MTczODIzOTc0NCwiaWF0IjoxNzM4MjM5Njg0LCJqdGkiOiIxYmIwZWM2N2RkN2E0M2Q1ODYwMjM1ZDdlYTY3MDI4NiIsInVzZXJfaWQiOjF9.2sMe71BIZcE_pRrpzdky8kBmALpse-JrwdidS_qZdDs','2025-01-30 12:21:24.414854','2025-01-30 12:22:24.000000',1,'1bb0ec67dd7a43d5860235d7ea670286'),(36,'eyJhbGciOiJIUzI1NiIsInR5cCI6IkpXVCJ9.eyJ0b2tlbl90eXBlIjoicmVmcmVzaCIsImV4cCI6MTczODIzOTc2MCwiaWF0IjoxNzM4MjM5NzAwLCJqdGkiOiI1NjBiZmZlMDAzNGQ0OGQwYjVmNzVlMjhlNGZiNGEzNyIsInVzZXJfaWQiOjF9.-ZexSro4a2ekdfcbRfQ37zrwK3IqlqKwCz2_Yn9eKmE','2025-01-30 12:21:40.057350','2025-01-30 12:22:40.000000',1,'560bffe0034d48d0b5f75e28e4fb4a37'),(37,'eyJhbGciOiJIUzI1NiIsInR5cCI6IkpXVCJ9.eyJ0b2tlbl90eXBlIjoicmVmcmVzaCIsImV4cCI6MTczODIzOTgzNywiaWF0IjoxNzM4MjM5Nzc3LCJqdGkiOiJlYjRmMDA1NjE2NDU0NTk2YmM0MTE1Njg4Mzc5ODA5MiIsInVzZXJfaWQiOjF9.zPWXBXs2cxyNuPiVy3u8uTbK12tSto1V9hrr0iJMCOc','2025-01-30 12:22:57.863843','2025-01-30 12:23:57.000000',1,'eb4f005616454596bc41156883798092'),(38,'eyJhbGciOiJIUzI1NiIsInR5cCI6IkpXVCJ9.eyJ0b2tlbl90eXBlIjoicmVmcmVzaCIsImV4cCI6MTczODIzOTkyMiwiaWF0IjoxNzM4MjM5ODYyLCJqdGkiOiI4MmU1Y2JkZWI5YjY0MDdiOTUxMjk4OTI0ZjE3NGJlNiIsInVzZXJfaWQiOjF9.AJX5oqj7w5eDPfEIwqXD8Xzl7Qjp4HWfB4sa33tsw9w','2025-01-30 12:24:22.615856','2025-01-30 12:25:22.000000',1,'82e5cbdeb9b6407b951298924f174be6'),(39,'eyJhbGciOiJIUzI1NiIsInR5cCI6IkpXVCJ9.eyJ0b2tlbl90eXBlIjoicmVmcmVzaCIsImV4cCI6MTczODg0NDgyMCwiaWF0IjoxNzM4MjQwMDIwLCJqdGkiOiI1MWExZmM1NmRiOGI0YTM5YTQxMWIxMzA5OTExNzYxYiIsInVzZXJfaWQiOjF9.Hr3Bh1OBvd_U2YApvU9rqiRWxkvwqdqO4fKlClN3tPA','2025-01-30 12:27:00.154663','2025-02-06 12:27:00.000000',1,'51a1fc56db8b4a39a411b1309911761b'),(40,'eyJhbGciOiJIUzI1NiIsInR5cCI6IkpXVCJ9.eyJ0b2tlbl90eXBlIjoicmVmcmVzaCIsImV4cCI6MTczODg0NDgzMiwiaWF0IjoxNzM4MjQwMDMyLCJqdGkiOiI1OTI4NmRmMmRjMDg0NjVkYTdjYzRhOTkwMjg2ZjIxNCIsInVzZXJfaWQiOjE0fQ.wL93EcKHFD24WcMdcOOG_O2ifzHpwxEwjTpIgIqL9AA','2025-01-30 12:27:12.758968','2025-02-06 12:27:12.000000',NULL,'59286df2dc08465da7cc4a990286f214'),(41,'eyJhbGciOiJIUzI1NiIsInR5cCI6IkpXVCJ9.eyJ0b2tlbl90eXBlIjoicmVmcmVzaCIsImV4cCI6MTczODg0NDkwNSwiaWF0IjoxNzM4MjQwMTA1LCJqdGkiOiJmYzg4ZDg5YWI2YTM0ZTUzYjBkZDVmNjcwN2I2NDY3NiIsInVzZXJfaWQiOjEyfQ.cOhc3ccZtO3yn11sV04rkQc3aMCB-WXnV8xEjTkBAEs','2025-01-30 12:28:25.896453','2025-02-06 12:28:25.000000',12,'fc88d89ab6a34e53b0dd5f6707b64676'),(42,'eyJhbGciOiJIUzI1NiIsInR5cCI6IkpXVCJ9.eyJ0b2tlbl90eXBlIjoicmVmcmVzaCIsImV4cCI6MTczODI0MDMzNywiaWF0IjoxNzM4MjQwMjc3LCJqdGkiOiI3MGQ4ZDIxZWFiMWM0YWFkOTZmNzE2NjQxOGRkNTU3NCIsInVzZXJfaWQiOjF9.nfvO6L3bg3lGuZKPggpeJJAKtglaX4f0SOpYnUt1htI','2025-01-30 12:31:17.777742','2025-01-30 12:32:17.000000',1,'70d8d21eab1c4aad96f7166418dd5574'),(43,'eyJhbGciOiJIUzI1NiIsInR5cCI6IkpXVCJ9.eyJ0b2tlbl90eXBlIjoicmVmcmVzaCIsImV4cCI6MTczODI0MDM4NywiaWF0IjoxNzM4MjQwMzI3LCJqdGkiOiI4MjBmZGRmMTRmMjI0ZGU4OTM3ZGI0M2M3OWVkMzc1NiIsInVzZXJfaWQiOjF9.zBTQ379oRO9f8xyzrUDrp3wlhJyXIZGT9tXRQR9vYjg','2025-01-30 12:32:07.585240','2025-01-30 12:33:07.000000',1,'820fddf14f224de8937db43c79ed3756'),(44,'eyJhbGciOiJIUzI1NiIsInR5cCI6IkpXVCJ9.eyJ0b2tlbl90eXBlIjoicmVmcmVzaCIsImV4cCI6MTczODI0MDQ1NiwiaWF0IjoxNzM4MjQwMzk2LCJqdGkiOiIxMjE5MGEzMGM3MDE0MTIzYjdjZmM4ZTRmODY0ZTg0MiIsInVzZXJfaWQiOjEwfQ.nRmbwBKBJjXlimGmgqsL1vuXn9BFaJRCaAQC6K_TeTo','2025-01-30 12:33:16.872635','2025-01-30 12:34:16.000000',10,'12190a30c7014123b7cfc8e4f864e842'),(45,'eyJhbGciOiJIUzI1NiIsInR5cCI6IkpXVCJ9.eyJ0b2tlbl90eXBlIjoicmVmcmVzaCIsImV4cCI6MTczODI0MDQ3MywiaWF0IjoxNzM4MjQwNDEzLCJqdGkiOiIyNzcxZDdkMTE5NzE0MTA2OWMxMjMwN2U0OWU5NTQyMSIsInVzZXJfaWQiOjEwfQ.b28NXcmapNClCoMbMQukNZ_BelvarsMkZlAdqy6J3AM','2025-01-30 12:33:33.914720','2025-01-30 12:34:33.000000',10,'2771d7d1197141069c12307e49e95421'),(46,'eyJhbGciOiJIUzI1NiIsInR5cCI6IkpXVCJ9.eyJ0b2tlbl90eXBlIjoicmVmcmVzaCIsImV4cCI6MTczODI0MDQ4MCwiaWF0IjoxNzM4MjQwNDIwLCJqdGkiOiI3OTU0YmEyNGE4MWI0NzU0YjllOWY4Mzc4Mjk0NjNlNiIsInVzZXJfaWQiOjF9.fJI27OCh6Ji6XU3Lm0cS2tFvvvypRNdW8nheTburSPw','2025-01-30 12:33:40.132676','2025-01-30 12:34:40.000000',1,'7954ba24a81b4754b9e9f837829463e6'),(47,'eyJhbGciOiJIUzI1NiIsInR5cCI6IkpXVCJ9.eyJ0b2tlbl90eXBlIjoicmVmcmVzaCIsImV4cCI6MTczODI0MDUxMCwiaWF0IjoxNzM4MjQwNDUwLCJqdGkiOiIyOWE2MTdjZWExYzE0ZDEyOGQwMzM5ZThiOGJjZTMyOCIsInVzZXJfaWQiOjEwfQ.gJ8YrJbUSUqRxZOJ7QxARmJEZDyvFqx7CDZI8ChwY70','2025-01-30 12:34:10.709704','2025-01-30 12:35:10.000000',10,'29a617cea1c14d128d0339e8b8bce328'),(48,'eyJhbGciOiJIUzI1NiIsInR5cCI6IkpXVCJ9.eyJ0b2tlbl90eXBlIjoicmVmcmVzaCIsImV4cCI6MTczODkwMzY5MSwiaWF0IjoxNzM4Mjk4ODkxLCJqdGkiOiI0YzI1N2Q3OTk5MDg0MWNhYTIwMTBkYWJlMzg5OTVlYSIsInVzZXJfaWQiOjF9.5RtPv2c4xagwssEjdv08hGTe4kWEFPIUUf87PwlND28','2025-01-31 04:48:11.454999','2025-02-07 04:48:11.000000',1,'4c257d79990841caa2010dabe38995ea'),(49,'eyJhbGciOiJIUzI1NiIsInR5cCI6IkpXVCJ9.eyJ0b2tlbl90eXBlIjoicmVmcmVzaCIsImV4cCI6MTczODkwMzc3NCwiaWF0IjoxNzM4Mjk4OTc0LCJqdGkiOiIyYTZjODM5N2E2OTM0Nzk0YTdlMjJhZmI4ZDkyYTdhYyIsInVzZXJfaWQiOjE3fQ.WYH8VftIWrFoB5iUHcBAsFzfcTBXkhAJrCcv2ZkbVEI','2025-01-31 04:49:34.854903','2025-02-07 04:49:34.000000',NULL,'2a6c8397a6934794a7e22afb8d92a7ac'),(50,'eyJhbGciOiJIUzI1NiIsInR5cCI6IkpXVCJ9.eyJ0b2tlbl90eXBlIjoicmVmcmVzaCIsImV4cCI6MTczODkwNDczNSwiaWF0IjoxNzM4Mjk5OTM1LCJqdGkiOiI1M2MxYzI2ZmJkMjU0ZjEwYjc1NDY4NWZjZjU4OGQyZSIsInVzZXJfaWQiOjEwfQ.4rABSWWiRDgEbq8xYx13qfuGmlkGqCt1YWqSRPxvQIA','2025-01-31 05:05:35.880415','2025-02-07 05:05:35.000000',10,'53c1c26fbd254f10b754685fcf588d2e'),(51,'eyJhbGciOiJIUzI1NiIsInR5cCI6IkpXVCJ9.eyJ0b2tlbl90eXBlIjoicmVmcmVzaCIsImV4cCI6MTczODkwNDg4MCwiaWF0IjoxNzM4MzAwMDgwLCJqdGkiOiJkNGNhN2ZhOTMyZGM0ZGYzYTA3YTgxNjZmNmViNDY4MSIsInVzZXJfaWQiOjEwfQ.NfRGkp9KmtT_PkVEnFM5zCrMQirTleliiTsPCuYVHrQ','2025-01-31 05:08:00.460060','2025-02-07 05:08:00.000000',10,'d4ca7fa932dc4df3a07a8166f6eb4681'),(52,'eyJhbGciOiJIUzI1NiIsInR5cCI6IkpXVCJ9.eyJ0b2tlbl90eXBlIjoicmVmcmVzaCIsImV4cCI6MTczODkwNTE2MSwiaWF0IjoxNzM4MzAwMzYxLCJqdGkiOiJlZWExZDVjYzEzZmQ0ZjJiYmZkNTMxNmFhODc2OGEwZiIsInVzZXJfaWQiOjEyfQ.MMGlrojHVSkQar7uj6jtiWSk99rGVSw-gpekhlxliN8','2025-01-31 05:12:41.634997','2025-02-07 05:12:41.000000',12,'eea1d5cc13fd4f2bbfd5316aa8768a0f'),(53,'eyJhbGciOiJIUzI1NiIsInR5cCI6IkpXVCJ9.eyJ0b2tlbl90eXBlIjoicmVmcmVzaCIsImV4cCI6MTczODkwNTQ4OSwiaWF0IjoxNzM4MzAwNjg5LCJqdGkiOiIzNzFhYTA5NWI3MDA0MzYyOWU1OWE4NzhmMWQ2MGE5YiIsInVzZXJfaWQiOjEwfQ.YJZXw8rjIDGQrBZnYevmw19qVQLcjz7pC3lR548nPBA','2025-01-31 05:18:09.475907','2025-02-07 05:18:09.000000',10,'371aa095b70043629e59a878f1d60a9b'),(54,'eyJhbGciOiJIUzI1NiIsInR5cCI6IkpXVCJ9.eyJ0b2tlbl90eXBlIjoicmVmcmVzaCIsImV4cCI6MTczODkwNTUxMiwiaWF0IjoxNzM4MzAwNzEyLCJqdGkiOiJmODVlZWU1YzFlMGY0ZjQ0YWFkMzQzYTgzMDhkYmFiNCIsInVzZXJfaWQiOjE3fQ.L2HajreZgxo5POSHextzQ5nS3MMd03QcmXVZlCM0yu0','2025-01-31 05:18:32.137991','2025-02-07 05:18:32.000000',NULL,'f85eee5c1e0f4f44aad343a8308dbab4'),(55,'eyJhbGciOiJIUzI1NiIsInR5cCI6IkpXVCJ9.eyJ0b2tlbl90eXBlIjoicmVmcmVzaCIsImV4cCI6MTczODkwNjA4NywiaWF0IjoxNzM4MzAxMjg3LCJqdGkiOiIyNzE5OWIxODRhMTk0OWE2OTNiN2EwNGFkYmFkNjFkNSIsInVzZXJfaWQiOjEwfQ.UM_rfnRCm49TCBagh2FWo6eDR-DH8g6mWNi1RFwb_fE','2025-01-31 05:28:07.552537','2025-02-07 05:28:07.000000',10,'27199b184a1949a693b7a04adbad61d5'),(56,'eyJhbGciOiJIUzI1NiIsInR5cCI6IkpXVCJ9.eyJ0b2tlbl90eXBlIjoicmVmcmVzaCIsImV4cCI6MTczODkwNjg4MiwiaWF0IjoxNzM4MzAyMDgyLCJqdGkiOiIxZmZkMzRmZTBlOTU0N2VmYWUyYWI0NDE2NTZiNWUwNSIsInVzZXJfaWQiOjEwfQ.4rbKAEfFt5UOcr7ZremHWKXpUea-QPFvcNIAgvYchnM','2025-01-31 05:41:22.679521','2025-02-07 05:41:22.000000',10,'1ffd34fe0e9547efae2ab441656b5e05'),(57,'eyJhbGciOiJIUzI1NiIsInR5cCI6IkpXVCJ9.eyJ0b2tlbl90eXBlIjoicmVmcmVzaCIsImV4cCI6MTczODkwNzE5NywiaWF0IjoxNzM4MzAyMzk3LCJqdGkiOiI1NDY4NTlhNWNiNWM0NzEwYTA0MzExZDZjODZjY2VhOSIsInVzZXJfaWQiOjF9.FIY2-UNqqUdYX0E-QgFHTe_KEeZEhAsKIrkMBaV7FHQ','2025-01-31 05:46:37.113442','2025-02-07 05:46:37.000000',1,'546859a5cb5c4710a04311d6c86ccea9'),(58,'eyJhbGciOiJIUzI1NiIsInR5cCI6IkpXVCJ9.eyJ0b2tlbl90eXBlIjoicmVmcmVzaCIsImV4cCI6MTczODkwNzYwOCwiaWF0IjoxNzM4MzAyODA4LCJqdGkiOiJkNGM4MmI0Mjc0OTQ0N2EzODE0NzcwNzAwMjdjYWUzYiIsInVzZXJfaWQiOjF9.HRqgxz8OKvFX1mU-yhcYDvuF1oXZJykvgiq-yz6MhVI','2025-01-31 05:53:28.783074','2025-02-07 05:53:28.000000',1,'d4c82b42749447a381477070027cae3b'),(59,'eyJhbGciOiJIUzI1NiIsInR5cCI6IkpXVCJ9.eyJ0b2tlbl90eXBlIjoicmVmcmVzaCIsImV4cCI6MTczODkwNzY2MSwiaWF0IjoxNzM4MzAyODYxLCJqdGkiOiIwYWM0YmJjZTU5ZGE0MTk4YWRhNGVlNjNhNGEyMGFiYSIsInVzZXJfaWQiOjF9.fFYar0xT9LxWdnapD0bgTQh7n5sdp8by5MWVr346sfw','2025-01-31 05:54:21.513869','2025-02-07 05:54:21.000000',1,'0ac4bbce59da4198ada4ee63a4a20aba'),(60,'eyJhbGciOiJIUzI1NiIsInR5cCI6IkpXVCJ9.eyJ0b2tlbl90eXBlIjoicmVmcmVzaCIsImV4cCI6MTczODkwODIxMiwiaWF0IjoxNzM4MzAzNDEyLCJqdGkiOiIwY2FiMGM2ODA3MDg0ZWVjOGMxZmI5ZGVlNDQ1MzQ4MSIsInVzZXJfaWQiOjF9.4ovk2Q4ylBIGx942AP_YR8irpJQEzbVwswbCogMsj8k','2025-01-31 06:03:32.373008','2025-02-07 06:03:32.000000',1,'0cab0c6807084eec8c1fb9dee4453481'),(61,'eyJhbGciOiJIUzI1NiIsInR5cCI6IkpXVCJ9.eyJ0b2tlbl90eXBlIjoicmVmcmVzaCIsImV4cCI6MTczODkwODc3OCwiaWF0IjoxNzM4MzAzOTc4LCJqdGkiOiI2NDQ4ZjNhMjI0YjU0NzExYmNjNThiMzA2ZTI2ZGI4YSIsInVzZXJfaWQiOjE4fQ.s0BtneARKqAx8ZkIxYaaegkkGYDX3JbxiforqNblxds','2025-01-31 06:12:58.246905','2025-02-07 06:12:58.000000',18,'6448f3a224b54711bcc58b306e26db8a'),(62,'eyJhbGciOiJIUzI1NiIsInR5cCI6IkpXVCJ9.eyJ0b2tlbl90eXBlIjoicmVmcmVzaCIsImV4cCI6MTczODkwODkyMSwiaWF0IjoxNzM4MzA0MTIxLCJqdGkiOiJiZTUzZTZiY2QyODk0OTZhOTJiZDdiYWZkNmQ5ZmYxOSIsInVzZXJfaWQiOjF9.uL2IbW5DQw6EX6zb4yCqVSAdzjplozyKO6UqZL5doek','2025-01-31 06:15:21.241681','2025-02-07 06:15:21.000000',1,'be53e6bcd289496a92bd7bafd6d9ff19'),(63,'eyJhbGciOiJIUzI1NiIsInR5cCI6IkpXVCJ9.eyJ0b2tlbl90eXBlIjoicmVmcmVzaCIsImV4cCI6MTczODkwOTQ1MCwiaWF0IjoxNzM4MzA0NjUwLCJqdGkiOiJlMjU4YzM0ZTY1MDE0OTA2OGY1ZDY1ZWQ3ZTQxZDEzYSIsInVzZXJfaWQiOjF9.T4AXu7VviB9N-utMOW2kO4JejgoUd_LDWd0NLtBYTwo','2025-01-31 06:24:10.195868','2025-02-07 06:24:10.000000',1,'e258c34e650149068f5d65ed7e41d13a'),(64,'eyJhbGciOiJIUzI1NiIsInR5cCI6IkpXVCJ9.eyJ0b2tlbl90eXBlIjoicmVmcmVzaCIsImV4cCI6MTczODkxMjEzMSwiaWF0IjoxNzM4MzA3MzMxLCJqdGkiOiI3ZmUxYTU4MTE3ZGE0MWI1OTU2Y2M5ZmQzNzE5ZWJjMSIsInVzZXJfaWQiOjF9.tKqgmFf0-tQMdLHM35PzEmuYYRfQJJKyMsiFeACury0','2025-01-31 07:08:51.887252','2025-02-07 07:08:51.000000',1,'7fe1a58117da41b5956cc9fd3719ebc1'),(65,'eyJhbGciOiJIUzI1NiIsInR5cCI6IkpXVCJ9.eyJ0b2tlbl90eXBlIjoicmVmcmVzaCIsImV4cCI6MTczODkxNzI1NCwiaWF0IjoxNzM4MzEyNDU0LCJqdGkiOiJlOWFhNDMxOTVjOGM0MGViYTUzYjQzNDJjYTI1ZGVlOSIsInVzZXJfaWQiOjF9.WiH1zzi0DuHLW3Zo44_amznSm8z_CBkeJpaV19Z2eik','2025-01-31 08:34:14.068806','2025-02-07 08:34:14.000000',1,'e9aa43195c8c40eba53b4342ca25dee9'),(66,'eyJhbGciOiJIUzI1NiIsInR5cCI6IkpXVCJ9.eyJ0b2tlbl90eXBlIjoicmVmcmVzaCIsImV4cCI6MTczODkxODAxNSwiaWF0IjoxNzM4MzEzMjE1LCJqdGkiOiI4OTFiNWE0MmRhYWM0MTRmOTlkODQwYTMyNGNjNjYwNSIsInVzZXJfaWQiOjEwfQ.FAgfoIsS1XRxtZWExJf5ZSkT7eJl9549c5929MWF2ew','2025-01-31 08:46:55.345465','2025-02-07 08:46:55.000000',10,'891b5a42daac414f99d840a324cc6605'),(67,'eyJhbGciOiJIUzI1NiIsInR5cCI6IkpXVCJ9.eyJ0b2tlbl90eXBlIjoicmVmcmVzaCIsImV4cCI6MTczODkxODAzMCwiaWF0IjoxNzM4MzEzMjMwLCJqdGkiOiJhZWZlOTlmMzgyM2U0NmE2OTFhMmJiMGNkYjE1MjZkOCIsInVzZXJfaWQiOjF9.OfyEjjNI6dTkAikC2smE3tAKPZMc9YQIX2RYsIHfDLs','2025-01-31 08:47:10.814719','2025-02-07 08:47:10.000000',1,'aefe99f3823e46a691a2bb0cdb1526d8'),(68,'eyJhbGciOiJIUzI1NiIsInR5cCI6IkpXVCJ9.eyJ0b2tlbl90eXBlIjoicmVmcmVzaCIsImV4cCI6MTczODkxOTMzOSwiaWF0IjoxNzM4MzE0NTM5LCJqdGkiOiJkNDQ0ZmY3YTU0NWU0NGM3Yjc5OGFlZjk5OGZiZjBmNiIsInVzZXJfaWQiOjE4fQ.TM4SeiLTtcbxvGCIMAufU2wUK16lnmXaxuQGvaoYb34','2025-01-31 09:08:59.224068','2025-02-07 09:08:59.000000',18,'d444ff7a545e44c7b798aef998fbf0f6'),(69,'eyJhbGciOiJIUzI1NiIsInR5cCI6IkpXVCJ9.eyJ0b2tlbl90eXBlIjoicmVmcmVzaCIsImV4cCI6MTczODkxOTU1MiwiaWF0IjoxNzM4MzE0NzUyLCJqdGkiOiIyNDhiODRkZTI5Njg0ZDNiOGEyMjlhOGE0NjI1MWQwNSIsInVzZXJfaWQiOjF9.QkawndOcME_LHuUgxLABNIDLCZtLBA7Lk6rreYvTsPU','2025-01-31 09:12:32.610160','2025-02-07 09:12:32.000000',1,'248b84de29684d3b8a229a8a46251d05'),(70,'eyJhbGciOiJIUzI1NiIsInR5cCI6IkpXVCJ9.eyJ0b2tlbl90eXBlIjoicmVmcmVzaCIsImV4cCI6MTczODkyMDAzNiwiaWF0IjoxNzM4MzE1MjM2LCJqdGkiOiIyOTEzNmVkNzg3NTY0NGYwYTU5ZGIyODBjMjFmYjA0OCIsInVzZXJfaWQiOjE4fQ.afk-RH7joIiqxQdXU9zMOPwZisQWFxR91ehpBwe2704','2025-01-31 09:20:36.393654','2025-02-07 09:20:36.000000',18,'29136ed7875644f0a59db280c21fb048'),(71,'eyJhbGciOiJIUzI1NiIsInR5cCI6IkpXVCJ9.eyJ0b2tlbl90eXBlIjoicmVmcmVzaCIsImV4cCI6MTczODkyMzQ4NywiaWF0IjoxNzM4MzE4Njg3LCJqdGkiOiI4ZjI4OWEwZjE2OTA0OWY2YWUzZDhhZmE4MjdmZTg1YiIsInVzZXJfaWQiOjExfQ.Ytvb1NctexLl1NULNBqDuCoiQM6Se7vhzYvjNi398nI','2025-01-31 10:18:07.507516','2025-02-07 10:18:07.000000',11,'8f289a0f169049f6ae3d8afa827fe85b'),(72,'eyJhbGciOiJIUzI1NiIsInR5cCI6IkpXVCJ9.eyJ0b2tlbl90eXBlIjoicmVmcmVzaCIsImV4cCI6MTczODkyMzY5MCwiaWF0IjoxNzM4MzE4ODkwLCJqdGkiOiI3MGVlZTk1MGZlMWE0ZGYxYjdmMTI2YjBhNzkxM2RkMyIsInVzZXJfaWQiOjF9.JX4l9ouhq6l76SKZO0IW4qyRteZ57HX3-I6CjGz2-SI','2025-01-31 10:21:30.814173','2025-02-07 10:21:30.000000',1,'70eee950fe1a4df1b7f126b0a7913dd3'),(73,'eyJhbGciOiJIUzI1NiIsInR5cCI6IkpXVCJ9.eyJ0b2tlbl90eXBlIjoicmVmcmVzaCIsImV4cCI6MTczODkyNTk0OCwiaWF0IjoxNzM4MzIxMTQ4LCJqdGkiOiJjNWQxYjNlYmY3YzQ0MTc5YmNkNjI5YjAwYzM3YjUzZiIsInVzZXJfaWQiOjF9.pAvSso-3gM1WKEptSEsdgpaOGvkSPGebQvbs7z3q2gw','2025-01-31 10:59:08.593253','2025-02-07 10:59:08.000000',1,'c5d1b3ebf7c44179bcd629b00c37b53f'),(74,'eyJhbGciOiJIUzI1NiIsInR5cCI6IkpXVCJ9.eyJ0b2tlbl90eXBlIjoicmVmcmVzaCIsImV4cCI6MTczODkyNjcwMywiaWF0IjoxNzM4MzIxOTAzLCJqdGkiOiJjZGU4MTdjMzdmMWI0NWU4OWY1M2U0ODMwMzRmMjc3ZCIsInVzZXJfaWQiOjE4fQ.EsbfrKY6oAvRzJ_NlkdoyrhPC6UGLcPBjBZLOY38ns0','2025-01-31 11:11:43.220676','2025-02-07 11:11:43.000000',18,'cde817c37f1b45e89f53e483034f277d'),(75,'eyJhbGciOiJIUzI1NiIsInR5cCI6IkpXVCJ9.eyJ0b2tlbl90eXBlIjoicmVmcmVzaCIsImV4cCI6MTczODkyNzA0MywiaWF0IjoxNzM4MzIyMjQzLCJqdGkiOiIyNDZhNTNmZGJkMTU0OGMzYTVkMWUyNjJhM2RjNDJlYiIsInVzZXJfaWQiOjExfQ.rbUsnzzb7VFolXiWq2zrJGTylIf1jrlEgs2TsyjD6fA','2025-01-31 11:17:23.247701','2025-02-07 11:17:23.000000',11,'246a53fdbd1548c3a5d1e262a3dc42eb'),(76,'eyJhbGciOiJIUzI1NiIsInR5cCI6IkpXVCJ9.eyJ0b2tlbl90eXBlIjoicmVmcmVzaCIsImV4cCI6MTczODkyNzI1NiwiaWF0IjoxNzM4MzIyNDU2LCJqdGkiOiI5MzkwYWE4MWIxMzU0OGE1YWIwZjIyNGExMmQ5NGFlZSIsInVzZXJfaWQiOjExfQ.ClrYHDiAmwCzWO7HRZCNpG1gwsUjLPtCkRLF6dvWnjw','2025-01-31 11:20:56.854098','2025-02-07 11:20:56.000000',11,'9390aa81b13548a5ab0f224a12d94aee'),(77,'eyJhbGciOiJIUzI1NiIsInR5cCI6IkpXVCJ9.eyJ0b2tlbl90eXBlIjoicmVmcmVzaCIsImV4cCI6MTczODkyNzQwNCwiaWF0IjoxNzM4MzIyNjA0LCJqdGkiOiI0NWM4ODU2NmQyMDQ0MDgyYjYwMmU2MDFiMjg4N2VjMSIsInVzZXJfaWQiOjF9.LhsGoUuOpulOTYmb3_ABGWcX5uDELXHsarZfKw3mWS0','2025-01-31 11:23:24.707578','2025-02-07 11:23:24.000000',1,'45c88566d2044082b602e601b2887ec1'),(78,'eyJhbGciOiJIUzI1NiIsInR5cCI6IkpXVCJ9.eyJ0b2tlbl90eXBlIjoicmVmcmVzaCIsImV4cCI6MTczODkyNzU5MCwiaWF0IjoxNzM4MzIyNzkwLCJqdGkiOiJjNDFhNDVmZTZiOTk0NDM2ODNiOTVmY2UyZjRhZWE0ZSIsInVzZXJfaWQiOjF9.7QjdFBg16MkxpNNtepZF98nNaY3to8T-JtqzrW3_jZ0','2025-01-31 11:26:30.071992','2025-02-07 11:26:30.000000',1,'c41a45fe6b99443683b95fce2f4aea4e'),(79,'eyJhbGciOiJIUzI1NiIsInR5cCI6IkpXVCJ9.eyJ0b2tlbl90eXBlIjoicmVmcmVzaCIsImV4cCI6MTczODkyNzc0MiwiaWF0IjoxNzM4MzIyOTQyLCJqdGkiOiJhY2RjMWYyZjNmNjY0MTFlOTNlOGU4YTIzN2Q0MjdlNSIsInVzZXJfaWQiOjF9.Kdlsl_WGmGIJQxhor-3tR4Hou011sZFqq4uu74IYPkQ','2025-01-31 11:29:02.883290','2025-02-07 11:29:02.000000',1,'acdc1f2f3f66411e93e8e8a237d427e5'),(80,'eyJhbGciOiJIUzI1NiIsInR5cCI6IkpXVCJ9.eyJ0b2tlbl90eXBlIjoicmVmcmVzaCIsImV4cCI6MTczODkyNzc3MSwiaWF0IjoxNzM4MzIyOTcxLCJqdGkiOiJlMTcwZjY3YWRkOTM0NmQ3YjVmOGEwZTI4MDI2OGVlZCIsInVzZXJfaWQiOjEwfQ.cSVh0ZGgoIZXagjtm2hrksDzDALTj4zpAqkTr9mzkxw','2025-01-31 11:29:31.298655','2025-02-07 11:29:31.000000',10,'e170f67add9346d7b5f8a0e280268eed'),(81,'eyJhbGciOiJIUzI1NiIsInR5cCI6IkpXVCJ9.eyJ0b2tlbl90eXBlIjoicmVmcmVzaCIsImV4cCI6MTczODkyNzc4MiwiaWF0IjoxNzM4MzIyOTgyLCJqdGkiOiIxYmU3OTU5OGVhMTA0YjVlYWQyZGM4NmJmMmQ1ZWVkNSIsInVzZXJfaWQiOjEyfQ.KAGM6jO7mRbN_s-qF2VEByeyYRdJgPiyPARK1rw6ADM','2025-01-31 11:29:42.147214','2025-02-07 11:29:42.000000',12,'1be79598ea104b5ead2dc86bf2d5eed5'),(82,'eyJhbGciOiJIUzI1NiIsInR5cCI6IkpXVCJ9.eyJ0b2tlbl90eXBlIjoicmVmcmVzaCIsImV4cCI6MTczODkyNzgwNCwiaWF0IjoxNzM4MzIzMDA0LCJqdGkiOiJhYzZhOGU1M2MyMjU0NzZlYTRmMDA2M2MxNDNmNzI2MiIsInVzZXJfaWQiOjE3fQ.2ngkNZLrZkDvS0ZjgVdq7BBA5tdNSXDARzTbl82M6bg','2025-01-31 11:30:04.404739','2025-02-07 11:30:04.000000',NULL,'ac6a8e53c225476ea4f0063c143f7262'),(83,'eyJhbGciOiJIUzI1NiIsInR5cCI6IkpXVCJ9.eyJ0b2tlbl90eXBlIjoicmVmcmVzaCIsImV4cCI6MTczODkyNzgxOSwiaWF0IjoxNzM4MzIzMDE5LCJqdGkiOiI2ZjZkOGM0YjkzNzc0NDYwOWEwYWNhZjUzNjNhZGU1MyIsInVzZXJfaWQiOjE0fQ.nj4B4B7TyaplKCKa_WWniHm4niGf7MNyLhWlcH53O_c','2025-01-31 11:30:19.679733','2025-02-07 11:30:19.000000',NULL,'6f6d8c4b937744609a0acaf5363ade53'),(84,'eyJhbGciOiJIUzI1NiIsInR5cCI6IkpXVCJ9.eyJ0b2tlbl90eXBlIjoicmVmcmVzaCIsImV4cCI6MTczODkyNzg0NSwiaWF0IjoxNzM4MzIzMDQ1LCJqdGkiOiJlMzJlNDJjYmE5MjQ0YzM2YWQ5NTY4N2U5NmRiMjg1MiIsInVzZXJfaWQiOjE4fQ.zVuWHzAACC0nfamZcoQ5pwWzuFeRSBhKPUBnveREWnk','2025-01-31 11:30:45.896458','2025-02-07 11:30:45.000000',18,'e32e42cba9244c36ad95687e96db2852'),(85,'eyJhbGciOiJIUzI1NiIsInR5cCI6IkpXVCJ9.eyJ0b2tlbl90eXBlIjoicmVmcmVzaCIsImV4cCI6MTczODkyODAzNiwiaWF0IjoxNzM4MzIzMjM2LCJqdGkiOiI3NDYxODU5NWQyNjY0ZGQzOTg5M2FmMTdiY2U5NjgwNSIsInVzZXJfaWQiOjEwfQ.sadd1NeTR9BhQp6g2acwi3vDFLtALPB2TIowC2837Ss','2025-01-31 11:33:56.060539','2025-02-07 11:33:56.000000',10,'74618595d2664dd39893af17bce96805'),(86,'eyJhbGciOiJIUzI1NiIsInR5cCI6IkpXVCJ9.eyJ0b2tlbl90eXBlIjoicmVmcmVzaCIsImV4cCI6MTczODkyODUxMiwiaWF0IjoxNzM4MzIzNzEyLCJqdGkiOiJhZjdmNDI1YTZjZmY0MzFmYjQ3MTk4YjEwMTc1YjZiOSIsInVzZXJfaWQiOjE2fQ.vDYJeur_NwAvtT-E6nOBLR2G_vtJsMEQF77TxidcgLA','2025-01-31 11:41:52.816264','2025-02-07 11:41:52.000000',16,'af7f425a6cff431fb47198b10175b6b9'),(87,'eyJhbGciOiJIUzI1NiIsInR5cCI6IkpXVCJ9.eyJ0b2tlbl90eXBlIjoicmVmcmVzaCIsImV4cCI6MTczODkyODY3NCwiaWF0IjoxNzM4MzIzODc0LCJqdGkiOiJhNThmMGFmOGI3ZWU0NjdkYTU3M2VhMmU2NWI4YjEyOSIsInVzZXJfaWQiOjEwfQ.6M8X0eNaDsORbnCM94fcWanuuCtif69uuiCCZcC5DgQ','2025-01-31 11:44:34.242950','2025-02-07 11:44:34.000000',10,'a58f0af8b7ee467da573ea2e65b8b129'),(88,'eyJhbGciOiJIUzI1NiIsInR5cCI6IkpXVCJ9.eyJ0b2tlbl90eXBlIjoicmVmcmVzaCIsImV4cCI6MTczODkyOTQyOCwiaWF0IjoxNzM4MzI0NjI4LCJqdGkiOiJjNzZiN2ViMDQ3NTE0NmYxYTIxYmI4OGFkMmI5ZWI4YiIsInVzZXJfaWQiOjE4fQ.SWzdNRxYAtHmsULvn4ohJKB5pRO8mlFvpbV75YzbdQY','2025-01-31 11:57:08.669354','2025-02-07 11:57:08.000000',18,'c76b7eb0475146f1a21bb88ad2b9eb8b'),(89,'eyJhbGciOiJIUzI1NiIsInR5cCI6IkpXVCJ9.eyJ0b2tlbl90eXBlIjoicmVmcmVzaCIsImV4cCI6MTczODkyOTUzNiwiaWF0IjoxNzM4MzI0NzM2LCJqdGkiOiI3ZTFlNmFmMjM3NzQ0YWM0OTFjODIwYmRiYzBlMDFiYyIsInVzZXJfaWQiOjE2fQ.vEQ1ak0mSK_5got-cgMufJfdBSwLIu7YmTmgshyjdjY','2025-01-31 11:58:56.343606','2025-02-07 11:58:56.000000',16,'7e1e6af237744ac491c820bdbc0e01bc'),(90,'eyJhbGciOiJIUzI1NiIsInR5cCI6IkpXVCJ9.eyJ0b2tlbl90eXBlIjoicmVmcmVzaCIsImV4cCI6MTczODkyOTU2NSwiaWF0IjoxNzM4MzI0NzY1LCJqdGkiOiIzNWNiZTA1Y2JjOGY0MGYxODc3NjAxMDQ5Mjc3ZTY0MyIsInVzZXJfaWQiOjE4fQ.36wS0b1x-gTo3SVCszsU8wTKIGHPzLl05G5qOky4dss','2025-01-31 11:59:25.770327','2025-02-07 11:59:25.000000',18,'35cbe05cbc8f40f1877601049277e643'),(91,'eyJhbGciOiJIUzI1NiIsInR5cCI6IkpXVCJ9.eyJ0b2tlbl90eXBlIjoicmVmcmVzaCIsImV4cCI6MTczODkzMjUwOSwiaWF0IjoxNzM4MzI3NzA5LCJqdGkiOiJlY2VkNWYzZGE2OWQ0MmE2OTdiODgxZDhiYjY5NmQ2MSIsInVzZXJfaWQiOjExfQ.0XeiLSvqQhXmhDqRucL-MDwHro95yym60YP6OV8rLs4','2025-01-31 12:48:29.233805','2025-02-07 12:48:29.000000',11,'eced5f3da69d42a697b881d8bb696d61'),(92,'eyJhbGciOiJIUzI1NiIsInR5cCI6IkpXVCJ9.eyJ0b2tlbl90eXBlIjoicmVmcmVzaCIsImV4cCI6MTczODk4NzAyNiwiaWF0IjoxNzM4MzgyMjI2LCJqdGkiOiIyNzU4OTA3NmZjNTE0ZDA1YjRkZDA4NWM1YzcyNjRjZCIsInVzZXJfaWQiOjF9.8iL_GyCDI6SdrB7tKo0TzsXdWhoAPS2m_9L3mLzxuYA','2025-02-01 03:57:06.470689','2025-02-08 03:57:06.000000',1,'27589076fc514d05b4dd085c5c7264cd'),(93,'eyJhbGciOiJIUzI1NiIsInR5cCI6IkpXVCJ9.eyJ0b2tlbl90eXBlIjoicmVmcmVzaCIsImV4cCI6MTczODk4Nzg4MCwiaWF0IjoxNzM4MzgzMDgwLCJqdGkiOiI2ZDI2MDk3MjhhYmI0MzVhOGE0YjJmNjExYjY4MzIxZiIsInVzZXJfaWQiOjEwfQ.00yhCDGi6ZxLL-o8JkkwPUkd063BsMFK3llHTsqbmek','2025-02-01 04:11:20.832262','2025-02-08 04:11:20.000000',10,'6d2609728abb435a8a4b2f611b68321f'),(94,'eyJhbGciOiJIUzI1NiIsInR5cCI6IkpXVCJ9.eyJ0b2tlbl90eXBlIjoicmVmcmVzaCIsImV4cCI6MTczODk4NzkyNSwiaWF0IjoxNzM4MzgzMTI1LCJqdGkiOiIyMzk1ODcxMjljZmY0ZTdmODgwMjBlMjA0NTVjYzBjYSIsInVzZXJfaWQiOjEyfQ.vk25dJ1Ri0LqFr8wfT9o5Dja42YtTjp5Gf8rXL0qy_A','2025-02-01 04:12:05.260619','2025-02-08 04:12:05.000000',12,'239587129cff4e7f88020e20455cc0ca'),(95,'eyJhbGciOiJIUzI1NiIsInR5cCI6IkpXVCJ9.eyJ0b2tlbl90eXBlIjoicmVmcmVzaCIsImV4cCI6MTczODk4Nzk2NywiaWF0IjoxNzM4MzgzMTY3LCJqdGkiOiI1NmMxMjc1MGFmMGY0NjgxOTAwNDEwOTJlYzFhM2VhZiIsInVzZXJfaWQiOjE0fQ.YSOEjRoP6MsX_fQ7aambtSdpd61KWqr4D0vMU44biOI','2025-02-01 04:12:47.952567','2025-02-08 04:12:47.000000',NULL,'56c12750af0f468190041092ec1a3eaf'),(96,'eyJhbGciOiJIUzI1NiIsInR5cCI6IkpXVCJ9.eyJ0b2tlbl90eXBlIjoicmVmcmVzaCIsImV4cCI6MTczODk4Nzk5OCwiaWF0IjoxNzM4MzgzMTk4LCJqdGkiOiJlZmRmMDIyMmJkMTg0NzVmYjhhMjM3ODE2ODYyZDQyZiIsInVzZXJfaWQiOjF9.S-bjNyhi1_0oWoSB0U7pEn5aMbxHumi1btEU4YJ8UHM','2025-02-01 04:13:18.013740','2025-02-08 04:13:18.000000',1,'efdf0222bd18475fb8a237816862d42f'),(97,'eyJhbGciOiJIUzI1NiIsInR5cCI6IkpXVCJ9.eyJ0b2tlbl90eXBlIjoicmVmcmVzaCIsImV4cCI6MTczODk4Nzk5OSwiaWF0IjoxNzM4MzgzMTk5LCJqdGkiOiJlNzJmNmJiYTIwODk0OWNmYTFiMzE0ZmY0MmU2YThhMSIsInVzZXJfaWQiOjF9.-3Wky4BA6Ez_tT29No7eDNmVYqTvrEPBETk6OXi5fBE','2025-02-01 04:13:19.044656','2025-02-08 04:13:19.000000',1,'e72f6bba208949cfa1b314ff42e6a8a1'),(98,'eyJhbGciOiJIUzI1NiIsInR5cCI6IkpXVCJ9.eyJ0b2tlbl90eXBlIjoicmVmcmVzaCIsImV4cCI6MTczODk4ODIyOSwiaWF0IjoxNzM4MzgzNDI5LCJqdGkiOiI3ZmIxZTQ2NmExMmQ0NzliOThiOGZiZTc5MTllM2MzOCIsInVzZXJfaWQiOjF9.dmW9LbpFfqsXLeoYTKiLwS-ZtK9gT0ObuHkg_yOPhlA','2025-02-01 04:17:09.112934','2025-02-08 04:17:09.000000',1,'7fb1e466a12d479b98b8fbe7919e3c38'),(99,'eyJhbGciOiJIUzI1NiIsInR5cCI6IkpXVCJ9.eyJ0b2tlbl90eXBlIjoicmVmcmVzaCIsImV4cCI6MTczODk4ODYwMywiaWF0IjoxNzM4MzgzODAzLCJqdGkiOiI0NGU3Yjg3MjRhOTE0YTU0OGEyMGRiZmZlMTFiNWUzZiIsInVzZXJfaWQiOjF9.DfNXXzXgCzNKwZ5a0aVumxIg7HbdbHGvOpot9zBoJOU','2025-02-01 04:23:23.153578','2025-02-08 04:23:23.000000',1,'44e7b8724a914a548a20dbffe11b5e3f'),(100,'eyJhbGciOiJIUzI1NiIsInR5cCI6IkpXVCJ9.eyJ0b2tlbl90eXBlIjoicmVmcmVzaCIsImV4cCI6MTczODk4ODk3MiwiaWF0IjoxNzM4Mzg0MTcyLCJqdGkiOiJjOTg2NjRhMjI3MTA0YzMwODhmZmM0NzZjZTU1OThhZiIsInVzZXJfaWQiOjExfQ.wMQXKTlmfK0gkpxls2l5p3C5j9O2bSbwEu55bnZCXUU','2025-02-01 04:29:32.369847','2025-02-08 04:29:32.000000',11,'c98664a227104c3088ffc476ce5598af'),(101,'eyJhbGciOiJIUzI1NiIsInR5cCI6IkpXVCJ9.eyJ0b2tlbl90eXBlIjoicmVmcmVzaCIsImV4cCI6MTczODk5MTYxNSwiaWF0IjoxNzM4Mzg2ODE1LCJqdGkiOiI1ZmRjOGJhNTQ2NDY0NzI3OGRlMThiZjA4ODg3ODA1OCIsInVzZXJfaWQiOjF9.98FTVnvXCXxM-mU7Za9dIYCtO7jnGMP8IT68dK6vZkY','2025-02-01 05:13:35.534650','2025-02-08 05:13:35.000000',1,'5fdc8ba5464647278de18bf088878058'),(102,'eyJhbGciOiJIUzI1NiIsInR5cCI6IkpXVCJ9.eyJ0b2tlbl90eXBlIjoicmVmcmVzaCIsImV4cCI6MTczODk5MjM3OCwiaWF0IjoxNzM4Mzg3NTc4LCJqdGkiOiI2YmY1Mjk3OGM1MjU0MTllYTY4Mzg2MTQwN2Y1YmIzOCIsInVzZXJfaWQiOjF9.8GzuaHPM0uugfG07GspdeeQ4kYFebOenkeVanwQw8Hs','2025-02-01 05:26:18.835266','2025-02-08 05:26:18.000000',1,'6bf52978c525419ea683861407f5bb38'),(103,'eyJhbGciOiJIUzI1NiIsInR5cCI6IkpXVCJ9.eyJ0b2tlbl90eXBlIjoicmVmcmVzaCIsImV4cCI6MTczODk5MzQxMSwiaWF0IjoxNzM4Mzg4NjExLCJqdGkiOiI3NGEwOWY2NWNiYWY0NThjOWU2YjUwOTM0MGNhMGRmZCIsInVzZXJfaWQiOjF9.FGApWME3bqJcK4ey9uixtaTvZT9_TuvtrEoGKEqNHi0','2025-02-01 05:43:31.976287','2025-02-08 05:43:31.000000',1,'74a09f65cbaf458c9e6b509340ca0dfd'),(104,'eyJhbGciOiJIUzI1NiIsInR5cCI6IkpXVCJ9.eyJ0b2tlbl90eXBlIjoicmVmcmVzaCIsImV4cCI6MTczODk5NTIxMiwiaWF0IjoxNzM4MzkwNDEyLCJqdGkiOiIzYjlhYTgwY2Y5NjE0MjkzOTFjNjA5YzkyODVjZGY4YSIsInVzZXJfaWQiOjF9.JnBZM52a5NoGjxlaxU1NU4zb3eBnh_ePMZn2o6TSgnM','2025-02-01 06:13:32.908546','2025-02-08 06:13:32.000000',1,'3b9aa80cf961429391c609c9285cdf8a'),(105,'eyJhbGciOiJIUzI1NiIsInR5cCI6IkpXVCJ9.eyJ0b2tlbl90eXBlIjoicmVmcmVzaCIsImV4cCI6MTczODk5NjU0NCwiaWF0IjoxNzM4MzkxNzQ0LCJqdGkiOiIyN2ExMDZiNzAzYjQ0ZGJkYjYxNmEzZmU0ZGZlZDQ3OCIsInVzZXJfaWQiOjF9.2zbP9OdiAicKsBMwAWSowXOnCbL0rgjUxjEBMSd13Uk','2025-02-01 06:35:44.050259','2025-02-08 06:35:44.000000',1,'27a106b703b44dbdb616a3fe4dfed478'),(106,'eyJhbGciOiJIUzI1NiIsInR5cCI6IkpXVCJ9.eyJ0b2tlbl90eXBlIjoicmVmcmVzaCIsImV4cCI6MTczODk5Njk5NSwiaWF0IjoxNzM4MzkyMTk1LCJqdGkiOiJjZGU3NDlkNWE3YjA0YTFkODBmOGM3NjUyYmZkYjQ2MiIsInVzZXJfaWQiOjF9.dMZEzyZYgDsYSR75f09rne-lr3YVx1iV8r4wTOUOOYs','2025-02-01 06:43:15.877920','2025-02-08 06:43:15.000000',1,'cde749d5a7b04a1d80f8c7652bfdb462'),(107,'eyJhbGciOiJIUzI1NiIsInR5cCI6IkpXVCJ9.eyJ0b2tlbl90eXBlIjoicmVmcmVzaCIsImV4cCI6MTczODk5ODQ5MCwiaWF0IjoxNzM4MzkzNjkwLCJqdGkiOiIyOTY0ZjZiMzc4MzE0YWZlYWIxYTMyYjJkOGFjMWY3MiIsInVzZXJfaWQiOjEwfQ.kcUl2sT_qlHWEQImoVTAIyd5A6rKNuTk-X_UxyJZyEw','2025-02-01 07:08:10.450175','2025-02-08 07:08:10.000000',10,'2964f6b378314afeab1a32b2d8ac1f72'),(108,'eyJhbGciOiJIUzI1NiIsInR5cCI6IkpXVCJ9.eyJ0b2tlbl90eXBlIjoicmVmcmVzaCIsImV4cCI6MTczODk5OTM5MiwiaWF0IjoxNzM4Mzk0NTkyLCJqdGkiOiI2NTA0Njc0ODEyZjk0ZDYzYjM4ZjdlYTQ2NjRmMmY3OCIsInVzZXJfaWQiOjF9.poVCj_fhsCKH-1AMxFpQTKMJFS1m4ctakRcSnhd3QG0','2025-02-01 07:23:12.324427','2025-02-08 07:23:12.000000',1,'6504674812f94d63b38f7ea4664f2f78'),(109,'eyJhbGciOiJIUzI1NiIsInR5cCI6IkpXVCJ9.eyJ0b2tlbl90eXBlIjoicmVmcmVzaCIsImV4cCI6MTczOTE4NTE0NSwiaWF0IjoxNzM4NTgwMzQ1LCJqdGkiOiI0MjYzNWM1ZjI5MWI0NjU5OTIzNGMzZTM2MWIxMmFlMyIsInVzZXJfaWQiOjF9.dbsGf0ztkfiF-xdEYkOnsJoAplCyq3qndnhwBcGQwQk','2025-02-03 10:59:05.751979','2025-02-10 10:59:05.000000',1,'42635c5f291b46599234c3e361b12ae3'),(110,'eyJhbGciOiJIUzI1NiIsInR5cCI6IkpXVCJ9.eyJ0b2tlbl90eXBlIjoicmVmcmVzaCIsImV4cCI6MTczOTE2MjU0MiwiaWF0IjoxNzM4NTU3NzQyLCJqdGkiOiIwZjFmZGViNGQ5Zjc0MzJmOGU1ODdlMzg4NWMwY2ZhZSIsInVzZXJfaWQiOjEwfQ.bzIxAAve7iQhursxPm41Lyav6hWnlomdXtMt9kiU2IE',NULL,'2025-02-10 04:42:22.000000',NULL,'0f1fdeb4d9f7432f8e587e3885c0cfae'),(111,'eyJhbGciOiJIUzI1NiIsInR5cCI6IkpXVCJ9.eyJ0b2tlbl90eXBlIjoicmVmcmVzaCIsImV4cCI6MTczOTE4NzE5NywiaWF0IjoxNzM4NTgyMzk3LCJqdGkiOiJjYzdmYmQ2NTFmMzU0MDhiYmI0Y2MwNTQwZjdkZmJhZiIsInVzZXJfaWQiOjExfQ.s5_SYqyBXPS--z5OuxUxVz_B4Nv5wyOS83_H1LUbJos','2025-02-03 11:33:17.643897','2025-02-10 11:33:17.000000',11,'cc7fbd651f35408bbb4cc0540f7dfbaf'),(112,'eyJhbGciOiJIUzI1NiIsInR5cCI6IkpXVCJ9.eyJ0b2tlbl90eXBlIjoicmVmcmVzaCIsImV4cCI6MTczOTE4NzMzNCwiaWF0IjoxNzM4NTgyNTM0LCJqdGkiOiI3NzQ2MzEwZWU4ZTk0MmZhYTgyN2YwOTY3ZDZiYjg1ZCIsInVzZXJfaWQiOjExfQ.P2j_kJBe6V5WuRvP5ACRMhXwrGYRJ1w8YeV-AvEMAh0','2025-02-03 11:35:34.067041','2025-02-10 11:35:34.000000',11,'7746310ee8e942faa827f0967d6bb85d'),(113,'eyJhbGciOiJIUzI1NiIsInR5cCI6IkpXVCJ9.eyJ0b2tlbl90eXBlIjoicmVmcmVzaCIsImV4cCI6MTczOTE4NzYzMiwiaWF0IjoxNzM4NTgyODMyLCJqdGkiOiJkMTNiOWQzNzBiZTE0OWZhOTM2MDRhOTQ2ZGYxNTFhZCIsInVzZXJfaWQiOjF9.WmrAIALGucNYWwUgJVXfxRhdbZbiw3Y8KF-YeOLnfJQ','2025-02-03 11:40:32.183224','2025-02-10 11:40:32.000000',1,'d13b9d370be149fa93604a946df151ad'),(114,'eyJhbGciOiJIUzI1NiIsInR5cCI6IkpXVCJ9.eyJ0b2tlbl90eXBlIjoicmVmcmVzaCIsImV4cCI6MTczOTE5MDczMiwiaWF0IjoxNzM4NTg1OTMyLCJqdGkiOiJlOWQwYTVhYjg3ODE0MDg2YWU1MWI4ZDE5NzQ2YTk5YSIsInVzZXJfaWQiOjF9.4GcRfO7Xk2qAdRckGF9FsUc-d6yvbMG82lcGQ-Umetc','2025-02-03 12:32:12.663250','2025-02-10 12:32:12.000000',1,'e9d0a5ab87814086ae51b8d19746a99a'),(115,'eyJhbGciOiJIUzI1NiIsInR5cCI6IkpXVCJ9.eyJ0b2tlbl90eXBlIjoicmVmcmVzaCIsImV4cCI6MTczOTE5MTM5OCwiaWF0IjoxNzM4NTg2NTk4LCJqdGkiOiI3NDI5ZDExNWQ0ZmE0NmUwODQwNTQxZDJhMzI3ZjA5MSIsInVzZXJfaWQiOjF9.nJN0kuXN8G-jKs_OiYXrMc9konXWnLc-Iu9s9UmmIMM','2025-02-03 12:43:18.608475','2025-02-10 12:43:18.000000',1,'7429d115d4fa46e0840541d2a327f091'),(116,'eyJhbGciOiJIUzI1NiIsInR5cCI6IkpXVCJ9.eyJ0b2tlbl90eXBlIjoicmVmcmVzaCIsImV4cCI6MTczOTE5MjE0NywiaWF0IjoxNzM4NTg3MzQ3LCJqdGkiOiIzNmM0MTRlYTUxZjE0YWExYTg0M2Y4ODE3MDU3NTI1YSIsInVzZXJfaWQiOjF9.Mrnr0lPPjZ0JhJV75IHz6Rc6YiDElfh5ria8ezvDBxs','2025-02-03 12:55:47.835872','2025-02-10 12:55:47.000000',1,'36c414ea51f14aa1a843f8817057525a'),(117,'eyJhbGciOiJIUzI1NiIsInR5cCI6IkpXVCJ9.eyJ0b2tlbl90eXBlIjoicmVmcmVzaCIsImV4cCI6MTczOTE5MjMyNCwiaWF0IjoxNzM4NTg3NTI0LCJqdGkiOiI0MDVkZjliOGY5M2I0MDVhYTcxZWYxNDJiMmM4YjdiNyIsInVzZXJfaWQiOjF9.C-AkkyRwD5ijRsFdeSXOLfi3vgr0UgiFB3Vs-QH1XdI','2025-02-03 12:58:44.359924','2025-02-10 12:58:44.000000',1,'405df9b8f93b405aa71ef142b2c8b7b7'),(118,'eyJhbGciOiJIUzI1NiIsInR5cCI6IkpXVCJ9.eyJ0b2tlbl90eXBlIjoicmVmcmVzaCIsImV4cCI6MTczOTE1ODQ3OCwiaWF0IjoxNzM4NTUzNjc4LCJqdGkiOiI1MDFiMDk3YWE3ODE0YjZiODMxNGZkODJmMTI0ZGQ4YSIsInVzZXJfaWQiOjF9.PaqsqXOMW9HAyVeXvbOX82izsagkRG8r29R_zIJudaI',NULL,'2025-02-10 03:34:38.000000',NULL,'501b097aa7814b6b8314fd82f124dd8a'),(119,'eyJhbGciOiJIUzI1NiIsInR5cCI6IkpXVCJ9.eyJ0b2tlbl90eXBlIjoicmVmcmVzaCIsImV4cCI6MTczOTE5MjQ5NSwiaWF0IjoxNzM4NTg3Njk1LCJqdGkiOiI5NzA2YmE4MTNkZDQ0MDdkOGExN2EwNjA2NDRlZWQ3NiIsInVzZXJfaWQiOjExfQ.b837Xw3tvAxlwReGUH1lxXebhlVpD33x7GlNokDt3K8','2025-02-03 13:01:35.842733','2025-02-10 13:01:35.000000',11,'9706ba813dd4407d8a17a060644eed76'),(120,'eyJhbGciOiJIUzI1NiIsInR5cCI6IkpXVCJ9.eyJ0b2tlbl90eXBlIjoicmVmcmVzaCIsImV4cCI6MTczOTI2MDA0OSwiaWF0IjoxNzM4NjU1MjQ5LCJqdGkiOiIzOWFkYjhhNzA4MGE0MzYzYTcyYjkzOTk0ZDkyNWNhYyIsInVzZXJfaWQiOjEwfQ.gm_JoOSidqs6NmuN-i7F3Mxy1zvns_RBzSPKKCbJ1c0','2025-02-04 07:47:29.465719','2025-02-11 07:47:29.000000',10,'39adb8a7080a4363a72b93994d925cac'),(121,'eyJhbGciOiJIUzI1NiIsInR5cCI6IkpXVCJ9.eyJ0b2tlbl90eXBlIjoicmVmcmVzaCIsImV4cCI6MTczOTI3NDU0MSwiaWF0IjoxNzM4NjY5NzQxLCJqdGkiOiJiMDY3Yzg4N2MwNjM0MGQwYjFiNjFjZWJjNjE3Mzk3YSIsInVzZXJfaWQiOjExfQ.ddWe93glzrIpWDUocTJ0Yq1M7dMqhY8orllMZgiDP6Q',NULL,'2025-02-11 11:49:01.000000',NULL,'b067c887c06340d0b1b61cebc617397a'),(122,'eyJhbGciOiJIUzI1NiIsInR5cCI6IkpXVCJ9.eyJ0b2tlbl90eXBlIjoicmVmcmVzaCIsImV4cCI6MTczOTI3NjI3MCwiaWF0IjoxNzM4NjcxNDcwLCJqdGkiOiIzZjMyMmU4NjdmMGY0NDkxOWQzODljOWEzOGExZjEyYiIsInVzZXJfaWQiOjExfQ.bzHKH1dQ7kz2rbAyGLsroSl3m--tocSmfPs03x-1ZZ8','2025-02-04 12:17:50.090572','2025-02-11 12:17:50.000000',11,'3f322e867f0f44919d389c9a38a1f12b'),(123,'eyJhbGciOiJIUzI1NiIsInR5cCI6IkpXVCJ9.eyJ0b2tlbl90eXBlIjoicmVmcmVzaCIsImV4cCI6MTczOTI3NjI5OCwiaWF0IjoxNzM4NjcxNDk4LCJqdGkiOiIzMTJjZGVjZGI0N2E0NWJjOGIxMDQ1OTU4N2M5ZjljZiIsInVzZXJfaWQiOjF9.SVDDCIZ7fbjIewwdwH4lXkOL3pPLJkz8n52zUjB8Hkg','2025-02-04 12:18:18.453360','2025-02-11 12:18:18.000000',1,'312cdecdb47a45bc8b10459587c9f9cf'),(124,'eyJhbGciOiJIUzI1NiIsInR5cCI6IkpXVCJ9.eyJ0b2tlbl90eXBlIjoicmVmcmVzaCIsImV4cCI6MTczOTI3NjQwNCwiaWF0IjoxNzM4NjcxNjA0LCJqdGkiOiIyODI1MTk2YmQzMjk0MmZlODM1MTliNjY0Nzc1NjQ0YiIsInVzZXJfaWQiOjE4fQ.J_TmLeOKmLHb_GtnbST1O1euTctfYRRv57O1ysDAvrU','2025-02-04 12:20:04.195087','2025-02-11 12:20:04.000000',18,'2825196bd32942fe83519b664775644b'),(125,'eyJhbGciOiJIUzI1NiIsInR5cCI6IkpXVCJ9.eyJ0b2tlbl90eXBlIjoicmVmcmVzaCIsImV4cCI6MTczOTI3NjQ3MSwiaWF0IjoxNzM4NjcxNjcxLCJqdGkiOiIwYTEwNTc2YTY2MzQ0NDVhODc2ZjUzZjhiYTE3Mzg4MyIsInVzZXJfaWQiOjE4fQ.nzBz8Xw7diZShuJvyN85OyvB7EyLPMKywwx1rJanX8U','2025-02-04 12:21:11.577831','2025-02-11 12:21:11.000000',18,'0a10576a6634445a876f53f8ba173883'),(126,'eyJhbGciOiJIUzI1NiIsInR5cCI6IkpXVCJ9.eyJ0b2tlbl90eXBlIjoicmVmcmVzaCIsImV4cCI6MTczOTI3NjU1NSwiaWF0IjoxNzM4NjcxNzU1LCJqdGkiOiIzMWVkOTNhODBkNzg0MjU1OGZlZjdjMjFiZWM2NWE1YyIsInVzZXJfaWQiOjF9.3kMNLKCyBE30Mqqmcq3cusJW4XDrH_L0BJ8i-8ZwaQo','2025-02-04 12:22:35.687833','2025-02-11 12:22:35.000000',1,'31ed93a80d7842558fef7c21bec65a5c'),(127,'eyJhbGciOiJIUzI1NiIsInR5cCI6IkpXVCJ9.eyJ0b2tlbl90eXBlIjoicmVmcmVzaCIsImV4cCI6MTczOTI3NjU3MywiaWF0IjoxNzM4NjcxNzczLCJqdGkiOiJhODU4Y2RmOTJmNDY0Y2FkOWJhODMxNjkzYmQ3YzBiNCIsInVzZXJfaWQiOjExfQ.PukU_1rNlFoR61bnXdStHlSj7bd9e0p328z6I_Jmn3k','2025-02-04 12:22:53.420246','2025-02-11 12:22:53.000000',11,'a858cdf92f464cad9ba831693bd7c0b4'),(128,'eyJhbGciOiJIUzI1NiIsInR5cCI6IkpXVCJ9.eyJ0b2tlbl90eXBlIjoicmVmcmVzaCIsImV4cCI6MTczOTI3NzA1NSwiaWF0IjoxNzM4NjcyMjU1LCJqdGkiOiIyZTA4N2E0MDkzMjM0ZTJkOTQ4Y2U4NmZmZWNkNDQ2NCIsInVzZXJfaWQiOjE4fQ.kLLyPWdApDq5JUqQhmUnN7WQeLEXLVqxyA-xc5yeWGk','2025-02-04 12:30:55.407885','2025-02-11 12:30:55.000000',18,'2e087a4093234e2d948ce86ffecd4464'),(129,'eyJhbGciOiJIUzI1NiIsInR5cCI6IkpXVCJ9.eyJ0b2tlbl90eXBlIjoicmVmcmVzaCIsImV4cCI6MTczOTI3NzE4OCwiaWF0IjoxNzM4NjcyMzg4LCJqdGkiOiI2NDI5YjQ5ODU2ZmE0M2ZjOTg0Njg1NThhYjYxODFlYSIsInVzZXJfaWQiOjE4fQ.QEdKeWCPRQAT1XuduXlD627VUPx6MK7hwGz28NlXP1g','2025-02-04 12:33:08.592876','2025-02-11 12:33:08.000000',18,'6429b49856fa43fc98468558ab6181ea'),(130,'eyJhbGciOiJIUzI1NiIsInR5cCI6IkpXVCJ9.eyJ0b2tlbl90eXBlIjoicmVmcmVzaCIsImV4cCI6MTczOTI3NzgzOSwiaWF0IjoxNzM4NjczMDM5LCJqdGkiOiJlMmYwNDgxNTZhZTI0MDkyOGZhNDJmNjJkMzJmYjEyMiIsInVzZXJfaWQiOjE4fQ.mSD2N6wX9ZKGNb9AdEWSnGjn2cQ7Napiyeea4l_qre4','2025-02-04 12:43:59.765403','2025-02-11 12:43:59.000000',18,'e2f048156ae240928fa42f62d32fb122'),(131,'eyJhbGciOiJIUzI1NiIsInR5cCI6IkpXVCJ9.eyJ0b2tlbl90eXBlIjoicmVmcmVzaCIsImV4cCI6MTczOTI3Nzg0MSwiaWF0IjoxNzM4NjczMDQxLCJqdGkiOiJiYzU2Y2JhMDVmNzU0ODM5OGVhNWNhNmZiY2RjYTU2OSIsInVzZXJfaWQiOjE4fQ.jSOt8zLYxOmCh2H9lf-KCwSolBEOE3HFeOvcZKvysG0','2025-02-04 12:44:01.154060','2025-02-11 12:44:01.000000',18,'bc56cba05f7548398ea5ca6fbcdca569'),(132,'eyJhbGciOiJIUzI1NiIsInR5cCI6IkpXVCJ9.eyJ0b2tlbl90eXBlIjoicmVmcmVzaCIsImV4cCI6MTczOTQyMjE3MiwiaWF0IjoxNzM4ODE3MzcyLCJqdGkiOiIzZTlkY2Y0YmIyZWE0N2U4YmJhMzA1MDA4YzA2MTJhYiIsInVzZXJfaWQiOjE4fQ.egIduHLyoVXTq85FvMivyP60B37_Bb64diW44M-nziY',NULL,'2025-02-13 04:49:32.000000',NULL,'3e9dcf4bb2ea47e8bba305008c0612ab'),(133,'eyJhbGciOiJIUzI1NiIsInR5cCI6IkpXVCJ9.eyJ0b2tlbl90eXBlIjoicmVmcmVzaCIsImV4cCI6MTczOTQyMjE4MSwiaWF0IjoxNzM4ODE3MzgxLCJqdGkiOiIyMzAyNTQ1YzUyNWM0ZDIyYjA5NmVhODFlOGJmMWJiMiIsInVzZXJfaWQiOjExfQ.B4KAZ3VgQCaCm4fetNi2ghUE8BfHaCt7MXWRnQn0BbE','2025-02-06 04:49:41.868032','2025-02-13 04:49:41.000000',11,'2302545c525c4d22b096ea81e8bf1bb2'),(134,'eyJhbGciOiJIUzI1NiIsInR5cCI6IkpXVCJ9.eyJ0b2tlbl90eXBlIjoicmVmcmVzaCIsImV4cCI6MTczOTQyMjE4MSwiaWF0IjoxNzM4ODE3MzgxLCJqdGkiOiJiYWUzYWE0YjI1ZDg0YmU0OTBlN2NhOWU5ZTk4NmVhNyIsInVzZXJfaWQiOjF9.OU4obYKw4iy7OcJi-3q8gZGkcbKyByFOltrbZMK_Pzk','2025-02-06 04:49:41.955629','2025-02-13 04:49:41.000000',1,'bae3aa4b25d84be490e7ca9e9e986ea7'),(135,'eyJhbGciOiJIUzI1NiIsInR5cCI6IkpXVCJ9.eyJ0b2tlbl90eXBlIjoicmVmcmVzaCIsImV4cCI6MTczOTQyMjIyOSwiaWF0IjoxNzM4ODE3NDI5LCJqdGkiOiI5MmM4MzhjZTIxODU0NzgxOWVkNGJlZjRlNDRlOGQzOSIsInVzZXJfaWQiOjExfQ.tOLFK2h36l8lL0JoP4IrsrvW_ZT6tlqLVfqVRyM9g9Q','2025-02-06 04:50:29.398751','2025-02-13 04:50:29.000000',11,'92c838ce218547819ed4bef4e44e8d39'),(136,'eyJhbGciOiJIUzI1NiIsInR5cCI6IkpXVCJ9.eyJ0b2tlbl90eXBlIjoicmVmcmVzaCIsImV4cCI6MTczOTQyMzI0NywiaWF0IjoxNzM4ODE4NDQ3LCJqdGkiOiJjN2M1ODFhZTU2NWE0M2VmOGRiMTU2NjhjOTcwYWVhNiIsInVzZXJfaWQiOjExfQ.neMn5E2BEZKaG5laV4WJmpFvPfhaSfiEEyzrGypV8n0','2025-02-06 05:07:27.592580','2025-02-13 05:07:27.000000',11,'c7c581ae565a43ef8db15668c970aea6'),(137,'eyJhbGciOiJIUzI1NiIsInR5cCI6IkpXVCJ9.eyJ0b2tlbl90eXBlIjoicmVmcmVzaCIsImV4cCI6MTczOTQyMzM0MywiaWF0IjoxNzM4ODE4NTQzLCJqdGkiOiI4MzAzZTVlMTAzNmE0YjQ5ODVhMTMxNzVmY2YxNmIxNiIsInVzZXJfaWQiOjExfQ.Q4iJsdYWOnqb-IG__-9b2qg5m2r1p4Jg_WJ2s6ZLeoM','2025-02-06 05:09:03.017646','2025-02-13 05:09:03.000000',11,'8303e5e1036a4b4985a13175fcf16b16'),(138,'eyJhbGciOiJIUzI1NiIsInR5cCI6IkpXVCJ9.eyJ0b2tlbl90eXBlIjoicmVmcmVzaCIsImV4cCI6MTczOTQyNzM0MSwiaWF0IjoxNzM4ODIyNTQxLCJqdGkiOiIwMTA1NjViYzAyMGI0NmRiYWE1YzMxYjljMWMxOWI2YSIsInVzZXJfaWQiOjF9.v_c7v-yTV3ecWBUUPiKhNfpkEVIXO1d2TjLpmAkzemc','2025-02-06 06:15:41.107285','2025-02-13 06:15:41.000000',1,'010565bc020b46dbaa5c31b9c1c19b6a'),(139,'eyJhbGciOiJIUzI1NiIsInR5cCI6IkpXVCJ9.eyJ0b2tlbl90eXBlIjoicmVmcmVzaCIsImV4cCI6MTczOTQzNDc2NiwiaWF0IjoxNzM4ODI5OTY2LCJqdGkiOiIzNzQxOWU5NTU2ZTk0ZGYyYmQwOGY4ODA4ZjI3MTI2NSIsInVzZXJfaWQiOjF9.9dfoyI3l3ilwNdSmegC5wNbbj4I_IdRytGMjuJvJmrM','2025-02-06 08:19:26.482595','2025-02-13 08:19:26.000000',1,'37419e9556e94df2bd08f8808f271265'),(140,'eyJhbGciOiJIUzI1NiIsInR5cCI6IkpXVCJ9.eyJ0b2tlbl90eXBlIjoicmVmcmVzaCIsImV4cCI6MTczOTQ0NTkwOSwiaWF0IjoxNzM4ODQxMTA5LCJqdGkiOiI3Y2RmMWY4YTA5ZDE0MmZhOWJlMTljOGFiMjc1NDZjYyIsInVzZXJfaWQiOjF9.KQ4jPlPIjdh2oN31jB9eY_BdVx6jd2F0tTUT4RQi47A','2025-02-06 11:25:09.722230','2025-02-13 11:25:09.000000',1,'7cdf1f8a09d142fa9be19c8ab27546cc'),(141,'eyJhbGciOiJIUzI1NiIsInR5cCI6IkpXVCJ9.eyJ0b2tlbl90eXBlIjoicmVmcmVzaCIsImV4cCI6MTczOTQ0NzMyMywiaWF0IjoxNzM4ODQyNTIzLCJqdGkiOiJiNTQ3YmRiYjBkM2U0YzEyYWRkNjc2MzUyMzg1ZDNmMSIsInVzZXJfaWQiOjEzfQ.OdoEuAUertvM_A81ttksPCHSsY3T9o1c2sK0vARTX4Q','2025-02-06 11:48:43.112366','2025-02-13 11:48:43.000000',NULL,'b547bdbb0d3e4c12add676352385d3f1'),(142,'eyJhbGciOiJIUzI1NiIsInR5cCI6IkpXVCJ9.eyJ0b2tlbl90eXBlIjoicmVmcmVzaCIsImV4cCI6MTczOTYxMzk2MiwiaWF0IjoxNzM5MDA5MTYyLCJqdGkiOiJmZGFjOWNmOGQ1ZDY0Zjc4ODQ1OGI2ZjY5ODRiOWZjYiIsInVzZXJfaWQiOjE4fQ.fh28rOQSRLczWpWBmPGBSy05CuDh5Nd5TJl9G86-nbo','2025-02-08 10:06:02.389788','2025-02-15 10:06:02.000000',18,'fdac9cf8d5d64f788458b6f6984b9fcb'),(143,'eyJhbGciOiJIUzI1NiIsInR5cCI6IkpXVCJ9.eyJ0b2tlbl90eXBlIjoicmVmcmVzaCIsImV4cCI6MTczOTYxNzkxMSwiaWF0IjoxNzM5MDEzMTExLCJqdGkiOiJkNTkxYzIyM2M3NGM0YWE1YWM1MGUxMjBiZWU5NDcyZCIsInVzZXJfaWQiOjF9.ZItizK_o0R5hfu4mksy4bL_0I27DXSCvCRPP_Ax4YHY','2025-02-08 11:11:51.586236','2025-02-15 11:11:51.000000',1,'d591c223c74c4aa5ac50e120bee9472d'),(144,'eyJhbGciOiJIUzI1NiIsInR5cCI6IkpXVCJ9.eyJ0b2tlbl90eXBlIjoicmVmcmVzaCIsImV4cCI6MTczOTg1MzY2NCwiaWF0IjoxNzM5MjQ4ODY0LCJqdGkiOiIxMTAzMzU1MjU2OWE0OGU5OTg0ODYzYmQ5NDNlNzhiNSIsInVzZXJfaWQiOjF9.GPwrDoD8a3DMVpIKiDChxsWecnd6bQgVJ2dTASBtsJ0','2025-02-11 04:41:04.832000','2025-02-18 04:41:04.000000',1,'11033552569a48e9984863bd943e78b5'),(145,'eyJhbGciOiJIUzI1NiIsInR5cCI6IkpXVCJ9.eyJ0b2tlbl90eXBlIjoicmVmcmVzaCIsImV4cCI6MTczOTg1NzE4NiwiaWF0IjoxNzM5MjUyMzg2LCJqdGkiOiJjN2JjNGNjNDFkMGM0NDVhOGQ5MWI2ZDliZTYxMzU5NyIsInVzZXJfaWQiOjF9.lZcP3KnHGIVk-vGRQtmnPgpcm2aZHcwBFS8GzcC8agE','2025-02-11 05:39:46.183121','2025-02-18 05:39:46.000000',1,'c7bc4cc41d0c445a8d91b6d9be613597'),(146,'eyJhbGciOiJIUzI1NiIsInR5cCI6IkpXVCJ9.eyJ0b2tlbl90eXBlIjoicmVmcmVzaCIsImV4cCI6MTczOTg1NzIyMSwiaWF0IjoxNzM5MjUyNDIxLCJqdGkiOiJmMWM0OGZmMDM3YjM0NDMwODQwZWEyMjM4ZTg4ZmRhNiIsInVzZXJfaWQiOjEwfQ.qTuDvSmMYXEhdMxKsSSrs5yLBwJVozWHk0D4FEDzgXE','2025-02-11 05:40:21.770832','2025-02-18 05:40:21.000000',10,'f1c48ff037b34430840ea2238e88fda6'),(147,'eyJhbGciOiJIUzI1NiIsInR5cCI6IkpXVCJ9.eyJ0b2tlbl90eXBlIjoicmVmcmVzaCIsImV4cCI6MTczOTg1NzQxNiwiaWF0IjoxNzM5MjUyNjE2LCJqdGkiOiIyZGQxZjI3NmY0NjY0ZTI1YjIyMDUyMmE0MmM1YWFjNyIsInVzZXJfaWQiOjEwfQ.81u-HZnTRgAbZflTIu9iUDsFo7ovhwlGTMtj2ACFKa0','2025-02-11 05:43:36.278151','2025-02-18 05:43:36.000000',10,'2dd1f276f4664e25b220522a42c5aac7'),(148,'eyJhbGciOiJIUzI1NiIsInR5cCI6IkpXVCJ9.eyJ0b2tlbl90eXBlIjoicmVmcmVzaCIsImV4cCI6MTczOTg2MDk5NSwiaWF0IjoxNzM5MjU2MTk1LCJqdGkiOiJkMjZlMThkY2MxOWM0NzFhYjA3NzFlMjdlZjQ1NGEwYSIsInVzZXJfaWQiOjExfQ.n3l-nNy2mIsUEydq6Jb-lCFt4PNZCXkMkiVk7qBVpMA','2025-02-11 06:43:15.953253','2025-02-18 06:43:15.000000',11,'d26e18dcc19c471ab0771e27ef454a0a'),(149,'eyJhbGciOiJIUzI1NiIsInR5cCI6IkpXVCJ9.eyJ0b2tlbl90eXBlIjoicmVmcmVzaCIsImV4cCI6MTczOTg2MTExMCwiaWF0IjoxNzM5MjU2MzEwLCJqdGkiOiI4NmE1ZTMzOTM3NTk0MjY1ODZjOWRhMjQxZDhhNmY0NCIsInVzZXJfaWQiOjExfQ.YxmsSM7k2IywSc6dxFeoMjLy9kNdwl9zg3K3G_G2b8A','2025-02-11 06:45:10.042142','2025-02-18 06:45:10.000000',11,'86a5e3393759426586c9da241d8a6f44'),(150,'eyJhbGciOiJIUzI1NiIsInR5cCI6IkpXVCJ9.eyJ0b2tlbl90eXBlIjoicmVmcmVzaCIsImV4cCI6MTczOTg4MDQ2NSwiaWF0IjoxNzM5Mjc1NjY1LCJqdGkiOiJiNWQ4YjE0OWQ3OGM0YmZhOTFjODg4YmIxNDI0ZGRmNyIsInVzZXJfaWQiOjF9.uraila5QQMc5zbo4wkPATdf9_1QybC5MlF_sEvKp0uc','2025-02-11 12:07:45.445895','2025-02-18 12:07:45.000000',1,'b5d8b149d78c4bfa91c888bb1424ddf7'),(151,'eyJhbGciOiJIUzI1NiIsInR5cCI6IkpXVCJ9.eyJ0b2tlbl90eXBlIjoicmVmcmVzaCIsImV4cCI6MTczOTk0MTY3NSwiaWF0IjoxNzM5MzM2ODc1LCJqdGkiOiI1Y2IzMzhmNWM3OWI0YjYwYTIxY2IyMTEzNjFlOTQ3ZSIsInVzZXJfaWQiOjF9.qkt_DI4IoigKCaxa2m5rwwsDfhcFM0vNdbR6rYsICXc','2025-02-12 05:07:55.176701','2025-02-19 05:07:55.000000',1,'5cb338f5c79b4b60a21cb211361e947e'),(152,'eyJhbGciOiJIUzI1NiIsInR5cCI6IkpXVCJ9.eyJ0b2tlbl90eXBlIjoicmVmcmVzaCIsImV4cCI6MTczOTk0NjMzMCwiaWF0IjoxNzM5MzQxNTMwLCJqdGkiOiJlODY4Y2ZlZGQ2Yzg0M2MzOTU4M2NhMDY3ODFiNmM3YyIsInVzZXJfaWQiOjF9.yu6atYWELVPO7YAuwm7oL17Wy1pSTQOoKEQYdKj-0V0','2025-02-12 06:25:30.391803','2025-02-19 06:25:30.000000',1,'e868cfedd6c843c39583ca06781b6c7c'),(153,'eyJhbGciOiJIUzI1NiIsInR5cCI6IkpXVCJ9.eyJ0b2tlbl90eXBlIjoicmVmcmVzaCIsImV4cCI6MTczOTk0NjM5OSwiaWF0IjoxNzM5MzQxNTk5LCJqdGkiOiI5NTRjNGRhMDYwYTQ0OGQ3YTAyYzBmZWI4ZTQ0Y2EzZSIsInVzZXJfaWQiOjF9.Xn1qug55Is5CPSl6FakGIceyRPd9qjlC1Kq1gR-ukcc','2025-02-12 06:26:39.537797','2025-02-19 06:26:39.000000',1,'954c4da060a448d7a02c0feb8e44ca3e'),(154,'eyJhbGciOiJIUzI1NiIsInR5cCI6IkpXVCJ9.eyJ0b2tlbl90eXBlIjoicmVmcmVzaCIsImV4cCI6MTczOTk0NjQ0NiwiaWF0IjoxNzM5MzQxNjQ2LCJqdGkiOiI1YTgxZDU3Y2M3NGE0MmM0YWExYTI4YzZhYzRmZTk0NiIsInVzZXJfaWQiOjF9.JK3sHLTD1LOj_-pndp9qhx9QP-1Co55t3DKGnddzeM8','2025-02-12 06:27:26.714374','2025-02-19 06:27:26.000000',1,'5a81d57cc74a42c4aa1a28c6ac4fe946'),(155,'eyJhbGciOiJIUzI1NiIsInR5cCI6IkpXVCJ9.eyJ0b2tlbl90eXBlIjoicmVmcmVzaCIsImV4cCI6MTc0MDAyNTY2MCwiaWF0IjoxNzM5NDIwODYwLCJqdGkiOiI4NWJhNzhlY2FmMTY0MmYwOGMyYTgwMzFkN2E2NWZkNCIsInVzZXJfaWQiOjExfQ.Sh8rJWTjDhCq-bskti3kg5wY98hC4We9O2Ue67dDsao','2025-02-13 04:27:40.975280','2025-02-20 04:27:40.000000',11,'85ba78ecaf1642f08c2a8031d7a65fd4'),(156,'eyJhbGciOiJIUzI1NiIsInR5cCI6IkpXVCJ9.eyJ0b2tlbl90eXBlIjoicmVmcmVzaCIsImV4cCI6MTc0MDAyOTgzNCwiaWF0IjoxNzM5NDI1MDM0LCJqdGkiOiJmOWFlMDU2NmU0Njc0ZmEyYWRiZDdmOWMyYzQ3MjJkYSIsInVzZXJfaWQiOjF9.f_KqBopEb9x6LcFeWmRRM0j9sXvtVi-0k3PsbQr6720','2025-02-13 05:37:14.437704','2025-02-20 05:37:14.000000',1,'f9ae0566e4674fa2adbd7f9c2c4722da'),(157,'eyJhbGciOiJIUzI1NiIsInR5cCI6IkpXVCJ9.eyJ0b2tlbl90eXBlIjoicmVmcmVzaCIsImV4cCI6MTc0MDExNzIwNCwiaWF0IjoxNzM5NTEyNDA0LCJqdGkiOiJmNjk1YTA4OGFjNzQ0NzJkYTE5MDdmNzFjZDJmZWFlZiIsInVzZXJfaWQiOjF9.OQZoBAPa6C6LdB1omrpvwsXWEEnKXXt0huH4ksrBSfk','2025-02-14 05:53:24.299624','2025-02-21 05:53:24.000000',1,'f695a088ac74472da1907f71cd2feaef'),(158,'eyJhbGciOiJIUzI1NiIsInR5cCI6IkpXVCJ9.eyJ0b2tlbl90eXBlIjoicmVmcmVzaCIsImV4cCI6MTc0MDEzMDM0MCwiaWF0IjoxNzM5NTI1NTQwLCJqdGkiOiIzMTI3Nzk4ZDI1YmI0NDk3OTUzZjdmMDI2OWVmZGRlZiIsInVzZXJfaWQiOjEwfQ.LzPgO1qq4QUpWk7G5xfPOSd2b4YN5iyLGDi46QENtg0','2025-02-14 09:32:20.960114','2025-02-21 09:32:20.000000',10,'3127798d25bb4497953f7f0269efddef'),(159,'eyJhbGciOiJIUzI1NiIsInR5cCI6IkpXVCJ9.eyJ0b2tlbl90eXBlIjoicmVmcmVzaCIsImV4cCI6MTc0MDEzMjEzMCwiaWF0IjoxNzM5NTI3MzMwLCJqdGkiOiI3MmQxODFlZjJmZDg0NjlkYWMzYjEwMDM2NTI1YjE4NyIsInVzZXJfaWQiOjExfQ.xOeziLd01yGf-JL3tqGI9fI9U8-oGdEf6vMN-LsmRus','2025-02-14 10:02:10.729523','2025-02-21 10:02:10.000000',11,'72d181ef2fd8469dac3b10036525b187'),(160,'eyJhbGciOiJIUzI1NiIsInR5cCI6IkpXVCJ9.eyJ0b2tlbl90eXBlIjoicmVmcmVzaCIsImV4cCI6MTc0MDEzMjY3NSwiaWF0IjoxNzM5NTI3ODc1LCJqdGkiOiIxZmUzZGQ0NTNmMmU0Yjg4YWNhNjYzYTA3MDNiNDJkMyIsInVzZXJfaWQiOjE2fQ.cZKW3ZsWrLVavYHto8oRX9p7I1ZdbNXocziWgS4sZ68','2025-02-14 10:11:15.102993','2025-02-21 10:11:15.000000',16,'1fe3dd453f2e4b88aca663a0703b42d3'),(161,'eyJhbGciOiJIUzI1NiIsInR5cCI6IkpXVCJ9.eyJ0b2tlbl90eXBlIjoicmVmcmVzaCIsImV4cCI6MTc0MDEzMzE0NiwiaWF0IjoxNzM5NTI4MzQ2LCJqdGkiOiJlYjI0MjJlNmI3YmY0MDg2YWEzNWI4ZjRkNDZiNTBjZSIsInVzZXJfaWQiOjEyfQ.6lSmcT1wwJlejuaFn6WNj21352X5pgLL3yUKOMOOA0k','2025-02-14 10:19:06.619619','2025-02-21 10:19:06.000000',12,'eb2422e6b7bf4086aa35b8f4d46b50ce'),(162,'eyJhbGciOiJIUzI1NiIsInR5cCI6IkpXVCJ9.eyJ0b2tlbl90eXBlIjoicmVmcmVzaCIsImV4cCI6MTc0MDEzMzM2NywiaWF0IjoxNzM5NTI4NTY3LCJqdGkiOiIxMWQ2NjIwOWYxOTU0NGQ5YWJjMzRiODkyMTI0NGY0MCIsInVzZXJfaWQiOjE4fQ.f28oUoLrcLynjx-E4m7oPKDBuiOrj8jTzA2AHazIHcY','2025-02-14 10:22:47.690696','2025-02-21 10:22:47.000000',18,'11d66209f19544d9abc34b8921244f40'),(163,'eyJhbGciOiJIUzI1NiIsInR5cCI6IkpXVCJ9.eyJ0b2tlbl90eXBlIjoicmVmcmVzaCIsImV4cCI6MTc0MDEzMzY2MCwiaWF0IjoxNzM5NTI4ODYwLCJqdGkiOiJhYzQ1ODJhYmExMTQ0MTA1OGYzOGYxMzVhMDM1MDk3YiIsInVzZXJfaWQiOjExfQ.fGRfvFVOVVb0lMrefHJoB1oQMY5monCyvdaLVTCMcT8','2025-02-14 10:27:40.589386','2025-02-21 10:27:40.000000',11,'ac4582aba11441058f38f135a035097b'),(164,'eyJhbGciOiJIUzI1NiIsInR5cCI6IkpXVCJ9.eyJ0b2tlbl90eXBlIjoicmVmcmVzaCIsImV4cCI6MTc0MDEzNDQ1NCwiaWF0IjoxNzM5NTI5NjU0LCJqdGkiOiI2OWU3Zjc5NTI4MzA0NzM0OTgzNTg0ZDRkZDBjZDQ5NCIsInVzZXJfaWQiOjF9.px_OKMZpwPHlOd4FxXm2hQd-9Ok0L-JkQRr-_If2bXA','2025-02-14 10:40:54.320165','2025-02-21 10:40:54.000000',1,'69e7f79528304734983584d4dd0cd494'),(165,'eyJhbGciOiJIUzI1NiIsInR5cCI6IkpXVCJ9.eyJ0b2tlbl90eXBlIjoicmVmcmVzaCIsImV4cCI6MTc0MDEzNzY0MywiaWF0IjoxNzM5NTMyODQzLCJqdGkiOiIwZDc0ODJiNTExMjA0M2ZiOWQyY2MzODQ2ZDUxMzY1NCIsInVzZXJfaWQiOjF9.bmzktVltPbhNys9CgyBJ7emqonVI3cVharilDGDGg_M','2025-02-14 11:34:03.970923','2025-02-21 11:34:03.000000',1,'0d7482b5112043fb9d2cc3846d513654'),(166,'eyJhbGciOiJIUzI1NiIsInR5cCI6IkpXVCJ9.eyJ0b2tlbl90eXBlIjoicmVmcmVzaCIsImV4cCI6MTc0MDEzOTA1MCwiaWF0IjoxNzM5NTM0MjUwLCJqdGkiOiI2YTkwZTJmNzBmMzU0YmU4OWNjYTYyYTEyNmU3OWE3MiIsInVzZXJfaWQiOjF9.Oa-11CixnQPgQg6fGoRSELTmE4PhYoLDLEcydRPtO5Q','2025-02-14 11:57:30.787514','2025-02-21 11:57:30.000000',1,'6a90e2f70f354be89cca62a126e79a72'),(167,'eyJhbGciOiJIUzI1NiIsInR5cCI6IkpXVCJ9.eyJ0b2tlbl90eXBlIjoicmVmcmVzaCIsImV4cCI6MTc0MDM3MDM5NywiaWF0IjoxNzM5NzY1NTk3LCJqdGkiOiIzZjQ0NDkyNzIzYTc0NTlmYWEyMjFhNzVlZjY5Y2U4YiIsInVzZXJfaWQiOjF9.h-Faf_QPntOaAgAKrHg9-90ynY8J9P6sVlP5OIUH71E','2025-02-17 04:13:17.702783','2025-02-24 04:13:17.000000',1,'3f44492723a7459faa221a75ef69ce8b'),(168,'eyJhbGciOiJIUzI1NiIsInR5cCI6IkpXVCJ9.eyJ0b2tlbl90eXBlIjoicmVmcmVzaCIsImV4cCI6MTc0MDM3MDQ5NSwiaWF0IjoxNzM5NzY1Njk1LCJqdGkiOiIyOTAzNmE0YmJhZTc0OTM0YjZiY2RiMDgyODQ1Nzg5MCIsInVzZXJfaWQiOjExfQ.e_C9lS-Fr1XgFCqjrjwszsf7tKM7wT7qmxamBv4JVgI','2025-02-17 04:14:55.410181','2025-02-24 04:14:55.000000',11,'29036a4bbae74934b6bcdb0828457890'),(169,'eyJhbGciOiJIUzI1NiIsInR5cCI6IkpXVCJ9.eyJ0b2tlbl90eXBlIjoicmVmcmVzaCIsImV4cCI6MTc0MDM3MDcwOSwiaWF0IjoxNzM5NzY1OTA5LCJqdGkiOiJjY2QxMDA0M2Y3MjY0ODY4YWI2Nzg2Mjc3ZDZmNzllNCIsInVzZXJfaWQiOjEwfQ.W2ZvwTF3b9G2oEHFqU6s8Ezu1lPIHW7USEA3XJ2KrxU','2025-02-17 04:18:29.300160','2025-02-24 04:18:29.000000',10,'ccd10043f7264868ab6786277d6f79e4'),(170,'eyJhbGciOiJIUzI1NiIsInR5cCI6IkpXVCJ9.eyJ0b2tlbl90eXBlIjoicmVmcmVzaCIsImV4cCI6MTc0MDM3MTAxNCwiaWF0IjoxNzM5NzY2MjE0LCJqdGkiOiI0MDA3ZjRjNGI2YjQ0MTM4ODk0MDAxNjc4NzA4Yjc4NCIsInVzZXJfaWQiOjExfQ.cz0lgH9-Po474L5bb4p9dKWQmhd3K1MxjVeK2-WCTWk','2025-02-17 04:23:34.634571','2025-02-24 04:23:34.000000',11,'4007f4c4b6b44138894001678708b784'),(171,'eyJhbGciOiJIUzI1NiIsInR5cCI6IkpXVCJ9.eyJ0b2tlbl90eXBlIjoicmVmcmVzaCIsImV4cCI6MTc0MDM3MjM2NiwiaWF0IjoxNzM5NzY3NTY2LCJqdGkiOiI2OTY2MjhiY2RmNWQ0ZjBmOWQ3ZjdjNWI4MzkwOWI0OSIsInVzZXJfaWQiOjExfQ.880-WbsM3baSJLVqemzb-UF-XlYVhNzN2uzXRZeHJU4','2025-02-17 04:46:06.296970','2025-02-24 04:46:06.000000',11,'696628bcdf5d4f0f9d7f7c5b83909b49'),(172,'eyJhbGciOiJIUzI1NiIsInR5cCI6IkpXVCJ9.eyJ0b2tlbl90eXBlIjoicmVmcmVzaCIsImV4cCI6MTc0MDM3MzI1OCwiaWF0IjoxNzM5NzY4NDU4LCJqdGkiOiI5YjllNTNkZWUzNGU0MmYwYWQ1OGI5YTMxMjI3MTcyOCIsInVzZXJfaWQiOjF9.I_Zk9g9alQmERArKdKdHoaUwREPYBC0vuJ-WR9IStqE','2025-02-17 05:00:58.249857','2025-02-24 05:00:58.000000',1,'9b9e53dee34e42f0ad58b9a312271728'),(173,'eyJhbGciOiJIUzI1NiIsInR5cCI6IkpXVCJ9.eyJ0b2tlbl90eXBlIjoicmVmcmVzaCIsImV4cCI6MTc0MDM4ODc4OSwiaWF0IjoxNzM5NzgzOTg5LCJqdGkiOiJhNGViNjljZDU3ZDQ0MzMzOTA5YWMzMTNhMDEyOTQwOSIsInVzZXJfaWQiOjF9.LFDUM26-mirzrfUaUHPxU1pQ7ZxWO_ltCeRCd49Xovw','2025-02-17 09:19:49.408003','2025-02-24 09:19:49.000000',1,'a4eb69cd57d44333909ac313a0129409'),(174,'eyJhbGciOiJIUzI1NiIsInR5cCI6IkpXVCJ9.eyJ0b2tlbl90eXBlIjoicmVmcmVzaCIsImV4cCI6MTc0MDQ2MjI1NCwiaWF0IjoxNzM5ODU3NDU0LCJqdGkiOiJjZDBhYWUzM2FhNDY0YzI4YThhMDUxOTYxN2FkNGFhNSIsInVzZXJfaWQiOjF9.C7KFi9lcgOxZz9tpPa6G6bNb-6Az_8GtMXaWDM8rHg4',NULL,'2025-02-25 05:44:14.000000',NULL,'cd0aae33aa464c28a8a0519617ad4aa5'),(175,'eyJhbGciOiJIUzI1NiIsInR5cCI6IkpXVCJ9.eyJ0b2tlbl90eXBlIjoicmVmcmVzaCIsImV4cCI6MTc0MDQ2MjU5OCwiaWF0IjoxNzM5ODU3Nzk4LCJqdGkiOiI0ZGRjMjk2MzUxYjk0YzYyYTExZjFkNDY3NjU5NTRkZSIsInVzZXJfaWQiOjExfQ.DvHO7eaDsNDQbFVSARcI-hC2A2yiqlRDYhVaFpGDYrw','2025-02-18 05:49:58.378935','2025-02-25 05:49:58.000000',11,'4ddc296351b94c62a11f1d46765954de'),(176,'eyJhbGciOiJIUzI1NiIsInR5cCI6IkpXVCJ9.eyJ0b2tlbl90eXBlIjoicmVmcmVzaCIsImV4cCI6MTc0MDQ3Nzc4NiwiaWF0IjoxNzM5ODcyOTg2LCJqdGkiOiJhYzI4MWY1Mjk4ZmY0M2ExYWNiZTYwNDMwNWQwOTIzNiIsInVzZXJfaWQiOjF9.j0mGaJJD7LFGQMHMifR6kBr7k4rNv7733wqyJru8Q98','2025-02-18 10:03:06.108832','2025-02-25 10:03:06.000000',1,'ac281f5298ff43a1acbe604305d09236'),(177,'eyJhbGciOiJIUzI1NiIsInR5cCI6IkpXVCJ9.eyJ0b2tlbl90eXBlIjoicmVmcmVzaCIsImV4cCI6MTc0MDQ3ODIwNywiaWF0IjoxNzM5ODczNDA3LCJqdGkiOiJiODBjZTYzYjkwNjY0ZDk4YWFlNDJiMTQ2N2QzMzlkZSIsInVzZXJfaWQiOjF9.6656N6e3un3Pb7IZREE2-McOpexhh-QIX2Hsk1I2AKA','2025-02-18 10:10:07.254755','2025-02-25 10:10:07.000000',1,'b80ce63b90664d98aae42b1467d339de'),(178,'eyJhbGciOiJIUzI1NiIsInR5cCI6IkpXVCJ9.eyJ0b2tlbl90eXBlIjoicmVmcmVzaCIsImV4cCI6MTc0MDQ4NDUxMSwiaWF0IjoxNzM5ODc5NzExLCJqdGkiOiI4ZDM5MjNhMjFlYmI0ODNkYTEyZjA2YmE2YjgwMGZjYiIsInVzZXJfaWQiOjF9.jOsA-Mz9HN5RUkAE65FbbTjipnXaHQTwNUrDFkHOsaI','2025-02-18 11:55:11.645776','2025-02-25 11:55:11.000000',1,'8d3923a21ebb483da12f06ba6b800fcb'),(179,'eyJhbGciOiJIUzI1NiIsInR5cCI6IkpXVCJ9.eyJ0b2tlbl90eXBlIjoicmVmcmVzaCIsImV4cCI6MTc0MDU0NTMxOCwiaWF0IjoxNzM5OTQwNTE4LCJqdGkiOiIxNjYzY2VmYzk4MzE0MjRhOWViODQwNTMwZTVjODVhMyIsInVzZXJfaWQiOjF9.UP1-0PVJzVEEkIEHchfC9qdMr2McDuxG-pyQi6Duyp0','2025-02-19 04:48:38.666347','2025-02-26 04:48:38.000000',1,'1663cefc9831424a9eb840530e5c85a3'),(180,'eyJhbGciOiJIUzI1NiIsInR5cCI6IkpXVCJ9.eyJ0b2tlbl90eXBlIjoicmVmcmVzaCIsImV4cCI6MTc0MDU0MjY4MCwiaWF0IjoxNzM5OTM3ODgwLCJqdGkiOiIxZmQyZmFiZjhkMjI0ODZhODE4YmE2YjYzNTIxYzdjOSIsInVzZXJfaWQiOjF9.bJXdIs9oLR_PIqhcG1CosbauPs2I8X-2aCiX2lleYsM',NULL,'2025-02-26 04:04:40.000000',NULL,'1fd2fabf8d22486a818ba6b63521c7c9'),(181,'eyJhbGciOiJIUzI1NiIsInR5cCI6IkpXVCJ9.eyJ0b2tlbl90eXBlIjoicmVmcmVzaCIsImV4cCI6MTc0MDU0ODYyOSwiaWF0IjoxNzM5OTQzODI5LCJqdGkiOiIzZDMxY2M5NWQyMzk0MTRiYjQyODM3MDk4YWU0YmUzMSIsInVzZXJfaWQiOjExfQ.PhDA96dkmUkROSCgtzQYHHQ_SL4BMlBqekIpLnUTFnY','2025-02-19 05:43:49.642826','2025-02-26 05:43:49.000000',11,'3d31cc95d239414bb42837098ae4be31'),(182,'eyJhbGciOiJIUzI1NiIsInR5cCI6IkpXVCJ9.eyJ0b2tlbl90eXBlIjoicmVmcmVzaCIsImV4cCI6MTc0MDU1MDk0NywiaWF0IjoxNzM5OTQ2MTQ3LCJqdGkiOiIyYTg1NzA3NmNlYjg0ZDA1OWVjZDUzMmNjZjI5ODY3OSIsInVzZXJfaWQiOjExfQ.j8fbIceur0tR6Q2Nt4pe3EuWjna3ncldyxFxi8mf--k','2025-02-19 06:22:27.051615','2025-02-26 06:22:27.000000',11,'2a857076ceb84d059ecd532ccf298679'),(183,'eyJhbGciOiJIUzI1NiIsInR5cCI6IkpXVCJ9.eyJ0b2tlbl90eXBlIjoicmVmcmVzaCIsImV4cCI6MTc0MDU1OTExOCwiaWF0IjoxNzM5OTU0MzE4LCJqdGkiOiJmNmQxYWJlMTU4MjU0NjUwYWRkYmFkNzVkOWFiZDI2YSIsInVzZXJfaWQiOjExfQ.jHbEBh84cM0iKbaEIdXvETsRUV-Nppu-9iuzbhzwgAs','2025-02-19 08:38:38.449946','2025-02-26 08:38:38.000000',11,'f6d1abe158254650addbad75d9abd26a'),(184,'eyJhbGciOiJIUzI1NiIsInR5cCI6IkpXVCJ9.eyJ0b2tlbl90eXBlIjoicmVmcmVzaCIsImV4cCI6MTc0MDYzOTE4MywiaWF0IjoxNzQwMDM0MzgzLCJqdGkiOiI5OGM4MGU5ZTdmZDM0OGNkYmZhYWRhYmIxZDE0M2YyMSIsInVzZXJfaWQiOjExfQ.xcOqrc-jsg5wXHyLS0c-MA6pGzzguhq5k9rcKgJHBhw','2025-02-20 06:53:03.159792','2025-02-27 06:53:03.000000',11,'98c80e9e7fd348cdbfaadabb1d143f21'),(185,'eyJhbGciOiJIUzI1NiIsInR5cCI6IkpXVCJ9.eyJ0b2tlbl90eXBlIjoicmVmcmVzaCIsImV4cCI6MTc0MDY0MDg1NCwiaWF0IjoxNzQwMDM2MDU0LCJqdGkiOiI1OTFlNjUyM2ZlNDY0NGVmYTRiN2I4MjVmYTI1YjM4NSIsInVzZXJfaWQiOjF9.J_LYRZLvV4ZeDyw8rIzr8gAqvKIEnVy1BFuLaN3ivNo','2025-02-20 07:20:54.703648','2025-02-27 07:20:54.000000',1,'591e6523fe4644efa4b7b825fa25b385'),(186,'eyJhbGciOiJIUzI1NiIsInR5cCI6IkpXVCJ9.eyJ0b2tlbl90eXBlIjoicmVmcmVzaCIsImV4cCI6MTc0MDY1MDMxNSwiaWF0IjoxNzQwMDQ1NTE1LCJqdGkiOiJlN2Y5MmQyNmU5YWI0M2EyYTBhZTgxZGM5YjBiODE0ZCIsInVzZXJfaWQiOjEwfQ.BttXkcyXo7v0XCRwl22N0nNVeOBnJ3bVgc4QAzotcbE','2025-02-20 09:58:35.067409','2025-02-27 09:58:35.000000',10,'e7f92d26e9ab43a2a0ae81dc9b0b814d'),(187,'eyJhbGciOiJIUzI1NiIsInR5cCI6IkpXVCJ9.eyJ0b2tlbl90eXBlIjoicmVmcmVzaCIsImV4cCI6MTc0MDYzODg4MSwiaWF0IjoxNzQwMDM0MDgxLCJqdGkiOiI1MDA4NGExYjNjMTM0YTJlOGY4MmE2N2ViMjU2OTQ2MiIsInVzZXJfaWQiOjF9.cBCakDch-J5hDHDXObq-d_8xUrMmDPISzM9OgldiQOc',NULL,'2025-02-27 06:48:01.000000',NULL,'50084a1b3c134a2e8f82a67eb2569462'),(188,'eyJhbGciOiJIUzI1NiIsInR5cCI6IkpXVCJ9.eyJ0b2tlbl90eXBlIjoicmVmcmVzaCIsImV4cCI6MTc0MDY1MDU2MywiaWF0IjoxNzQwMDQ1NzYzLCJqdGkiOiI4NTBkN2QzYmQwMWQ0ZjJhYjM0NjY3OTcxMDEwMmI4OCIsInVzZXJfaWQiOjExfQ.fzRLQbJS-sRzLTKdNDBnSUvxZlrAuzwa7nAUpFVKvSM','2025-02-20 10:02:43.428133','2025-02-27 10:02:43.000000',11,'850d7d3bd01d4f2ab346679710102b88'),(189,'eyJhbGciOiJIUzI1NiIsInR5cCI6IkpXVCJ9.eyJ0b2tlbl90eXBlIjoicmVmcmVzaCIsImV4cCI6MTc0MDY1MDc0NSwiaWF0IjoxNzQwMDQ1OTQ1LCJqdGkiOiIzNTA4YmYzYzVmOTk0YzdjYTUzNmUyMzA2OWMxMTFjZCIsInVzZXJfaWQiOjF9.S2EzrUIAdTNNRMh-VLiSmKpCRQ7fOJiQYQM7jEtqvFQ','2025-02-20 10:05:45.980844','2025-02-27 10:05:45.000000',1,'3508bf3c5f994c7ca536e23069c111cd'),(190,'eyJhbGciOiJIUzI1NiIsInR5cCI6IkpXVCJ9.eyJ0b2tlbl90eXBlIjoicmVmcmVzaCIsImV4cCI6MTc0MDY1MjQ3MywiaWF0IjoxNzQwMDQ3NjczLCJqdGkiOiI4MTg5NzJiODNlZWI0NDA5YTUyMzU3ZWJjYWY1ZGI4MSIsInVzZXJfaWQiOjEwfQ.LD-cWlcJ2Gtly115htAtE9ukQ1f4G7P5qlH1V4HCQBk','2025-02-20 10:34:33.628948','2025-02-27 10:34:33.000000',10,'818972b83eeb4409a52357ebcaf5db81'),(191,'eyJhbGciOiJIUzI1NiIsInR5cCI6IkpXVCJ9.eyJ0b2tlbl90eXBlIjoicmVmcmVzaCIsImV4cCI6MTc0MDcxNjMwMywiaWF0IjoxNzQwMTExNTAzLCJqdGkiOiI2OWVlNTQ0YzU0ZDA0MmUzYjYxMjZiMDc5NGU1YTNjMyIsInVzZXJfaWQiOjF9.1u7M5k6aCFs6_qBxCrOJIo08hg8qYoW3MPohgCUMCZQ','2025-02-21 04:18:23.411044','2025-02-28 04:18:23.000000',1,'69ee544c54d042e3b6126b0794e5a3c3'),(192,'eyJhbGciOiJIUzI1NiIsInR5cCI6IkpXVCJ9.eyJ0b2tlbl90eXBlIjoicmVmcmVzaCIsImV4cCI6MTc0MDcxNzE1MiwiaWF0IjoxNzQwMTEyMzUyLCJqdGkiOiIxYjE3NmE1NjYwOWI0YTA0YWNjYWQxOGNiMTc5NzA1MyIsInVzZXJfaWQiOjF9.4VE02MlBxlhOFsuocryj1HYE3Ad9QWrJZswQ0OO62JQ','2025-02-21 04:32:32.872679','2025-02-28 04:32:32.000000',1,'1b176a56609b4a04accad18cb1797053'),(193,'eyJhbGciOiJIUzI1NiIsInR5cCI6IkpXVCJ9.eyJ0b2tlbl90eXBlIjoicmVmcmVzaCIsImV4cCI6MTc0MDcxNzc0OCwiaWF0IjoxNzQwMTEyOTQ4LCJqdGkiOiJjNjI2Y2NkOTVlMTI0MjI2YmU3N2Q2MDhlZWI1ZWJmNiIsInVzZXJfaWQiOjEwfQ.hcX4M_w7lp_PukUBP2EAzLjDD1_HNBlQWf_6kpgAtPo','2025-02-21 04:42:28.625511','2025-02-28 04:42:28.000000',10,'c626ccd95e124226be77d608eeb5ebf6'),(194,'eyJhbGciOiJIUzI1NiIsInR5cCI6IkpXVCJ9.eyJ0b2tlbl90eXBlIjoicmVmcmVzaCIsImV4cCI6MTc0MDgwNzE1OCwiaWF0IjoxNzQwMjAyMzU4LCJqdGkiOiJkMTkxM2M4Nzk1NTU0NTQ4OWM4ZmMwYTZmZDc2ZGQzNyIsInVzZXJfaWQiOjF9.75jKt_U0JoXJFzAk1FN9j7y4R3hg2Z1QAV-XvmzEIFM','2025-02-22 05:32:38.505411','2025-03-01 05:32:38.000000',1,'d1913c87955545489c8fc0a6fd76dd37'),(195,'eyJhbGciOiJIUzI1NiIsInR5cCI6IkpXVCJ9.eyJ0b2tlbl90eXBlIjoicmVmcmVzaCIsImV4cCI6MTc0MDgwODE3NSwiaWF0IjoxNzQwMjAzMzc1LCJqdGkiOiI1NmUwODg1NTFmNzI0NzQ3YjAxYWM5M2Q3MjQyNjg0NiIsInVzZXJfaWQiOjEwfQ.gM9geCjdV6NSEQ4zR_IeBJQRGHQB8m1fa9Btgtp1htU','2025-02-22 05:49:35.010726','2025-03-01 05:49:35.000000',10,'56e088551f724747b01ac93d72426846'),(196,'eyJhbGciOiJIUzI1NiIsInR5cCI6IkpXVCJ9.eyJ0b2tlbl90eXBlIjoicmVmcmVzaCIsImV4cCI6MTc0MDgxMDY2OSwiaWF0IjoxNzQwMjA1ODY5LCJqdGkiOiIwNTcxMWJhMzY4MTE0MDJiYjQwYWYxZGI4ODg0YWQ1ZSIsInVzZXJfaWQiOjF9.AvHv4yiwx3vg8gyxc2dnSU8yylPGPW8z0wHU_IHM6HY','2025-02-22 06:31:09.533877','2025-03-01 06:31:09.000000',1,'05711ba36811402bb40af1db8884ad5e'),(197,'eyJhbGciOiJIUzI1NiIsInR5cCI6IkpXVCJ9.eyJ0b2tlbl90eXBlIjoicmVmcmVzaCIsImV4cCI6MTc0MDgxOTI1NiwiaWF0IjoxNzQwMjE0NDU2LCJqdGkiOiIxY2FlNjA2MzZlMzA0ZWViOGFjZjgyYjdhOTc4ZWU5NCIsInVzZXJfaWQiOjF9.nUYMIg0Iw5RXzB7lJ1yJ687PmDFNs--ZFRGMxPgKnko','2025-02-22 08:54:16.915025','2025-03-01 08:54:16.000000',1,'1cae60636e304eeb8acf82b7a978ee94'),(198,'eyJhbGciOiJIUzI1NiIsInR5cCI6IkpXVCJ9.eyJ0b2tlbl90eXBlIjoicmVmcmVzaCIsImV4cCI6MTc0MDgyMDA5NCwiaWF0IjoxNzQwMjE1Mjk0LCJqdGkiOiJkMDc1NWE2NzY0OTM0ZTYzYmEwODJlZjdkMzk5YjNkNSIsInVzZXJfaWQiOjF9.USGMLdFC6L7Wn4uw3UmKd8vyT4QHQ50V07mYygcu_mg','2025-02-22 09:08:14.711823','2025-03-01 09:08:14.000000',1,'d0755a6764934e63ba082ef7d399b3d5'),(199,'eyJhbGciOiJIUzI1NiIsInR5cCI6IkpXVCJ9.eyJ0b2tlbl90eXBlIjoicmVmcmVzaCIsImV4cCI6MTc0MDgwMzkxNSwiaWF0IjoxNzQwMTk5MTE1LCJqdGkiOiIyNDk2MTdlNzBkMTA0ZmE3OGJhNGZjZDQ3MmVkOGViOSIsInVzZXJfaWQiOjExfQ.L3nKogYPUWduHfQJaow3NOw5JdFS-Ro4ThiPIo48qi4',NULL,'2025-03-01 04:38:35.000000',NULL,'249617e70d104fa78ba4fcd472ed8eb9'),(200,'eyJhbGciOiJIUzI1NiIsInR5cCI6IkpXVCJ9.eyJ0b2tlbl90eXBlIjoicmVmcmVzaCIsImV4cCI6MTc0MDgzMTIwMCwiaWF0IjoxNzQwMjI2NDAwLCJqdGkiOiJkZTVmMzU1MzI5NWU0MDcyOGQyYzgwZGM2N2ViZTIyMSIsInVzZXJfaWQiOjExfQ.D3rX_PjldFjs0FTYqb_DwVQkFrxiZkrH1YPE0RGDRms','2025-02-22 12:13:20.107053','2025-03-01 12:13:20.000000',11,'de5f3553295e40728d2c80dc67ebe221'),(201,'eyJhbGciOiJIUzI1NiIsInR5cCI6IkpXVCJ9.eyJ0b2tlbl90eXBlIjoicmVmcmVzaCIsImV4cCI6MTc0MTQxNjc3MiwiaWF0IjoxNzQwODExOTcyLCJqdGkiOiI4YjUxYzAyZDU3Y2E0MWFjOGUwYmJjYjg4ODEzYzFkNiIsInVzZXJfaWQiOjF9.GDGocZc4491mlKrLPZtCJubEEyggUwGgOi3d3Je6gcA','2025-03-01 06:52:52.733789','2025-03-08 06:52:52.000000',1,'8b51c02d57ca41ac8e0bbcb88813c1d6'),(202,'eyJhbGciOiJIUzI1NiIsInR5cCI6IkpXVCJ9.eyJ0b2tlbl90eXBlIjoicmVmcmVzaCIsImV4cCI6MTc0MTQxNjgyNywiaWF0IjoxNzQwODEyMDI3LCJqdGkiOiIzZWU1YTU5MTQwMGQ0NjI0OGU5M2JhMzZjY2QwMDZkMiIsInVzZXJfaWQiOjEyfQ.dZ8OnnwCTW5U0wfV56K-7mDLXuPnHujSiChRchHsjWs','2025-03-01 06:53:47.414578','2025-03-08 06:53:47.000000',12,'3ee5a591400d46248e93ba36ccd006d2'),(203,'eyJhbGciOiJIUzI1NiIsInR5cCI6IkpXVCJ9.eyJ0b2tlbl90eXBlIjoicmVmcmVzaCIsImV4cCI6MTc0MTQxNzIyNCwiaWF0IjoxNzQwODEyNDI0LCJqdGkiOiIyZjIzZjI4NmZhOWQ0MWZhOWZkYTYwMzMxYjYxNmZhZiIsInVzZXJfaWQiOjEyfQ.4iajkdyL_K0-wt2nzbpWhhd03QhwH0viouiF_HggR3I','2025-03-01 07:00:24.555962','2025-03-08 07:00:24.000000',12,'2f23f286fa9d41fa9fda60331b616faf'),(204,'eyJhbGciOiJIUzI1NiIsInR5cCI6IkpXVCJ9.eyJ0b2tlbl90eXBlIjoicmVmcmVzaCIsImV4cCI6MTc0MTQxNzYyMywiaWF0IjoxNzQwODEyODIzLCJqdGkiOiI3NjVlYTM4YmZiZjI0NWNkYmZlZjg5NmMzYTc4NGQxMyIsInVzZXJfaWQiOjF9.hUoJcMB8oyN4wifsTHVDVXaCIuGEJ-YgeLV0q160glw','2025-03-01 07:07:03.148110','2025-03-08 07:07:03.000000',1,'765ea38bfbf245cdbfef896c3a784d13'),(205,'eyJhbGciOiJIUzI1NiIsInR5cCI6IkpXVCJ9.eyJ0b2tlbl90eXBlIjoicmVmcmVzaCIsImV4cCI6MTc0MTQxOTA0MSwiaWF0IjoxNzQwODE0MjQxLCJqdGkiOiIwMWMxZTIyZWMzNmM0OTUxYjQ5MGE4NTI3Yjg3M2ZhYyIsInVzZXJfaWQiOjEwfQ.NRdDi1GBqunaM5LpczP63RvLBdK6bxXRmBhIqXwhSxg','2025-03-01 07:30:41.474275','2025-03-08 07:30:41.000000',10,'01c1e22ec36c4951b490a8527b873fac'),(206,'eyJhbGciOiJIUzI1NiIsInR5cCI6IkpXVCJ9.eyJ0b2tlbl90eXBlIjoicmVmcmVzaCIsImV4cCI6MTc0MTQyMjA2MSwiaWF0IjoxNzQwODE3MjYxLCJqdGkiOiI0NzExN2U1YmYyZTQ0M2IyOTA4Nzk5MTY1MDlkMDViNyIsInVzZXJfaWQiOjEyfQ.DhFw7J6Y12ACQsaSdPb3ldvVo2ebO-yICwG90zihVnY','2025-03-01 08:21:01.108835','2025-03-08 08:21:01.000000',12,'47117e5bf2e443b290879916509d05b7'),(207,'eyJhbGciOiJIUzI1NiIsInR5cCI6IkpXVCJ9.eyJ0b2tlbl90eXBlIjoicmVmcmVzaCIsImV4cCI6MTc0MTQyMzM3OCwiaWF0IjoxNzQwODE4NTc4LCJqdGkiOiIzNTc5MzAwMjllNmQ0YzQ2YTI4YjY4OTljNjY4MDlmYSIsInVzZXJfaWQiOjE4fQ.zxrb_IW0i4NHjonUpVkbQ4mbctozAJUmOTUPiX1fm0g','2025-03-01 08:42:58.314436','2025-03-08 08:42:58.000000',18,'357930029e6d4c46a28b6899c66809fa'),(208,'eyJhbGciOiJIUzI1NiIsInR5cCI6IkpXVCJ9.eyJ0b2tlbl90eXBlIjoicmVmcmVzaCIsImV4cCI6MTc0MTQyNDk2NCwiaWF0IjoxNzQwODIwMTY0LCJqdGkiOiI5Y2M1ZmUzNDIzODg0NWMzYTdhYmRjZTExY2U3Y2Q4NiIsInVzZXJfaWQiOjF9.fjVOk_i1BTmv5Ot1YuUsheN2o7oIx8cQ2l_Nm7qZGkI',NULL,'2025-03-08 09:09:24.000000',NULL,'9cc5fe34238845c3a7abdce11ce7cd86'),(209,'eyJhbGciOiJIUzI1NiIsInR5cCI6IkpXVCJ9.eyJ0b2tlbl90eXBlIjoicmVmcmVzaCIsImV4cCI6MTc0MTQyNTI5OSwiaWF0IjoxNzQwODIwNDk5LCJqdGkiOiI1YzNjMzgxYjY4MWI0MjkxOWVhOThlMjkwM2VkYzI0YSIsInVzZXJfaWQiOjF9.v5c9zY9ZO7dcddt_bvqgfsnMkq_iH6wE0cI8AdRSTxk','2025-03-01 09:14:59.822101','2025-03-08 09:14:59.000000',1,'5c3c381b681b42919ea98e2903edc24a'),(210,'eyJhbGciOiJIUzI1NiIsInR5cCI6IkpXVCJ9.eyJ0b2tlbl90eXBlIjoicmVmcmVzaCIsImV4cCI6MTc0MTQyNTM1OSwiaWF0IjoxNzQwODIwNTU5LCJqdGkiOiIxODNmNjJmYTMyNzQ0NmJhOTFhODdhMDk4NTVjMjBmNSIsInVzZXJfaWQiOjF9.uMv5FTFX2OMDCZFU12oROMxRyQwfyYvqbnkq2F8J-Kc','2025-03-01 09:15:59.785469','2025-03-08 09:15:59.000000',1,'183f62fa327446ba91a87a09855c20f5'),(211,'eyJhbGciOiJIUzI1NiIsInR5cCI6IkpXVCJ9.eyJ0b2tlbl90eXBlIjoicmVmcmVzaCIsImV4cCI6MTc0MTQyNTQwMywiaWF0IjoxNzQwODIwNjAzLCJqdGkiOiJlODAzMjY5ZWI1NWE0NjE2YjUyNmQ2OTY3YWNhM2FlYSIsInVzZXJfaWQiOjF9.XJxdWgDdoskGN1ioj3clpiYvLQPpTaiZKoYQ4TpAFHg','2025-03-01 09:16:43.069869','2025-03-08 09:16:43.000000',1,'e803269eb55a4616b526d6967aca3aea'),(212,'eyJhbGciOiJIUzI1NiIsInR5cCI6IkpXVCJ9.eyJ0b2tlbl90eXBlIjoicmVmcmVzaCIsImV4cCI6MTc0MTQyNTUyNCwiaWF0IjoxNzQwODIwNzI0LCJqdGkiOiIyNDFhNWIwYWFmN2Y0ZjVkOWExNjgyNWExMjEzNmI0MyIsInVzZXJfaWQiOjF9.wnA3PH6CcdwIqAmJLCA9igslsTJnPw5xzZLIcmn-Gss','2025-03-01 09:18:44.112435','2025-03-08 09:18:44.000000',1,'241a5b0aaf7f4f5d9a16825a12136b43'),(213,'eyJhbGciOiJIUzI1NiIsInR5cCI6IkpXVCJ9.eyJ0b2tlbl90eXBlIjoicmVmcmVzaCIsImV4cCI6MTc0MTM0NDQxOSwiaWF0IjoxNzQwNzM5NjE5LCJqdGkiOiI2OWRmYjlmODhjZjc0MWVhOGIxZjk0YWI4OGZiYjE1NiIsInVzZXJfaWQiOjExfQ.zEVU24DpB6GF2yRjFeaY6erKAlhOuv6CP8JiLXHpGfw',NULL,'2025-03-07 10:46:59.000000',NULL,'69dfb9f88cf741ea8b1f94ab88fbb156'),(214,'eyJhbGciOiJIUzI1NiIsInR5cCI6IkpXVCJ9.eyJ0b2tlbl90eXBlIjoicmVmcmVzaCIsImV4cCI6MTc0MTQyNTYwOCwiaWF0IjoxNzQwODIwODA4LCJqdGkiOiJiMzdhOGI5MmM2ZjE0ZmMxYWZkNzVkMzAzNjk3ZTdlMCIsInVzZXJfaWQiOjF9.AdKSTsR5VDR0Hf6fRYRMZR-KC19KJ9-2IhpOQkfYh_c','2025-03-01 09:20:08.751835','2025-03-08 09:20:08.000000',1,'b37a8b92c6f14fc1afd75d303697e7e0'),(215,'eyJhbGciOiJIUzI1NiIsInR5cCI6IkpXVCJ9.eyJ0b2tlbl90eXBlIjoicmVmcmVzaCIsImV4cCI6MTc0MTU3ODkyNiwiaWF0IjoxNzQwOTc0MTI2LCJqdGkiOiI4Y2NkNWRhZDRiMGY0MTIyOWY0YmU0MWM5NzJmZmEwZiIsInVzZXJfaWQiOjEwfQ.rcaTzB87KbbfZZrjDqWhb7qDb_kmjmXZMW0FCTpVypo','2025-03-03 03:55:26.071013','2025-03-10 03:55:26.000000',10,'8ccd5dad4b0f41229f4be41c972ffa0f'),(216,'eyJhbGciOiJIUzI1NiIsInR5cCI6IkpXVCJ9.eyJ0b2tlbl90eXBlIjoicmVmcmVzaCIsImV4cCI6MTc0MTU4MDIzMCwiaWF0IjoxNzQwOTc1NDMwLCJqdGkiOiI1MTBkNTlmNmVlMWM0ZmQzYmI5NjIwZDg3ZjQwYTcxNiIsInVzZXJfaWQiOjE4fQ.-VyIUHeFTrLHzT1CMzBS6AQqZTkRENVR_Em_HqJHV1Q','2025-03-03 04:17:10.807099','2025-03-10 04:17:10.000000',18,'510d59f6ee1c4fd3bb9620d87f40a716'),(217,'eyJhbGciOiJIUzI1NiIsInR5cCI6IkpXVCJ9.eyJ0b2tlbl90eXBlIjoicmVmcmVzaCIsImV4cCI6MTc0MTU4ODAzMiwiaWF0IjoxNzQwOTgzMjMyLCJqdGkiOiJlYzQ4Mjk1ZjE1YTI0ZTdlODk3YTlkMzI0OTA2YTY2NyIsInVzZXJfaWQiOjF9.GNGy3c5cVmt-eaXCyiuLM8n_Xdpk59hnneFtUWKsskQ','2025-03-03 06:27:12.880953','2025-03-10 06:27:12.000000',1,'ec48295f15a24e7e897a9d324906a667'),(218,'eyJhbGciOiJIUzI1NiIsInR5cCI6IkpXVCJ9.eyJ0b2tlbl90eXBlIjoicmVmcmVzaCIsImV4cCI6MTc0MTU5NzI4OSwiaWF0IjoxNzQwOTkyNDg5LCJqdGkiOiI5MDNkNWU1MDRmMmI0YmI0YTZmOTMyYjdhZjhiY2U4OCIsInVzZXJfaWQiOjF9._u-8fbPoEl44ed5XZPjm_KIpW9_NQBJx9J5AprXypIA','2025-03-03 09:01:29.144554','2025-03-10 09:01:29.000000',1,'903d5e504f2b4bb4a6f932b7af8bce88'),(219,'eyJhbGciOiJIUzI1NiIsInR5cCI6IkpXVCJ9.eyJ0b2tlbl90eXBlIjoicmVmcmVzaCIsImV4cCI6MTc0MTU5OTYyOCwiaWF0IjoxNzQwOTk0ODI4LCJqdGkiOiIwMjVkMjViYWRjNmI0ZjFmYTc5YjUyNDRkMTM4MTQ2MyIsInVzZXJfaWQiOjE4fQ.I0_dQIooU9GOKuH7I8yayVHpF4fxCy7wF0Fnvz4Xbgo','2025-03-03 09:40:28.811795','2025-03-10 09:40:28.000000',18,'025d25badc6b4f1fa79b5244d1381463'),(220,'eyJhbGciOiJIUzI1NiIsInR5cCI6IkpXVCJ9.eyJ0b2tlbl90eXBlIjoicmVmcmVzaCIsImV4cCI6MTc0MTU5OTc5OSwiaWF0IjoxNzQwOTk0OTk5LCJqdGkiOiI2OTJkNGQ1N2NlYjY0MDM3YjAyZDY2YzA5ZTc1Y2FhYSIsInVzZXJfaWQiOjF9.rK69mEZwSdR4_QD_o565UQzqjIgboaSfHPoAr_DcnKk','2025-03-03 09:43:19.385518','2025-03-10 09:43:19.000000',1,'692d4d57ceb64037b02d66c09e75caaa'),(221,'eyJhbGciOiJIUzI1NiIsInR5cCI6IkpXVCJ9.eyJ0b2tlbl90eXBlIjoicmVmcmVzaCIsImV4cCI6MTc0MTYwMDAwMiwiaWF0IjoxNzQwOTk1MjAyLCJqdGkiOiJkY2JjZmYxZjBlNDI0NmI4YmI1OGI3YzVjZjI3ZmFlMiIsInVzZXJfaWQiOjExfQ.B_FldONUgj7iUQXyvnEye8aaoEewLVcWl61_XQtMc4A','2025-03-03 09:46:42.804959','2025-03-10 09:46:42.000000',11,'dcbcff1f0e4246b8bb58b7c5cf27fae2'),(222,'eyJhbGciOiJIUzI1NiIsInR5cCI6IkpXVCJ9.eyJ0b2tlbl90eXBlIjoicmVmcmVzaCIsImV4cCI6MTc0MTYwMDA3NSwiaWF0IjoxNzQwOTk1Mjc1LCJqdGkiOiI2Nzc3YjIyZTA4ZGI0NmUwODYyNzBhNzAyYmE4N2I0NyIsInVzZXJfaWQiOjE4fQ.tuKKdlts3HGXv1RFaVLubMF1jbJmkDVsJ8ozrheEELQ','2025-03-03 09:47:55.623866','2025-03-10 09:47:55.000000',18,'6777b22e08db46e086270a702ba87b47'),(223,'eyJhbGciOiJIUzI1NiIsInR5cCI6IkpXVCJ9.eyJ0b2tlbl90eXBlIjoicmVmcmVzaCIsImV4cCI6MTc0MTYwMDA5OSwiaWF0IjoxNzQwOTk1Mjk5LCJqdGkiOiI0YjgxYmNkZGFiMTQ0NTgzYjg5OTMwYjg4NmE4Y2IzZiIsInVzZXJfaWQiOjF9.0qfCahOWeoJG9kphWRdWqZarvY1F7SdFZRUJbPDuR70','2025-03-03 09:48:19.253782','2025-03-10 09:48:19.000000',1,'4b81bcddab144583b89930b886a8cb3f'),(224,'eyJhbGciOiJIUzI1NiIsInR5cCI6IkpXVCJ9.eyJ0b2tlbl90eXBlIjoicmVmcmVzaCIsImV4cCI6MTc0MTYwMDE3NywiaWF0IjoxNzQwOTk1Mzc3LCJqdGkiOiI0ZTRmZTE3ODdkMWI0YmU0ODc0MmMxNDFkMTNmYzJiMiIsInVzZXJfaWQiOjExfQ.GiNANK5WS2YTORze67phw2Tz6ujssgjJomnM6WX0xvA','2025-03-03 09:49:37.671636','2025-03-10 09:49:37.000000',11,'4e4fe1787d1b4be48742c141d13fc2b2'),(225,'eyJhbGciOiJIUzI1NiIsInR5cCI6IkpXVCJ9.eyJ0b2tlbl90eXBlIjoicmVmcmVzaCIsImV4cCI6MTc0MTYwMTE2OSwiaWF0IjoxNzQwOTk2MzY5LCJqdGkiOiJiOWIwZGY5Zjg0MTQ0ZWFhYjVhZThhYmI5MDAwZDhjMSIsInVzZXJfaWQiOjE4fQ.x7gAU493Hx4NGLc8N40JmKmqLD1LDiODP7flnbJppD4','2025-03-03 10:06:09.173306','2025-03-10 10:06:09.000000',18,'b9b0df9f84144eaab5ae8abb9000d8c1'),(226,'eyJhbGciOiJIUzI1NiIsInR5cCI6IkpXVCJ9.eyJ0b2tlbl90eXBlIjoicmVmcmVzaCIsImV4cCI6MTc0MTYwMTE5MSwiaWF0IjoxNzQwOTk2MzkxLCJqdGkiOiJmYWQxYmZmYjIxYjc0Y2E2OGEwNDRjNzVhNjEyM2ZlOCIsInVzZXJfaWQiOjF9.ZateBZDO5QSFNbzlv8rrtmjf9eGbo2vVSENAcPJAeJ8','2025-03-03 10:06:31.769228','2025-03-10 10:06:31.000000',1,'fad1bffb21b74ca68a044c75a6123fe8'),(227,'eyJhbGciOiJIUzI1NiIsInR5cCI6IkpXVCJ9.eyJ0b2tlbl90eXBlIjoicmVmcmVzaCIsImV4cCI6MTc0MTYwMTM3MywiaWF0IjoxNzQwOTk2NTczLCJqdGkiOiJhZmNjYTA0ZjA4ZTQ0MjBkOTUwZTk1MTZlYTcwMGU0NiIsInVzZXJfaWQiOjE4fQ.xQYYHmltIBSVoAS5l4CKHfqjn2MEEqbfGuM4HwsJzmo','2025-03-03 10:09:33.751943','2025-03-10 10:09:33.000000',18,'afcca04f08e4420d950e9516ea700e46'),(228,'eyJhbGciOiJIUzI1NiIsInR5cCI6IkpXVCJ9.eyJ0b2tlbl90eXBlIjoicmVmcmVzaCIsImV4cCI6MTc0MTYwMzQ3OSwiaWF0IjoxNzQwOTk4Njc5LCJqdGkiOiI3MzNhNTg4MjlmMzA0MjBiYmQyNjcxODVmYmZiMTQ0ZiIsInVzZXJfaWQiOjF9.jCu_GyaohVt2tlD8DV4qOfYdrrQvSkrk99m44Dob5JM','2025-03-03 10:44:39.609108','2025-03-10 10:44:39.000000',1,'733a58829f30420bbd267185fbfb144f'),(229,'eyJhbGciOiJIUzI1NiIsInR5cCI6IkpXVCJ9.eyJ0b2tlbl90eXBlIjoicmVmcmVzaCIsImV4cCI6MTc0MTYwNTA3MCwiaWF0IjoxNzQxMDAwMjcwLCJqdGkiOiJiOTFkMjUxMTNhZDM0OGQzYjkwZDhhNjNhZjBjNWE3YyIsInVzZXJfaWQiOjExfQ.3JzZE_oPwc1qobBmotqc3H4kv18s_pfrsCYiRxpY1Pk','2025-03-03 11:11:10.604750','2025-03-10 11:11:10.000000',11,'b91d25113ad348d3b90d8a63af0c5a7c'),(230,'eyJhbGciOiJIUzI1NiIsInR5cCI6IkpXVCJ9.eyJ0b2tlbl90eXBlIjoicmVmcmVzaCIsImV4cCI6MTc0MTYwNjU2NCwiaWF0IjoxNzQxMDAxNzY0LCJqdGkiOiIxN2JhMzc5YjAwYzU0N2M2OGFlMWY1NjcyMDlmNTZiMiIsInVzZXJfaWQiOjEwfQ.SdMHGj2fAhNeQfgrpPO0sdKrmhAGvpd1P7K2fAV7c4M','2025-03-03 11:36:04.643330','2025-03-10 11:36:04.000000',10,'17ba379b00c547c68ae1f567209f56b2'),(231,'eyJhbGciOiJIUzI1NiIsInR5cCI6IkpXVCJ9.eyJ0b2tlbl90eXBlIjoicmVmcmVzaCIsImV4cCI6MTc0MTYwOTA3MiwiaWF0IjoxNzQxMDA0MjcyLCJqdGkiOiI4NWZhNmQ5NWFlODY0ODRhYTNkMTAwMjY4ZjdjMmU5MyIsInVzZXJfaWQiOjF9.ZiVAcwOvSWW9dLhNXFsA43mwogox8N-tF4dl-UE-lCQ','2025-03-03 12:17:52.375833','2025-03-10 12:17:52.000000',1,'85fa6d95ae86484aa3d100268f7c2e93'),(232,'eyJhbGciOiJIUzI1NiIsInR5cCI6IkpXVCJ9.eyJ0b2tlbl90eXBlIjoicmVmcmVzaCIsImV4cCI6MTc0MTYwOTI4MCwiaWF0IjoxNzQxMDA0NDgwLCJqdGkiOiIzYThmZWUzNmI1NTc0MzY3YjdjZjRhY2Y0NDk2MTBhNCIsInVzZXJfaWQiOjE4fQ.cdN27Mx-g7MeZhxyTmYILlTdcJpG-7xmKxF8HyHoFrM','2025-03-03 12:21:20.320423','2025-03-10 12:21:20.000000',18,'3a8fee36b5574367b7cf4acf449610a4'),(233,'eyJhbGciOiJIUzI1NiIsInR5cCI6IkpXVCJ9.eyJ0b2tlbl90eXBlIjoicmVmcmVzaCIsImV4cCI6MTc0MTYwOTI5MywiaWF0IjoxNzQxMDA0NDkzLCJqdGkiOiI4MWI1MzkxZjNjNDk0ZTNjYWM1NzExODJiZWYwMWJiOSIsInVzZXJfaWQiOjExfQ.kBmGpafIBNJ4UYB2Rrr6kFmjyIFf79SnVe4mWw3-Zbk','2025-03-03 12:21:33.857646','2025-03-10 12:21:33.000000',11,'81b5391f3c494e3cac571182bef01bb9'),(234,'eyJhbGciOiJIUzI1NiIsInR5cCI6IkpXVCJ9.eyJ0b2tlbl90eXBlIjoicmVmcmVzaCIsImV4cCI6MTc0MTYwOTM1OSwiaWF0IjoxNzQxMDA0NTU5LCJqdGkiOiI1YzdlMGQxMjI2OTM0M2VkYjU1ZmRlZWFlMTI3NDJjYSIsInVzZXJfaWQiOjEwfQ.mhYzFH7-rIvMQiy3SPoiP25zWYWopY5VdrxtLiekIJM','2025-03-03 12:22:39.635275','2025-03-10 12:22:39.000000',10,'5c7e0d12269343edb55fdeeae12742ca'),(235,'eyJhbGciOiJIUzI1NiIsInR5cCI6IkpXVCJ9.eyJ0b2tlbl90eXBlIjoicmVmcmVzaCIsImV4cCI6MTc0MTYwOTM5OSwiaWF0IjoxNzQxMDA0NTk5LCJqdGkiOiIxNzA1NWVmYjBlODg0ZDU3YjAwMTc0YWRiZmY0ZmIwNiIsInVzZXJfaWQiOjF9.cC-crsFea4o8pUmtEWUsp52e9--24Zqn4AgFtkiKfrk','2025-03-03 12:23:19.692410','2025-03-10 12:23:19.000000',1,'17055efb0e884d57b00174adbff4fb06'),(236,'eyJhbGciOiJIUzI1NiIsInR5cCI6IkpXVCJ9.eyJ0b2tlbl90eXBlIjoicmVmcmVzaCIsImV4cCI6MTc0MTY2NzIwMCwiaWF0IjoxNzQxMDYyNDAwLCJqdGkiOiIyMTY3YzcxYTI2ZDk0YjEzYjgzYTJhZWEzYzA3YzVhMSIsInVzZXJfaWQiOjEwfQ._1dP9spkix8m-imk-X88RZxAg3ksJFU0z4cVYaOVpBI','2025-03-04 04:26:40.156493','2025-03-11 04:26:40.000000',10,'2167c71a26d94b13b83a2aea3c07c5a1'),(237,'eyJhbGciOiJIUzI1NiIsInR5cCI6IkpXVCJ9.eyJ0b2tlbl90eXBlIjoicmVmcmVzaCIsImV4cCI6MTc0MTY2NzIzMywiaWF0IjoxNzQxMDYyNDMzLCJqdGkiOiJkNjRlNjFlNjBmZTI0YWUxYWEzNDY4Yzg0ODRlMjhiNCIsInVzZXJfaWQiOjExfQ.ixQ0RQpe_nZAqwjdD4Xty8cX5_oKjr25nRt7vhxydx0','2025-03-04 04:27:13.330681','2025-03-11 04:27:13.000000',11,'d64e61e60fe24ae1aa3468c8484e28b4'),(238,'eyJhbGciOiJIUzI1NiIsInR5cCI6IkpXVCJ9.eyJ0b2tlbl90eXBlIjoicmVmcmVzaCIsImV4cCI6MTc0MTY2NzI4NSwiaWF0IjoxNzQxMDYyNDg1LCJqdGkiOiI5MTM0ZTg2MGRkNTQ0ZGQ4YTA4NGE4MzA4MWY3NDM5MiIsInVzZXJfaWQiOjEwfQ.Tl_kJzLkW0LsDtF1Xr5qvK8J3IHzrYRQC1dqzg-hEVM','2025-03-04 04:28:05.672618','2025-03-11 04:28:05.000000',10,'9134e860dd544dd8a084a83081f74392'),(239,'eyJhbGciOiJIUzI1NiIsInR5cCI6IkpXVCJ9.eyJ0b2tlbl90eXBlIjoicmVmcmVzaCIsImV4cCI6MTc0MTY2NzMxMSwiaWF0IjoxNzQxMDYyNTExLCJqdGkiOiJlYzM1NDc4YTRjOWY0MzdiOTk1NTYwYjcyMmMzMDYxMSIsInVzZXJfaWQiOjExfQ.0tWN2h-4vS3brXaJtDJk1cjRVYlb0TLUPVRVOjopGxQ','2025-03-04 04:28:31.626797','2025-03-11 04:28:31.000000',11,'ec35478a4c9f437b995560b722c30611'),(240,'eyJhbGciOiJIUzI1NiIsInR5cCI6IkpXVCJ9.eyJ0b2tlbl90eXBlIjoicmVmcmVzaCIsImV4cCI6MTc0MTY2ODA5NSwiaWF0IjoxNzQxMDYzMjk1LCJqdGkiOiI1OWZkMDgyMzUyM2Q0NzAzOTE3ZTlhYmU5NDA2NzM3YSIsInVzZXJfaWQiOjEwfQ.MuCsq3z8H-_iRFr3wUj9mPeEHlLFMZAosYYSzhOBg28','2025-03-04 04:41:35.980866','2025-03-11 04:41:35.000000',10,'59fd0823523d4703917e9abe9406737a'),(241,'eyJhbGciOiJIUzI1NiIsInR5cCI6IkpXVCJ9.eyJ0b2tlbl90eXBlIjoicmVmcmVzaCIsImV4cCI6MTc0MTY2ODEzMSwiaWF0IjoxNzQxMDYzMzMxLCJqdGkiOiJjODYzNDg3MmI0ZmU0YmY5OGMyZTdkMmE5NWM4MjM3ZiIsInVzZXJfaWQiOjExfQ.56ZlKxf9y-spRhNo05O5gIW5mi4jY_Ndet2AmTz5RdQ','2025-03-04 04:42:11.826800','2025-03-11 04:42:11.000000',11,'c8634872b4fe4bf98c2e7d2a95c8237f'),(242,'eyJhbGciOiJIUzI1NiIsInR5cCI6IkpXVCJ9.eyJ0b2tlbl90eXBlIjoicmVmcmVzaCIsImV4cCI6MTc0MTY2OTkzNywiaWF0IjoxNzQxMDY1MTM3LCJqdGkiOiJhMGI5M2MyODgyZjE0NWUzOGZlOTVlZGI3NWE2NzNmZiIsInVzZXJfaWQiOjExfQ.SraSodYYs59wTTTkgE8yiCn6zzm9FOE0TwEo91xnHp8','2025-03-04 05:12:17.285262','2025-03-11 05:12:17.000000',11,'a0b93c2882f145e38fe95edb75a673ff'),(243,'eyJhbGciOiJIUzI1NiIsInR5cCI6IkpXVCJ9.eyJ0b2tlbl90eXBlIjoicmVmcmVzaCIsImV4cCI6MTc0MTY3MDMxOSwiaWF0IjoxNzQxMDY1NTE5LCJqdGkiOiIxZTEwZmIwNGU2MjM0MjA0YmM3YWNhN2U3ZDA0YzFkMSIsInVzZXJfaWQiOjExfQ.jeMjEkPipIsMWgHHy8kOEkIcy11FFdzxELrg2K88f-o','2025-03-04 05:18:39.150095','2025-03-11 05:18:39.000000',11,'1e10fb04e6234204bc7aca7e7d04c1d1'),(244,'eyJhbGciOiJIUzI1NiIsInR5cCI6IkpXVCJ9.eyJ0b2tlbl90eXBlIjoicmVmcmVzaCIsImV4cCI6MTc0MTY3MDQ0NCwiaWF0IjoxNzQxMDY1NjQ0LCJqdGkiOiI3YTBmMWU5OTQ4MDc0YTJjYTQzNGUwNWY4Y2Y4NjQxMyIsInVzZXJfaWQiOjExfQ.JXwZO_TkXW_IuIAhYp1ShhFSWJTWcfiUrxyYnukfqeA','2025-03-04 05:20:44.202564','2025-03-11 05:20:44.000000',11,'7a0f1e9948074a2ca434e05f8cf86413'),(245,'eyJhbGciOiJIUzI1NiIsInR5cCI6IkpXVCJ9.eyJ0b2tlbl90eXBlIjoicmVmcmVzaCIsImV4cCI6MTc0MTY3MTAzMCwiaWF0IjoxNzQxMDY2MjMwLCJqdGkiOiIyMzZjMzAxNjI0ZjE0NzE5YmExOTc5Y2U1MzFiZGNkYSIsInVzZXJfaWQiOjEyfQ.dkeS7s78xBrWH6-64YRUqHQsSgOTFD7-iSjRPrRsevU','2025-03-04 05:30:30.024764','2025-03-11 05:30:30.000000',12,'236c301624f14719ba1979ce531bdcda'),(246,'eyJhbGciOiJIUzI1NiIsInR5cCI6IkpXVCJ9.eyJ0b2tlbl90eXBlIjoicmVmcmVzaCIsImV4cCI6MTc0MTY3MTA2MywiaWF0IjoxNzQxMDY2MjYzLCJqdGkiOiIyYWRhYTczOWU5ZWU0YWM2OWZjYzUxYTNjMWE1OTY1MCIsInVzZXJfaWQiOjE4fQ.QcxKlH5oTkkbdJAxiv0gTRIEwWXiI8DhCVoN-nKyz_k','2025-03-04 05:31:03.988451','2025-03-11 05:31:03.000000',18,'2adaa739e9ee4ac69fcc51a3c1a59650'),(247,'eyJhbGciOiJIUzI1NiIsInR5cCI6IkpXVCJ9.eyJ0b2tlbl90eXBlIjoicmVmcmVzaCIsImV4cCI6MTc0MTY3MTA4MCwiaWF0IjoxNzQxMDY2MjgwLCJqdGkiOiJkZDY3NWExODg4ZWM0YmM4YWIyMGY4ZjNiODA4M2MyOCIsInVzZXJfaWQiOjEwfQ.ePH3bqJkPQ4pS5wHM9jCnYH6vZWnHNJc3OWIRPsTnYk','2025-03-04 05:31:20.287869','2025-03-11 05:31:20.000000',10,'dd675a1888ec4bc8ab20f8f3b8083c28'),(248,'eyJhbGciOiJIUzI1NiIsInR5cCI6IkpXVCJ9.eyJ0b2tlbl90eXBlIjoicmVmcmVzaCIsImV4cCI6MTc0MTY3MTEwNiwiaWF0IjoxNzQxMDY2MzA2LCJqdGkiOiI4MDA0N2Q3MmE0ODQ0MjM2OGY3ZDljNzgyY2ZkMGRlZSIsInVzZXJfaWQiOjF9.kRF03z2HLcCMGaWlLNy_lXWvUv7dqpOObNrOQXLiOI4','2025-03-04 05:31:46.499527','2025-03-11 05:31:46.000000',1,'80047d72a48442368f7d9c782cfd0dee'),(249,'eyJhbGciOiJIUzI1NiIsInR5cCI6IkpXVCJ9.eyJ0b2tlbl90eXBlIjoicmVmcmVzaCIsImV4cCI6MTc0MTY3MTE3OSwiaWF0IjoxNzQxMDY2Mzc5LCJqdGkiOiIwMmUxZDE0MWZmMTI0ZDQ4OWUzYzk3ZDU1Mjk5ZjFiMyIsInVzZXJfaWQiOjE2fQ.Xv_HSVqpPi6mzIklRlpeC-Cgq9vBo87G4JWxREjC1g8','2025-03-04 05:32:59.944769','2025-03-11 05:32:59.000000',16,'02e1d141ff124d489e3c97d55299f1b3'),(250,'eyJhbGciOiJIUzI1NiIsInR5cCI6IkpXVCJ9.eyJ0b2tlbl90eXBlIjoicmVmcmVzaCIsImV4cCI6MTc0MTY3MjA1MiwiaWF0IjoxNzQxMDY3MjUyLCJqdGkiOiI5NGQ2NzI2YzU2OTI0ZmYwYTgyODJjMzJjMDhkNTk2YyIsInVzZXJfaWQiOjExfQ.nHuiV3fyjsiS289Ki9TPMWUY7J6HmmYjF4UtiozRjWg','2025-03-04 05:47:32.244712','2025-03-11 05:47:32.000000',11,'94d6726c56924ff0a8282c32c08d596c'),(251,'eyJhbGciOiJIUzI1NiIsInR5cCI6IkpXVCJ9.eyJ0b2tlbl90eXBlIjoicmVmcmVzaCIsImV4cCI6MTc0MTY3MjA4NywiaWF0IjoxNzQxMDY3Mjg3LCJqdGkiOiJkMDgzOTFmZWQxOGU0Y2Q1YTE0NjE3YThlYWFkZjUyOSIsInVzZXJfaWQiOjEwfQ.chrqsdMKE_NXWoJGxWmhpESpdSPhpIJsiSFi4TmT4i8','2025-03-04 05:48:07.871687','2025-03-11 05:48:07.000000',10,'d08391fed18e4cd5a14617a8eaadf529'),(252,'eyJhbGciOiJIUzI1NiIsInR5cCI6IkpXVCJ9.eyJ0b2tlbl90eXBlIjoicmVmcmVzaCIsImV4cCI6MTc0MTY3MjE4OSwiaWF0IjoxNzQxMDY3Mzg5LCJqdGkiOiJjNjZmZGM4ZTllM2M0ZmUxYjhiNDA1ZmZiOWQ4NTE4YiIsInVzZXJfaWQiOjF9.quhL_Wr_j2AIcx80_2f7oHHEti2rZdDIsbf4hUA_XDg','2025-03-04 05:49:49.897324','2025-03-11 05:49:49.000000',1,'c66fdc8e9e3c4fe1b8b405ffb9d8518b'),(253,'eyJhbGciOiJIUzI1NiIsInR5cCI6IkpXVCJ9.eyJ0b2tlbl90eXBlIjoicmVmcmVzaCIsImV4cCI6MTc0MTY3MjIzNSwiaWF0IjoxNzQxMDY3NDM1LCJqdGkiOiI4ZDI4NTg1MjQyYzY0NWQxOWQ4YzY3YmU3NGJkYjVmNSIsInVzZXJfaWQiOjF9.SHW4kIgbKoNC_P5V4K9C0ylFzzzJr8k61JpsvMHIK9s','2025-03-04 05:50:35.919923','2025-03-11 05:50:35.000000',1,'8d28585242c645d19d8c67be74bdb5f5'),(254,'eyJhbGciOiJIUzI1NiIsInR5cCI6IkpXVCJ9.eyJ0b2tlbl90eXBlIjoicmVmcmVzaCIsImV4cCI6MTc0MTY3MjMzMCwiaWF0IjoxNzQxMDY3NTMwLCJqdGkiOiI4YmUxZjI1ZTFjMDg0OTk0ODFlYWZlNzc1YTNkNGRiYSIsInVzZXJfaWQiOjEwfQ.g91azoZ0uh8k_Y5BAepvWvxvxOUzvXoazo6knB6YATc','2025-03-04 05:52:10.829531','2025-03-11 05:52:10.000000',10,'8be1f25e1c08499481eafe775a3d4dba'),(255,'eyJhbGciOiJIUzI1NiIsInR5cCI6IkpXVCJ9.eyJ0b2tlbl90eXBlIjoicmVmcmVzaCIsImV4cCI6MTc0MTY3MjM1NywiaWF0IjoxNzQxMDY3NTU3LCJqdGkiOiJmM2JiMTBkMDI2YjE0NTI1YmFkYjVkZDRhNDRmY2UzMyIsInVzZXJfaWQiOjE4fQ.Mw0qHNz6ooyeFmX13IQUR-rtQdxZa6y_6gotOkc2Mr0','2025-03-04 05:52:37.297629','2025-03-11 05:52:37.000000',18,'f3bb10d026b14525badb5dd4a44fce33'),(256,'eyJhbGciOiJIUzI1NiIsInR5cCI6IkpXVCJ9.eyJ0b2tlbl90eXBlIjoicmVmcmVzaCIsImV4cCI6MTc0MTY3MjUyMiwiaWF0IjoxNzQxMDY3NzIyLCJqdGkiOiI0MDRlMWJhNWQ3OWI0NDc2YmVjYWViOWVmNGUzNDZiMSIsInVzZXJfaWQiOjExfQ.eP7iNIaqvVJGu_p6QolUS92xXc-RJIweBtg1VCmYkDA','2025-03-04 05:55:22.819773','2025-03-11 05:55:22.000000',11,'404e1ba5d79b4476becaeb9ef4e346b1'),(257,'eyJhbGciOiJIUzI1NiIsInR5cCI6IkpXVCJ9.eyJ0b2tlbl90eXBlIjoicmVmcmVzaCIsImV4cCI6MTc0MTY3MjY2NywiaWF0IjoxNzQxMDY3ODY3LCJqdGkiOiJmZjNkZTY1MjIzYjg0MzRkOGY3MjcyNDBhMDFhZGQ3ZiIsInVzZXJfaWQiOjExfQ.rh8S5xg3abMEJZIErsi823Wh6xttD8YUjTfnNxkcMPk','2025-03-04 05:57:47.822209','2025-03-11 05:57:47.000000',11,'ff3de65223b8434d8f727240a01add7f'),(258,'eyJhbGciOiJIUzI1NiIsInR5cCI6IkpXVCJ9.eyJ0b2tlbl90eXBlIjoicmVmcmVzaCIsImV4cCI6MTc0MTY3MzI1MSwiaWF0IjoxNzQxMDY4NDUxLCJqdGkiOiJlZTI0MDk4YTNjNzc0M2M0OWNhNWQ0NmJmNjYyMzU4OCIsInVzZXJfaWQiOjF9.efr9ZQSpiG3r3ZzA1RTjwNEkqzsTyIPSmRN__MD70Ms','2025-03-04 06:07:31.478720','2025-03-11 06:07:31.000000',1,'ee24098a3c7743c49ca5d46bf6623588'),(259,'eyJhbGciOiJIUzI1NiIsInR5cCI6IkpXVCJ9.eyJ0b2tlbl90eXBlIjoicmVmcmVzaCIsImV4cCI6MTc0MTU5OTI2OCwiaWF0IjoxNzQwOTk0NDY4LCJqdGkiOiJkZjU0OWFiZDZkZjI0ODFiOTM5MGM4ZjIwYTBlMTNhMSIsInVzZXJfaWQiOjE4fQ.VUEjegOg1nRUdyOcslNSuo7XExLGvmpntJwqQjdyIrM',NULL,'2025-03-10 09:34:28.000000',NULL,'df549abd6df2481b9390c8f20a0e13a1'),(260,'eyJhbGciOiJIUzI1NiIsInR5cCI6IkpXVCJ9.eyJ0b2tlbl90eXBlIjoicmVmcmVzaCIsImV4cCI6MTc0MTY3NTA3MywiaWF0IjoxNzQxMDcwMjczLCJqdGkiOiJmNWYzODc0MTdlOWI0MTFiYjE2YjM4N2M0ZWQ2YzMwZiIsInVzZXJfaWQiOjF9.JLT6csPsxgaQ_AIkCqdKxDdNkmvBLaWmmiNWo3G3CgQ','2025-03-04 06:37:53.128677','2025-03-11 06:37:53.000000',1,'f5f387417e9b411bb16b387c4ed6c30f'),(261,'eyJhbGciOiJIUzI1NiIsInR5cCI6IkpXVCJ9.eyJ0b2tlbl90eXBlIjoicmVmcmVzaCIsImV4cCI6MTc0MTY3NDc1NCwiaWF0IjoxNzQxMDY5OTU0LCJqdGkiOiJlMTUyNTlhOTIzMjE0NDRlYjNmODg3N2RkODA3YTExYiIsInVzZXJfaWQiOjF9.OkC6rO_mEZN3R_yWRzHQtiSI7Ig6K6dp3jxh7IpeMJc',NULL,'2025-03-11 06:32:34.000000',NULL,'e15259a92321444eb3f8877dd807a11b'),(262,'eyJhbGciOiJIUzI1NiIsInR5cCI6IkpXVCJ9.eyJ0b2tlbl90eXBlIjoicmVmcmVzaCIsImV4cCI6MTc0MTY3NTExOCwiaWF0IjoxNzQxMDcwMzE4LCJqdGkiOiI0NmI5NjBhNWJkZDY0MTE2OGMzOWEzYWEzY2M0YTZmNiIsInVzZXJfaWQiOjExfQ.RejlRbjpm0uAb5umxyGFxlSUHmyJ7Wwd2FX0wR-IFWw','2025-03-04 06:38:38.878610','2025-03-11 06:38:38.000000',11,'46b960a5bdd641168c39a3aa3cc4a6f6'),(263,'eyJhbGciOiJIUzI1NiIsInR5cCI6IkpXVCJ9.eyJ0b2tlbl90eXBlIjoicmVmcmVzaCIsImV4cCI6MTc0MTY4MjYxMSwiaWF0IjoxNzQxMDc3ODExLCJqdGkiOiIzZTI2ZTQwZjFmYTQ0ODE2YjkyMDhhMDgwMTExYzY2MiIsInVzZXJfaWQiOjF9.kGD_54HeNEAqv8IzZ06OVpM4qCJJ4yR0Z_Ldj3I4FdE','2025-03-04 08:43:31.595879','2025-03-11 08:43:31.000000',1,'3e26e40f1fa44816b9208a080111c662'),(264,'eyJhbGciOiJIUzI1NiIsInR5cCI6IkpXVCJ9.eyJ0b2tlbl90eXBlIjoicmVmcmVzaCIsImV4cCI6MTc0MTY4MjY4NywiaWF0IjoxNzQxMDc3ODg3LCJqdGkiOiI1NGY1NjVjZmE4MWI0OTdjODAyOTk2YjcwYTA5MzQ4ZSIsInVzZXJfaWQiOjExfQ.Usbvgv0NMB7uzIBM3nHRzitP1GSmjYFrZm9xThtnPnw','2025-03-04 08:44:47.654708','2025-03-11 08:44:47.000000',11,'54f565cfa81b497c802996b70a09348e'),(265,'eyJhbGciOiJIUzI1NiIsInR5cCI6IkpXVCJ9.eyJ0b2tlbl90eXBlIjoicmVmcmVzaCIsImV4cCI6MTc0MTY2OTkxMCwiaWF0IjoxNzQxMDY1MTEwLCJqdGkiOiIyYTJmOWQ4YTRiZDg0NmZkYTA4ODMzZTdmYmZiZjc3OSIsInVzZXJfaWQiOjEwfQ.0Bg7XW4kDAFRY-hBsw0BuwK-38otM0FjxGgbaZDSzGc',NULL,'2025-03-11 05:11:50.000000',NULL,'2a2f9d8a4bd846fda08833e7fbfbf779'),(266,'eyJhbGciOiJIUzI1NiIsInR5cCI6IkpXVCJ9.eyJ0b2tlbl90eXBlIjoicmVmcmVzaCIsImV4cCI6MTc0MTY4NDE4NCwiaWF0IjoxNzQxMDc5Mzg0LCJqdGkiOiIyZmU0NGI4Y2VlY2E0OGM3OTExZDE1MjA5ODc0Njc5MCIsInVzZXJfaWQiOjEwfQ.eeTaox7GX0fYfLzdlQqiM9JRE0yc110V15R35PuU_2U','2025-03-04 09:09:44.187218','2025-03-11 09:09:44.000000',10,'2fe44b8ceeca48c7911d152098746790'),(267,'eyJhbGciOiJIUzI1NiIsInR5cCI6IkpXVCJ9.eyJ0b2tlbl90eXBlIjoicmVmcmVzaCIsImV4cCI6MTc0MTY4NDUzMCwiaWF0IjoxNzQxMDc5NzMwLCJqdGkiOiJmZDdiMmUwODU5MmI0MzhkYTk2OWFmZGNmZmE1Zjc5OCIsInVzZXJfaWQiOjF9.qFc5YST-I62z8uMKjupb7fzq1uwzAgTqWo6SLUQvW4Y','2025-03-04 09:15:30.954960','2025-03-11 09:15:30.000000',1,'fd7b2e08592b438da969afdcffa5f798'),(268,'eyJhbGciOiJIUzI1NiIsInR5cCI6IkpXVCJ9.eyJ0b2tlbl90eXBlIjoicmVmcmVzaCIsImV4cCI6MTc0MTY4NDU4MywiaWF0IjoxNzQxMDc5NzgzLCJqdGkiOiI4NGZjZmQ4ZmM3NGQ0ODY3YjE3YTkzNTUyYTRjYzVkNSIsInVzZXJfaWQiOjE4fQ.Fn3riP5RnPVfnzaiI9a5KmRnQgNyAgXwR-vohyWsf4k','2025-03-04 09:16:23.424349','2025-03-11 09:16:23.000000',18,'84fcfd8fc74d4867b17a93552a4cc5d5'),(269,'eyJhbGciOiJIUzI1NiIsInR5cCI6IkpXVCJ9.eyJ0b2tlbl90eXBlIjoicmVmcmVzaCIsImV4cCI6MTc0MTY4NDc1MiwiaWF0IjoxNzQxMDc5OTUyLCJqdGkiOiIwZjY1MWNmNjAzNjE0ZWY5YjRmZjlkN2QxZDQzNGI5ZiIsInVzZXJfaWQiOjE4fQ.biGtjOiF17B36TW-5Mu1kdnjywo18RQg70aS0yRW-hU','2025-03-04 09:19:12.056686','2025-03-11 09:19:12.000000',18,'0f651cf603614ef9b4ff9d7d1d434b9f'),(270,'eyJhbGciOiJIUzI1NiIsInR5cCI6IkpXVCJ9.eyJ0b2tlbl90eXBlIjoicmVmcmVzaCIsImV4cCI6MTc0MTY4NDg1MiwiaWF0IjoxNzQxMDgwMDUyLCJqdGkiOiI0ZmMzMDkwODU2Mjk0ZDIyOGIzNWJmZjZlZTY3MGNhOCIsInVzZXJfaWQiOjEwfQ.sdM60Isam0dEWRhOxWIG3RjkTKRAvv3mrrkk3ym2OQs','2025-03-04 09:20:52.774653','2025-03-11 09:20:52.000000',10,'4fc3090856294d228b35bff6ee670ca8'),(271,'eyJhbGciOiJIUzI1NiIsInR5cCI6IkpXVCJ9.eyJ0b2tlbl90eXBlIjoicmVmcmVzaCIsImV4cCI6MTc0MTY4NTQyOCwiaWF0IjoxNzQxMDgwNjI4LCJqdGkiOiIxYjg4ZWY0NGIxMTQ0M2Q0OTQ1YWEwYWM5M2I2ZmQzYyIsInVzZXJfaWQiOjF9.eXR2RTnXdOF6s--1VAYBGu76C-kdaVQENchzAzKN0AM','2025-03-04 09:30:28.690670','2025-03-11 09:30:28.000000',1,'1b88ef44b11443d4945aa0ac93b6fd3c'),(272,'eyJhbGciOiJIUzI1NiIsInR5cCI6IkpXVCJ9.eyJ0b2tlbl90eXBlIjoicmVmcmVzaCIsImV4cCI6MTc0MTY4NjMwNiwiaWF0IjoxNzQxMDgxNTA2LCJqdGkiOiIwYWRjYzRiOThjYzc0NTliOTk4MWUzZGJkZmMwYzY0YSIsInVzZXJfaWQiOjF9.lRAU96Z7rMgy-JX8coqlS_0TcLzJS51tZOHz2kEbrS0','2025-03-04 09:45:06.694920','2025-03-11 09:45:06.000000',1,'0adcc4b98cc7459b9981e3dbdfc0c64a'),(273,'eyJhbGciOiJIUzI1NiIsInR5cCI6IkpXVCJ9.eyJ0b2tlbl90eXBlIjoicmVmcmVzaCIsImV4cCI6MTc0MTY4Njk2OCwiaWF0IjoxNzQxMDgyMTY4LCJqdGkiOiIzYjlmODBlMTE0OWY0NjQyYTBmMjEyMGFhMGU3N2RkNyIsInVzZXJfaWQiOjF9.xDV-buqfCDAvaUeMnoa7U9qapwopdCP3TExZoo2EcbI','2025-03-04 09:56:08.827233','2025-03-11 09:56:08.000000',1,'3b9f80e1149f4642a0f2120aa0e77dd7'),(274,'eyJhbGciOiJIUzI1NiIsInR5cCI6IkpXVCJ9.eyJ0b2tlbl90eXBlIjoicmVmcmVzaCIsImV4cCI6MTc0MTY4Njk2OSwiaWF0IjoxNzQxMDgyMTY5LCJqdGkiOiIxYzI3NWI4YTE1MWE0ZTk3YWQzYmZjZTZkM2Y3ZGY0NyIsInVzZXJfaWQiOjF9.5FwKJCJTTLH0FWiBYYmLfoiIw2Y-kpF0UtfxrlJSyrg','2025-03-04 09:56:09.025357','2025-03-11 09:56:09.000000',1,'1c275b8a151a4e97ad3bfce6d3f7df47'),(275,'eyJhbGciOiJIUzI1NiIsInR5cCI6IkpXVCJ9.eyJ0b2tlbl90eXBlIjoicmVmcmVzaCIsImV4cCI6MTc0MTY4Njk2OSwiaWF0IjoxNzQxMDgyMTY5LCJqdGkiOiJkZmU1MTRjMTY5NGY0OTQ1YTY3N2JlYjM0OTQ0NGI2MCIsInVzZXJfaWQiOjF9.5hpllC-myKo64d_y98azxJW47tU5vuYETPJb45qYXnQ','2025-03-04 09:56:09.134050','2025-03-11 09:56:09.000000',1,'dfe514c1694f4945a677beb349444b60'),(276,'eyJhbGciOiJIUzI1NiIsInR5cCI6IkpXVCJ9.eyJ0b2tlbl90eXBlIjoicmVmcmVzaCIsImV4cCI6MTc0MTY4NzAzNCwiaWF0IjoxNzQxMDgyMjM0LCJqdGkiOiJkNmNkMTI5NmRmMzQ0OWMwYTA1NjVhYWM5ZDNhOWIyZiIsInVzZXJfaWQiOjExfQ.Y1Sqy0AsWFyC4QJgCTFF_RbMVOmBnzGDETnSuJ9k-FE','2025-03-04 09:57:14.630708','2025-03-11 09:57:14.000000',11,'d6cd1296df3449c0a0565aac9d3a9b2f'),(277,'eyJhbGciOiJIUzI1NiIsInR5cCI6IkpXVCJ9.eyJ0b2tlbl90eXBlIjoicmVmcmVzaCIsImV4cCI6MTc0MTY4NzA1MCwiaWF0IjoxNzQxMDgyMjUwLCJqdGkiOiIyYzNjNWRmY2VmNGE0MTM3OTdkMTk4MGM0Mzc1ZmMyYSIsInVzZXJfaWQiOjF9.XQZXtpc4jMlY5i-bnDXRJxgCPVEytt5jjhALYkUqISs','2025-03-04 09:57:30.042262','2025-03-11 09:57:30.000000',1,'2c3c5dfcef4a413797d1980c4375fc2a'),(278,'eyJhbGciOiJIUzI1NiIsInR5cCI6IkpXVCJ9.eyJ0b2tlbl90eXBlIjoicmVmcmVzaCIsImV4cCI6MTc0MTY4NzQ1NSwiaWF0IjoxNzQxMDgyNjU1LCJqdGkiOiI5ZjE1YzA5NDA5Zjk0MTNlYWMzMGY5MTUwZTdlN2E5NSIsInVzZXJfaWQiOjF9.J7shL8SsMWyI-xeyjN9KbmA6Va3lAwUdK5WrFCX8DOE','2025-03-04 10:04:15.118260','2025-03-11 10:04:15.000000',1,'9f15c09409f9413eac30f9150e7e7a95'),(279,'eyJhbGciOiJIUzI1NiIsInR5cCI6IkpXVCJ9.eyJ0b2tlbl90eXBlIjoicmVmcmVzaCIsImV4cCI6MTc0MTY4NzU0NCwiaWF0IjoxNzQxMDgyNzQ0LCJqdGkiOiI0ZWJiYTgxMDFkNWQ0ZmY3OWJjNTY4MzdhNjY2MTZjNSIsInVzZXJfaWQiOjExfQ.HvFfw8AMpX6Mf5SdHMNleY3FYYj9YHWYvh-9NiROJzg','2025-03-04 10:05:44.087406','2025-03-11 10:05:44.000000',11,'4ebba8101d5d4ff79bc56837a66616c5'),(280,'eyJhbGciOiJIUzI1NiIsInR5cCI6IkpXVCJ9.eyJ0b2tlbl90eXBlIjoicmVmcmVzaCIsImV4cCI6MTc0MTY4NzYzMywiaWF0IjoxNzQxMDgyODMzLCJqdGkiOiJlYmE5MjcyNDg0MTE0NjU0ODMyODE4NTA0OTEzYzQwMiIsInVzZXJfaWQiOjEwfQ.xVynvjE75J1fLMDMRgGHFsXFDNApD62SP-J9kQeijDQ','2025-03-04 10:07:13.111545','2025-03-11 10:07:13.000000',10,'eba9272484114654832818504913c402'),(281,'eyJhbGciOiJIUzI1NiIsInR5cCI6IkpXVCJ9.eyJ0b2tlbl90eXBlIjoicmVmcmVzaCIsImV4cCI6MTc0MTY4Nzg3OCwiaWF0IjoxNzQxMDgzMDc4LCJqdGkiOiJjZWZlZmZmMjc5ODM0ODM4OWU1YjgzODc4N2FhZWI5MSIsInVzZXJfaWQiOjExfQ.nnTJxLJkQ1tsbU9KfcJ-TkXe88vba_t1Ta0F1ehiGv8','2025-03-04 10:11:18.614478','2025-03-11 10:11:18.000000',11,'cefefff2798348389e5b838787aaeb91'),(282,'eyJhbGciOiJIUzI1NiIsInR5cCI6IkpXVCJ9.eyJ0b2tlbl90eXBlIjoicmVmcmVzaCIsImV4cCI6MTc0MTY4Nzk0NywiaWF0IjoxNzQxMDgzMTQ3LCJqdGkiOiJiZGIxN2MyYzdmZTc0NDczYTk0M2Y5ZGZiMjg1NWM2NSIsInVzZXJfaWQiOjF9.ZizXt6wS78AKa9XoXLuyxjpyNfnsZ0L1fh5p8BifZZY','2025-03-04 10:12:27.504847','2025-03-11 10:12:27.000000',1,'bdb17c2c7fe74473a943f9dfb2855c65'),(283,'eyJhbGciOiJIUzI1NiIsInR5cCI6IkpXVCJ9.eyJ0b2tlbl90eXBlIjoicmVmcmVzaCIsImV4cCI6MTc0MTY4ODM0OSwiaWF0IjoxNzQxMDgzNTQ5LCJqdGkiOiI0YzgyZTEyZjY5Mjc0NTAyYTdiZTFlYzA4YzM0M2YyZCIsInVzZXJfaWQiOjEwfQ.agTmkiUyUDwyZcrvn22rSOEMRI3zdmMrs2GH2S25FAA','2025-03-04 10:19:09.007811','2025-03-11 10:19:09.000000',10,'4c82e12f69274502a7be1ec08c343f2d'),(284,'eyJhbGciOiJIUzI1NiIsInR5cCI6IkpXVCJ9.eyJ0b2tlbl90eXBlIjoicmVmcmVzaCIsImV4cCI6MTc0MTY4ODY1MywiaWF0IjoxNzQxMDgzODUzLCJqdGkiOiIyMDQ0OWNmZmI2MmI0NzQ2OTI0NTI1NzU3MDgzNzMyMiIsInVzZXJfaWQiOjExfQ.mqfGm6U71IzM4rQb_B0xRehDt2xEPTn1TNdUU8QoEBw','2025-03-04 10:24:13.662222','2025-03-11 10:24:13.000000',11,'20449cffb62b47469245257570837322'),(285,'eyJhbGciOiJIUzI1NiIsInR5cCI6IkpXVCJ9.eyJ0b2tlbl90eXBlIjoicmVmcmVzaCIsImV4cCI6MTc0MTY4ODc1MiwiaWF0IjoxNzQxMDgzOTUyLCJqdGkiOiI5NWU2MDIzMWM3NjU0NTRkODhiNzkyY2JkOTQ5NzZiMiIsInVzZXJfaWQiOjE4fQ.bP7ohCtE6Wubwuwc5WRFyVFezIz2n1PhQPq62BsyQAg','2025-03-04 10:25:52.440555','2025-03-11 10:25:52.000000',18,'95e60231c765454d88b792cbd94976b2'),(286,'eyJhbGciOiJIUzI1NiIsInR5cCI6IkpXVCJ9.eyJ0b2tlbl90eXBlIjoicmVmcmVzaCIsImV4cCI6MTc0MTY4ODgzMSwiaWF0IjoxNzQxMDg0MDMxLCJqdGkiOiJmZWRhOTBkMGI0ODk0MjFkOWQzNDY5NWE2MGQ4ZGE1NSIsInVzZXJfaWQiOjExfQ.eJ_tgDF3E2gANCu8rAVdSI6uDuDxj_9DqhoHNR5mVeQ','2025-03-04 10:27:11.724885','2025-03-11 10:27:11.000000',11,'feda90d0b489421d9d34695a60d8da55'),(287,'eyJhbGciOiJIUzI1NiIsInR5cCI6IkpXVCJ9.eyJ0b2tlbl90eXBlIjoicmVmcmVzaCIsImV4cCI6MTc0MTY4ODg0MywiaWF0IjoxNzQxMDg0MDQzLCJqdGkiOiI2YTNiM2M3Y2I3OWU0YjI2OWU4ZDc5ZTBhY2YyMTY5YyIsInVzZXJfaWQiOjE4fQ.O-rsewblR1HHTJNmcqMYtbbhBRtThhpluY2hH4ROtqw','2025-03-04 10:27:23.487542','2025-03-11 10:27:23.000000',18,'6a3b3c7cb79e4b269e8d79e0acf2169c'),(288,'eyJhbGciOiJIUzI1NiIsInR5cCI6IkpXVCJ9.eyJ0b2tlbl90eXBlIjoicmVmcmVzaCIsImV4cCI6MTc0MTY4OTA3MCwiaWF0IjoxNzQxMDg0MjcwLCJqdGkiOiIwNWE3MTQ2MzY5Njg0YzA4ODQ2NTExMTYyYzcwODNlZSIsInVzZXJfaWQiOjF9.tv3EEUu50kpXiRqjHhcNmEsYrEDamu4qQ6gM-hcs36I','2025-03-04 10:31:10.956033','2025-03-11 10:31:10.000000',1,'05a7146369684c08846511162c7083ee'),(289,'eyJhbGciOiJIUzI1NiIsInR5cCI6IkpXVCJ9.eyJ0b2tlbl90eXBlIjoicmVmcmVzaCIsImV4cCI6MTc0MTY4OTE5OSwiaWF0IjoxNzQxMDg0Mzk5LCJqdGkiOiJhM2Y0MmY2ZWZjZTQ0ZmE2YTYxYzVkZmM1OWRiMjAxZSIsInVzZXJfaWQiOjEwfQ.-soouVr81cv8oySWiBHhtMx2qhfUWXdxK11CsWL5PwM','2025-03-04 10:33:19.575242','2025-03-11 10:33:19.000000',10,'a3f42f6efce44fa6a61c5dfc59db201e'),(290,'eyJhbGciOiJIUzI1NiIsInR5cCI6IkpXVCJ9.eyJ0b2tlbl90eXBlIjoicmVmcmVzaCIsImV4cCI6MTc0MTY4OTMyOCwiaWF0IjoxNzQxMDg0NTI4LCJqdGkiOiI2MzQ5MWQ0ZTRjZmE0YWNkOTljZGU0ODUxMGVhMmQ0NSIsInVzZXJfaWQiOjExfQ.n05nOyFR6GIqd_m1hYpZsZj2ks-FidGVwJTnTZneah0','2025-03-04 10:35:28.591727','2025-03-11 10:35:28.000000',11,'63491d4e4cfa4acd99cde48510ea2d45'),(291,'eyJhbGciOiJIUzI1NiIsInR5cCI6IkpXVCJ9.eyJ0b2tlbl90eXBlIjoicmVmcmVzaCIsImV4cCI6MTc0MTY4OTY0NiwiaWF0IjoxNzQxMDg0ODQ2LCJqdGkiOiJlMWIwYWFjY2E0NjI0ODBjYjI1OTlmYjkyZTViMjU0YyIsInVzZXJfaWQiOjE4fQ.zF1jNRX42M66qGoHeDWZ3fp1EC0LEJ5pu4mvsaBJtLA','2025-03-04 10:40:46.673463','2025-03-11 10:40:46.000000',18,'e1b0aacca462480cb2599fb92e5b254c'),(292,'eyJhbGciOiJIUzI1NiIsInR5cCI6IkpXVCJ9.eyJ0b2tlbl90eXBlIjoicmVmcmVzaCIsImV4cCI6MTc0MTY5MDg0NSwiaWF0IjoxNzQxMDg2MDQ1LCJqdGkiOiJhNmIyY2IwMWZiMGU0ODVmYjQwZjg5MDEwMzI2YzI3OSIsInVzZXJfaWQiOjExfQ.cwbuBFSumMF_YEXYXr1jGx05vRtdcxjd4p497CPDr2I','2025-03-04 11:00:45.767454','2025-03-11 11:00:45.000000',11,'a6b2cb01fb0e485fb40f89010326c279'),(293,'eyJhbGciOiJIUzI1NiIsInR5cCI6IkpXVCJ9.eyJ0b2tlbl90eXBlIjoicmVmcmVzaCIsImV4cCI6MTc0MTY5MTkzNiwiaWF0IjoxNzQxMDg3MTM2LCJqdGkiOiJmYjdjZTljZTMzYzc0ZDRhOTM2ZGQ4ZjBjZWNkYTIzZCIsInVzZXJfaWQiOjE4fQ.AziW6VarQPwgK9HafS7tEUnZoxImXJBUhdUxFQ5jsK8','2025-03-04 11:18:56.769544','2025-03-11 11:18:56.000000',18,'fb7ce9ce33c74d4a936dd8f0cecda23d'),(294,'eyJhbGciOiJIUzI1NiIsInR5cCI6IkpXVCJ9.eyJ0b2tlbl90eXBlIjoicmVmcmVzaCIsImV4cCI6MTc0MTY5MTk3OSwiaWF0IjoxNzQxMDg3MTc5LCJqdGkiOiIyNjk3MTAxMzViOGU0YTFkOGVjZjhlMzE3NjU5YTlkZiIsInVzZXJfaWQiOjExfQ.3u3s-tgYpv8DKFXoAjroAnstAwIxX8VV_yyl81XYyUY','2025-03-04 11:19:39.662642','2025-03-11 11:19:39.000000',11,'269710135b8e4a1d8ecf8e317659a9df'),(295,'eyJhbGciOiJIUzI1NiIsInR5cCI6IkpXVCJ9.eyJ0b2tlbl90eXBlIjoicmVmcmVzaCIsImV4cCI6MTc0MTY5MzYyOCwiaWF0IjoxNzQxMDg4ODI4LCJqdGkiOiJjMjM5YzA1MTg2ZDA0ZTJmOGZmOTBkNzVkM2RhNTg2NCIsInVzZXJfaWQiOjF9.H3KGubEXqf56AA9GuDgwsTZH7mRtwmAxjuEV2XDZNNY','2025-03-04 11:47:08.282100','2025-03-11 11:47:08.000000',1,'c239c05186d04e2f8ff90d75d3da5864'),(296,'eyJhbGciOiJIUzI1NiIsInR5cCI6IkpXVCJ9.eyJ0b2tlbl90eXBlIjoicmVmcmVzaCIsImV4cCI6MTc0MTY5MzY3MiwiaWF0IjoxNzQxMDg4ODcyLCJqdGkiOiJjMGE4MGIwMTU2Zjg0NzU2YTBlMmUzNmI1YjlhODE4NCIsInVzZXJfaWQiOjE4fQ.oWQxX-2Umys7LiJkqAWcgpSukZL9160-VB--2pq_1vo','2025-03-04 11:47:52.677560','2025-03-11 11:47:52.000000',18,'c0a80b0156f84756a0e2e36b5b9a8184'),(297,'eyJhbGciOiJIUzI1NiIsInR5cCI6IkpXVCJ9.eyJ0b2tlbl90eXBlIjoicmVmcmVzaCIsImV4cCI6MTc0MTY5MzY5NywiaWF0IjoxNzQxMDg4ODk3LCJqdGkiOiJmOTE3YjFiNWUwNTU0NjAwODM1NjM5MWE5ZTM5ZDIwZiIsInVzZXJfaWQiOjF9.OASyTvyeYmHzAnltDzyEeFDv7WZW1acsoyANhgzfwqw','2025-03-04 11:48:17.444776','2025-03-11 11:48:17.000000',1,'f917b1b5e05546008356391a9e39d20f'),(298,'eyJhbGciOiJIUzI1NiIsInR5cCI6IkpXVCJ9.eyJ0b2tlbl90eXBlIjoicmVmcmVzaCIsImV4cCI6MTc0MTY5Mzc1MiwiaWF0IjoxNzQxMDg4OTUyLCJqdGkiOiIyMjVjMWE2M2EyNjM0YmQwODQyYWZhMWFlMzQ2YjgwYyIsInVzZXJfaWQiOjE4fQ.2BWooX3GaDa-Ls-RL_6A1fKgJiSqRZBg-xupTQ9-SEY','2025-03-04 11:49:12.076796','2025-03-11 11:49:12.000000',18,'225c1a63a2634bd0842afa1ae346b80c'),(299,'eyJhbGciOiJIUzI1NiIsInR5cCI6IkpXVCJ9.eyJ0b2tlbl90eXBlIjoicmVmcmVzaCIsImV4cCI6MTc0MTY5MzkzOCwiaWF0IjoxNzQxMDg5MTM4LCJqdGkiOiI4OTQxZjI4ZjA3ZmU0MWM0OTQxYmUwYTUyOTNlNzViYSIsInVzZXJfaWQiOjF9.IXccfxyc_O486G2MXfTTLecR5YUcRm1AFZxh3oV0OcE','2025-03-04 11:52:18.357899','2025-03-11 11:52:18.000000',1,'8941f28f07fe41c4941be0a5293e75ba'),(300,'eyJhbGciOiJIUzI1NiIsInR5cCI6IkpXVCJ9.eyJ0b2tlbl90eXBlIjoicmVmcmVzaCIsImV4cCI6MTc0MTY5NDU0MCwiaWF0IjoxNzQxMDg5NzQwLCJqdGkiOiIzMzcwMTE4NzNjMGE0Mzk4YmVhN2U3ZTgxODFlYjg3NCIsInVzZXJfaWQiOjE4fQ.4s0p4-bCE8aHR3qSfK9bk17rPPavoQ0iqQI1iNeHrbM','2025-03-04 12:02:20.683164','2025-03-11 12:02:20.000000',18,'337011873c0a4398bea7e7e8181eb874'),(301,'eyJhbGciOiJIUzI1NiIsInR5cCI6IkpXVCJ9.eyJ0b2tlbl90eXBlIjoicmVmcmVzaCIsImV4cCI6MTc0MTY5NDU4OCwiaWF0IjoxNzQxMDg5Nzg4LCJqdGkiOiI3OWRjZDM0YThlYjg0MWZjOTc3YjVkZjRlMjEyNDNlMCIsInVzZXJfaWQiOjF9.XKpEXnEE2AoONysnl_qAGwdy5RxwuRnbe_MZ_IFQqKg','2025-03-04 12:03:08.716146','2025-03-11 12:03:08.000000',1,'79dcd34a8eb841fc977b5df4e21243e0'),(302,'eyJhbGciOiJIUzI1NiIsInR5cCI6IkpXVCJ9.eyJ0b2tlbl90eXBlIjoicmVmcmVzaCIsImV4cCI6MTc0MTY5NDYxMSwiaWF0IjoxNzQxMDg5ODExLCJqdGkiOiIzNjNhNzgyNzhiMjE0ZjJkYmRmZjU1MWUzMmI3NzI5MiIsInVzZXJfaWQiOjE4fQ.zivzfF7E-T9MAgPiixxIXGV0TGoJQXYw-4gi9MPoDnE','2025-03-04 12:03:31.023657','2025-03-11 12:03:31.000000',18,'363a78278b214f2dbdff551e32b77292'),(303,'eyJhbGciOiJIUzI1NiIsInR5cCI6IkpXVCJ9.eyJ0b2tlbl90eXBlIjoicmVmcmVzaCIsImV4cCI6MTc0MTY5NDYzOCwiaWF0IjoxNzQxMDg5ODM4LCJqdGkiOiI2ZjAzZmYzNjk4YmI0MjFmYTBmZGNhN2FlZmNjNzIxNSIsInVzZXJfaWQiOjF9.lDVTfCqGcF874JFC79-Bv2ESe0RmsVEr5-TbJDb7SyI','2025-03-04 12:03:58.166034','2025-03-11 12:03:58.000000',1,'6f03ff3698bb421fa0fdca7aefcc7215'),(304,'eyJhbGciOiJIUzI1NiIsInR5cCI6IkpXVCJ9.eyJ0b2tlbl90eXBlIjoicmVmcmVzaCIsImV4cCI6MTc0MTY5NTA0NiwiaWF0IjoxNzQxMDkwMjQ2LCJqdGkiOiJlY2JiNWY1YThkZjM0ZDk5Yjk0YjljZTM2MDE1OThiNCIsInVzZXJfaWQiOjE4fQ.G0BH8w6E8b6sLlVHvwzB9BSsG1Bkl4kqhwhWB1c74oY','2025-03-04 12:10:46.436609','2025-03-11 12:10:46.000000',18,'ecbb5f5a8df34d99b94b9ce3601598b4'),(305,'eyJhbGciOiJIUzI1NiIsInR5cCI6IkpXVCJ9.eyJ0b2tlbl90eXBlIjoicmVmcmVzaCIsImV4cCI6MTc0MTY5NjQxNCwiaWF0IjoxNzQxMDkxNjE0LCJqdGkiOiIwNDkyOGIzZGY2ZTM0NmYzYTM4YzU2ZWI1OGE1ZWM1NCIsInVzZXJfaWQiOjF9.Lf3Yck-uZjr1iGD46U5UCVpPUACjPPGHsbM3yWfi3GY','2025-03-04 12:33:34.660288','2025-03-11 12:33:34.000000',1,'04928b3df6e346f3a38c56eb58a5ec54'),(306,'eyJhbGciOiJIUzI1NiIsInR5cCI6IkpXVCJ9.eyJ0b2tlbl90eXBlIjoicmVmcmVzaCIsImV4cCI6MTc0MTY5NjQyNiwiaWF0IjoxNzQxMDkxNjI2LCJqdGkiOiIyZWNhN2E2Y2Q5OWE0NjI5OTMwYTkzNDQ2ZTgyZGY5MiIsInVzZXJfaWQiOjEyfQ.w9i6pNkro19QNMSxIYGjB2FIv705Jg5yJxmczJpvOz4','2025-03-04 12:33:46.837031','2025-03-11 12:33:46.000000',12,'2eca7a6cd99a4629930a93446e82df92'),(307,'eyJhbGciOiJIUzI1NiIsInR5cCI6IkpXVCJ9.eyJ0b2tlbl90eXBlIjoicmVmcmVzaCIsImV4cCI6MTc0MTY5NjQzOSwiaWF0IjoxNzQxMDkxNjM5LCJqdGkiOiIwNjFlZTlhNmFhNjE0OWUwOGFjMzM5NGNkM2NlNWM4MiIsInVzZXJfaWQiOjEwfQ.ZdMUXDJJ5nsU2Kfee2KlT4rfgfT8Grsx7CsbOKdnMmw','2025-03-04 12:33:59.203214','2025-03-11 12:33:59.000000',10,'061ee9a6aa6149e08ac3394cd3ce5c82'),(308,'eyJhbGciOiJIUzI1NiIsInR5cCI6IkpXVCJ9.eyJ0b2tlbl90eXBlIjoicmVmcmVzaCIsImV4cCI6MTc0MTY5NjQ0OSwiaWF0IjoxNzQxMDkxNjQ5LCJqdGkiOiJlNWRiNzE2ZmEzYTE0N2JkOWJkYmFlYTA0YjUyZjQxYiIsInVzZXJfaWQiOjExfQ.vRu0x9zkTKuQfS0M5zLbPQuDQbZDFqUbpIHqO6oHP0w','2025-03-04 12:34:09.463190','2025-03-11 12:34:09.000000',11,'e5db716fa3a147bd9bdbaea04b52f41b'),(309,'eyJhbGciOiJIUzI1NiIsInR5cCI6IkpXVCJ9.eyJ0b2tlbl90eXBlIjoicmVmcmVzaCIsImV4cCI6MTc0MTY5NjQ2MSwiaWF0IjoxNzQxMDkxNjYxLCJqdGkiOiIzMDZiNjM2YWJjMDU0YmEwOWE5ZmVlYWJlZTU2NjUwNyIsInVzZXJfaWQiOjEyfQ.FkYG3aKK6LNbYkcWe3pVhI7hr4xAatcAO8-eecJGmws','2025-03-04 12:34:21.603113','2025-03-11 12:34:21.000000',12,'306b636abc054ba09a9feeabee566507'),(310,'eyJhbGciOiJIUzI1NiIsInR5cCI6IkpXVCJ9.eyJ0b2tlbl90eXBlIjoicmVmcmVzaCIsImV4cCI6MTc0MTY5NjUwMCwiaWF0IjoxNzQxMDkxNzAwLCJqdGkiOiIyYmYxY2U2OWJkZTE0ZTJiYWQzY2ExOGUwMThmNGQ3YiIsInVzZXJfaWQiOjEwfQ.La3PSqunQI1ddq81PxR0xNNLvqGVmNWb8vL67V4QIKU','2025-03-04 12:35:00.573654','2025-03-11 12:35:00.000000',10,'2bf1ce69bde14e2bad3ca18e018f4d7b'),(311,'eyJhbGciOiJIUzI1NiIsInR5cCI6IkpXVCJ9.eyJ0b2tlbl90eXBlIjoicmVmcmVzaCIsImV4cCI6MTc0MTc1MTQ2MCwiaWF0IjoxNzQxMTQ2NjYwLCJqdGkiOiJkOTU0ZTU1YjU0Y2I0ZWVlODE0ODkyNDNhZWI1MTcyNCIsInVzZXJfaWQiOjEwfQ.GmurA7sj40O1COYkCH4yBzCF1sNVQPa-hrtxMOmMaPs','2025-03-05 03:51:00.737863','2025-03-12 03:51:00.000000',10,'d954e55b54cb4eee81489243aeb51724'),(312,'eyJhbGciOiJIUzI1NiIsInR5cCI6IkpXVCJ9.eyJ0b2tlbl90eXBlIjoicmVmcmVzaCIsImV4cCI6MTc0MTc1MTU1MSwiaWF0IjoxNzQxMTQ2NzUxLCJqdGkiOiI5MTIxYmUzY2ZmOGE0N2U4OGUzMGYzNzE1NzQ5ZjM1YiIsInVzZXJfaWQiOjF9.uY9TlFZkrpad-sH53Rg_ROSv2ok_tnBmcSnCHRfAOp4','2025-03-05 03:52:31.568239','2025-03-12 03:52:31.000000',1,'9121be3cff8a47e88e30f3715749f35b'),(313,'eyJhbGciOiJIUzI1NiIsInR5cCI6IkpXVCJ9.eyJ0b2tlbl90eXBlIjoicmVmcmVzaCIsImV4cCI6MTc0MTc1MTgwMywiaWF0IjoxNzQxMTQ3MDAzLCJqdGkiOiJkNWM3ZDY5YzFlNDU0YWZjOGY3YjNmZDU4MTk5MTkzZCIsInVzZXJfaWQiOjF9.EeuP3FayTsndHO2CiDD4DVdFe8r_g9bUHFX8pzJC4tI','2025-03-05 03:56:43.385552','2025-03-12 03:56:43.000000',1,'d5c7d69c1e454afc8f7b3fd58199193d'),(314,'eyJhbGciOiJIUzI1NiIsInR5cCI6IkpXVCJ9.eyJ0b2tlbl90eXBlIjoicmVmcmVzaCIsImV4cCI6MTc0MTc1MTg1NCwiaWF0IjoxNzQxMTQ3MDU0LCJqdGkiOiI1ZjE1YTA4OGU2NmQ0NzY5YjI0YjEzOTZkZGJlMGNhZCIsInVzZXJfaWQiOjEwfQ.vBzfBDnffw1LhuUEX41y1G5Y3QDM5yah2_y8RTLQ3rY','2025-03-05 03:57:34.284562','2025-03-12 03:57:34.000000',10,'5f15a088e66d4769b24b1396ddbe0cad'),(315,'eyJhbGciOiJIUzI1NiIsInR5cCI6IkpXVCJ9.eyJ0b2tlbl90eXBlIjoicmVmcmVzaCIsImV4cCI6MTc0MTc1MjAxOCwiaWF0IjoxNzQxMTQ3MjE4LCJqdGkiOiI4NDQ5MzZiYzIyNzA0Nzk1YWQzMTE4ZDgxZjllMGRjOSIsInVzZXJfaWQiOjEwfQ.KYXa1D4CeCOBV3hsCAZfiiKN8RKTgsxbqpN1PLN5FoY','2025-03-05 04:00:18.981147','2025-03-12 04:00:18.000000',10,'844936bc22704795ad3118d81f9e0dc9'),(316,'eyJhbGciOiJIUzI1NiIsInR5cCI6IkpXVCJ9.eyJ0b2tlbl90eXBlIjoicmVmcmVzaCIsImV4cCI6MTc0MTc1MjUxNiwiaWF0IjoxNzQxMTQ3NzE2LCJqdGkiOiI5YzZiODllNzFhOWU0NzllYmE4MGNlNGUyNDFjNmU1NCIsInVzZXJfaWQiOjE4fQ.JDnqKZxytE-knfaP8aPGL5LZhqHL39Y50nUTzYcEJJQ','2025-03-05 04:08:36.857861','2025-03-12 04:08:36.000000',18,'9c6b89e71a9e479eba80ce4e241c6e54'),(317,'eyJhbGciOiJIUzI1NiIsInR5cCI6IkpXVCJ9.eyJ0b2tlbl90eXBlIjoicmVmcmVzaCIsImV4cCI6MTc0MTc1MjY0MiwiaWF0IjoxNzQxMTQ3ODQyLCJqdGkiOiI5ODg1MjVkM2U3NmI0Y2U5OWExMGYzYTNiYjIzMTQ1MCIsInVzZXJfaWQiOjExfQ.PeHz0QW0LtI0W6wXXMKQGQ2Y-vIWRF0bv8YOGYxvLaE','2025-03-05 04:10:42.424002','2025-03-12 04:10:42.000000',11,'988525d3e76b4ce99a10f3a3bb231450'),(318,'eyJhbGciOiJIUzI1NiIsInR5cCI6IkpXVCJ9.eyJ0b2tlbl90eXBlIjoicmVmcmVzaCIsImV4cCI6MTc0MTc1MzM3OSwiaWF0IjoxNzQxMTQ4NTc5LCJqdGkiOiJkYjMyZDkzYmM4YTY0ZGQ0YmY4ZTI1ZTI1N2Y0OWNlYiIsInVzZXJfaWQiOjEwfQ.Ohf7MWD0JpfmD1m1aKbm2i4TQuNLs7Q887eM7rGJWpI','2025-03-05 04:22:59.947433','2025-03-12 04:22:59.000000',10,'db32d93bc8a64dd4bf8e25e257f49ceb'),(319,'eyJhbGciOiJIUzI1NiIsInR5cCI6IkpXVCJ9.eyJ0b2tlbl90eXBlIjoicmVmcmVzaCIsImV4cCI6MTc0MTc1Mzc5NywiaWF0IjoxNzQxMTQ4OTk3LCJqdGkiOiJjM2YwMjdjNjc3M2M0NmEwOTE2NDI0NzdmYWM2ZmJjYyIsInVzZXJfaWQiOjExfQ.IkVMEXEmlZPlAIkjixKE9In7AFv-KHswilsHOo9ECK8','2025-03-05 04:29:57.684729','2025-03-12 04:29:57.000000',11,'c3f027c6773c46a091642477fac6fbcc'),(320,'eyJhbGciOiJIUzI1NiIsInR5cCI6IkpXVCJ9.eyJ0b2tlbl90eXBlIjoicmVmcmVzaCIsImV4cCI6MTc0MTc1NDA5NCwiaWF0IjoxNzQxMTQ5Mjk0LCJqdGkiOiI5NGYyZmQ1ZjAxMWM0YzhhYjYyYzRkOWM3Y2IzOTRiNyIsInVzZXJfaWQiOjF9.UEQrEIqImWYFx43LIAbXM3_u2kIFY5ySchmHGiTwB_s','2025-03-05 04:34:54.884778','2025-03-12 04:34:54.000000',1,'94f2fd5f011c4c8ab62c4d9c7cb394b7'),(321,'eyJhbGciOiJIUzI1NiIsInR5cCI6IkpXVCJ9.eyJ0b2tlbl90eXBlIjoicmVmcmVzaCIsImV4cCI6MTc0MTc1NDExMywiaWF0IjoxNzQxMTQ5MzEzLCJqdGkiOiJhZjIzZDY0MTZhYTQ0YTNmODhlM2IyODJlZjFlZTE5MSIsInVzZXJfaWQiOjE4fQ.G7ST34B5T1ja48MvViyAbo4eMR-SBHDR_I39Q8EU2t4','2025-03-05 04:35:13.901830','2025-03-12 04:35:13.000000',18,'af23d6416aa44a3f88e3b282ef1ee191'),(322,'eyJhbGciOiJIUzI1NiIsInR5cCI6IkpXVCJ9.eyJ0b2tlbl90eXBlIjoicmVmcmVzaCIsImV4cCI6MTc0MTc1NDI3NywiaWF0IjoxNzQxMTQ5NDc3LCJqdGkiOiI1MDVkYmFhZjg2Zjc0MGMyOTZjZWYzNTQ3MDhmZDIxZiIsInVzZXJfaWQiOjExfQ.PaR3TkqpMq-bX1OvJD2k3sy5YSRH-MZpNJKM-7xJcTk','2025-03-05 04:37:57.939901','2025-03-12 04:37:57.000000',11,'505dbaaf86f740c296cef354708fd21f'),(323,'eyJhbGciOiJIUzI1NiIsInR5cCI6IkpXVCJ9.eyJ0b2tlbl90eXBlIjoicmVmcmVzaCIsImV4cCI6MTc0MTc1NjI0OCwiaWF0IjoxNzQxMTUxNDQ4LCJqdGkiOiI2MWFlNjg5ZWU1MTQ0NWFjYjc5NDg2YWM1MWM4NmIxYSIsInVzZXJfaWQiOjE4fQ.cs363yOEaCwbng0bphF10TSDkI23oYi9Usya_rwKFCA','2025-03-05 05:10:48.437191','2025-03-12 05:10:48.000000',18,'61ae689ee51445acb79486ac51c86b1a'),(324,'eyJhbGciOiJIUzI1NiIsInR5cCI6IkpXVCJ9.eyJ0b2tlbl90eXBlIjoicmVmcmVzaCIsImV4cCI6MTc0MTc1NjM0MywiaWF0IjoxNzQxMTUxNTQzLCJqdGkiOiIyZTE3NjMyMjY3YmE0YTdjOGVjNDQxZTk5ZDZjOTZmZCIsInVzZXJfaWQiOjF9.MvqT63fMc-48R_XC6YP6wday2JlXefQipE-WzHP8ayk','2025-03-05 05:12:23.968934','2025-03-12 05:12:23.000000',1,'2e17632267ba4a7c8ec441e99d6c96fd'),(325,'eyJhbGciOiJIUzI1NiIsInR5cCI6IkpXVCJ9.eyJ0b2tlbl90eXBlIjoicmVmcmVzaCIsImV4cCI6MTc0MTc1NjgwNCwiaWF0IjoxNzQxMTUyMDA0LCJqdGkiOiI2YmY0Zjc2MDc1NjE0MWMyOTNhM2VlNTk2ZjlkZWQyYSIsInVzZXJfaWQiOjExfQ.RIhwPmgHm0dEsXFxGxfsFirDMAHp7nFSEA33vbU3nDo','2025-03-05 05:20:04.938916','2025-03-12 05:20:04.000000',11,'6bf4f760756141c293a3ee596f9ded2a'),(326,'eyJhbGciOiJIUzI1NiIsInR5cCI6IkpXVCJ9.eyJ0b2tlbl90eXBlIjoicmVmcmVzaCIsImV4cCI6MTc0MTc1Njk5MSwiaWF0IjoxNzQxMTUyMTkxLCJqdGkiOiJiZjMzYjgxZDQyYzY0N2RkYTgzODY1NmRlZmJkNzA4YSIsInVzZXJfaWQiOjF9.-YfHplAbeSTc3ZTznD3gm6TNxRoY4J75NCC5X_5UQ2s','2025-03-05 05:23:11.105945','2025-03-12 05:23:11.000000',1,'bf33b81d42c647dda838656defbd708a'),(327,'eyJhbGciOiJIUzI1NiIsInR5cCI6IkpXVCJ9.eyJ0b2tlbl90eXBlIjoicmVmcmVzaCIsImV4cCI6MTc0MTc1ODc1NCwiaWF0IjoxNzQxMTUzOTU0LCJqdGkiOiI1ZDFmYzA1N2Y0YTk0MjQ2OWY1N2RmMDE5ZTQ5MWU0MiIsInVzZXJfaWQiOjE4fQ.LAISOhCNqQFcwtFcWIYT9IisBiX_1o-HABQ5vAmFJMA','2025-03-05 05:52:34.828554','2025-03-12 05:52:34.000000',18,'5d1fc057f4a942469f57df019e491e42'),(328,'eyJhbGciOiJIUzI1NiIsInR5cCI6IkpXVCJ9.eyJ0b2tlbl90eXBlIjoicmVmcmVzaCIsImV4cCI6MTc0MTc2MDA4MSwiaWF0IjoxNzQxMTU1MjgxLCJqdGkiOiI0ZjMxYTQ4YjE3NjA0MjY1YWMyNjIwZGNlMDViNWI1MyIsInVzZXJfaWQiOjExfQ.hBpEsQLzaJowlUcxg7I6SZpSSZT8dUtTXTm_tkflK84','2025-03-05 06:14:41.254044','2025-03-12 06:14:41.000000',11,'4f31a48b17604265ac2620dce05b5b53'),(329,'eyJhbGciOiJIUzI1NiIsInR5cCI6IkpXVCJ9.eyJ0b2tlbl90eXBlIjoicmVmcmVzaCIsImV4cCI6MTc0MTc2MDEwMCwiaWF0IjoxNzQxMTU1MzAwLCJqdGkiOiJhYzBhY2RmMzI2NjM0NDY1YTE1OGFlZDcxZjYzMGY3MSIsInVzZXJfaWQiOjF9.NhGZJ2AuZDPEKKaZ-SfHC3lOygNwoRrb92DrQP6WzXQ','2025-03-05 06:15:00.084319','2025-03-12 06:15:00.000000',1,'ac0acdf326634465a158aed71f630f71'),(330,'eyJhbGciOiJIUzI1NiIsInR5cCI6IkpXVCJ9.eyJ0b2tlbl90eXBlIjoicmVmcmVzaCIsImV4cCI6MTc0MTc2MTE1MywiaWF0IjoxNzQxMTU2MzUzLCJqdGkiOiI3Y2RhYTA0NWJiMDQ0MmMyOTUyMzMzNmJjNWU0MGQ4YyIsInVzZXJfaWQiOjEwfQ.kMI9f8m7MSANoz4QWtGE8tWtu71pt_dVj9z45BW9jBA','2025-03-05 06:32:33.750450','2025-03-12 06:32:33.000000',10,'7cdaa045bb0442c29523336bc5e40d8c'),(331,'eyJhbGciOiJIUzI1NiIsInR5cCI6IkpXVCJ9.eyJ0b2tlbl90eXBlIjoicmVmcmVzaCIsImV4cCI6MTc0MTc2MTY0NiwiaWF0IjoxNzQxMTU2ODQ2LCJqdGkiOiJkY2UzMDI5N2Q0YTQ0NjM3YjIyNDhhZDk0NzY0ZmJkMCIsInVzZXJfaWQiOjF9.DP3bQ1uEcMIz3_Fzq53b3hGPUiHx19W0D2GLboeWSlE','2025-03-05 06:40:46.179958','2025-03-12 06:40:46.000000',1,'dce30297d4a44637b2248ad94764fbd0'),(332,'eyJhbGciOiJIUzI1NiIsInR5cCI6IkpXVCJ9.eyJ0b2tlbl90eXBlIjoicmVmcmVzaCIsImV4cCI6MTc0MTc2MjA5OCwiaWF0IjoxNzQxMTU3Mjk4LCJqdGkiOiIyNWYyZDg0ZjRmNTE0YjFhYTU3NGY0ODRmYWE0ODM1ZSIsInVzZXJfaWQiOjEwfQ.HdaCRS_mWpNrS6yzK5E_kBCUnFSEV4jp3avjrOTbHis','2025-03-05 06:48:18.327743','2025-03-12 06:48:18.000000',10,'25f2d84f4f514b1aa574f484faa4835e'),(333,'eyJhbGciOiJIUzI1NiIsInR5cCI6IkpXVCJ9.eyJ0b2tlbl90eXBlIjoicmVmcmVzaCIsImV4cCI6MTc0MTc3MTU5MCwiaWF0IjoxNzQxMTY2NzkwLCJqdGkiOiIxNGYxN2ZkODA0NTU0NWNlYTI5OWE2ZWE3OTMyMzA1ZiIsInVzZXJfaWQiOjEwfQ.17XesU4Bddz61fg4WZvhU37bjBogEST32GblfJlokkg','2025-03-05 09:26:30.861328','2025-03-12 09:26:30.000000',10,'14f17fd8045545cea299a6ea7932305f'),(334,'eyJhbGciOiJIUzI1NiIsInR5cCI6IkpXVCJ9.eyJ0b2tlbl90eXBlIjoicmVmcmVzaCIsImV4cCI6MTc0MTc3MjIzOSwiaWF0IjoxNzQxMTY3NDM5LCJqdGkiOiJmZjEzMjg5YmMzNzE0ODA0OTg0ZWU0ZmI1OGI3NjU5MCIsInVzZXJfaWQiOjExfQ.J2RB5ht-2dbjQQQw_ZgEI8tqCQAum_zp3pxf0aD_xOQ','2025-03-05 09:37:19.253190','2025-03-12 09:37:19.000000',11,'ff13289bc3714804984ee4fb58b76590'),(335,'eyJhbGciOiJIUzI1NiIsInR5cCI6IkpXVCJ9.eyJ0b2tlbl90eXBlIjoicmVmcmVzaCIsImV4cCI6MTc0MTc3MjM4NSwiaWF0IjoxNzQxMTY3NTg1LCJqdGkiOiI1MDNlZDAyZWMyYWU0NTdiODU3NWQ4Y2M1ZGI3OWUzMiIsInVzZXJfaWQiOjEwfQ.9556CxU1n4oGNWjJPULoOoXJMANh-HqtBogwVqrcMGY','2025-03-05 09:39:45.528907','2025-03-12 09:39:45.000000',10,'503ed02ec2ae457b8575d8cc5db79e32'),(336,'eyJhbGciOiJIUzI1NiIsInR5cCI6IkpXVCJ9.eyJ0b2tlbl90eXBlIjoicmVmcmVzaCIsImV4cCI6MTc0MTc3MjUzOCwiaWF0IjoxNzQxMTY3NzM4LCJqdGkiOiI4NGY4MjI5NTJlMzA0MDM4OWEzMDE1NGRhOTliYTU1MSIsInVzZXJfaWQiOjExfQ.QLIz9hy3Vf250NdeynKKQP_XXo_Mdg1p_tBrMp5Sunk','2025-03-05 09:42:18.546277','2025-03-12 09:42:18.000000',11,'84f822952e3040389a30154da99ba551'),(337,'eyJhbGciOiJIUzI1NiIsInR5cCI6IkpXVCJ9.eyJ0b2tlbl90eXBlIjoicmVmcmVzaCIsImV4cCI6MTc0MTc3MjYwMiwiaWF0IjoxNzQxMTY3ODAyLCJqdGkiOiIyZmEzNDlmZTdjZjM0NjhiYjgxMWU2NGM2MzJjNWRhMSIsInVzZXJfaWQiOjExfQ.E7oOLSTefrrIkE6E8C5RmvJIeiCyZoZ0WnWLDR5NEdU','2025-03-05 09:43:22.263728','2025-03-12 09:43:22.000000',11,'2fa349fe7cf3468bb811e64c632c5da1'),(338,'eyJhbGciOiJIUzI1NiIsInR5cCI6IkpXVCJ9.eyJ0b2tlbl90eXBlIjoicmVmcmVzaCIsImV4cCI6MTc0MTc3MjYzOCwiaWF0IjoxNzQxMTY3ODM4LCJqdGkiOiI4YjRmYzdiYzBjMGE0YjBlYTIxOGEyODIzMDM4M2JmYSIsInVzZXJfaWQiOjEwfQ.JO1TvEZx9qLqc0_OnnPAdd-8Uem8rCHY9F73CsgGo2E','2025-03-05 09:43:58.189775','2025-03-12 09:43:58.000000',10,'8b4fc7bc0c0a4b0ea218a28230383bfa'),(339,'eyJhbGciOiJIUzI1NiIsInR5cCI6IkpXVCJ9.eyJ0b2tlbl90eXBlIjoicmVmcmVzaCIsImV4cCI6MTc0MTg0MTM1NiwiaWF0IjoxNzQxMjM2NTU2LCJqdGkiOiJkN2I4NmQ5NGM2Y2I0YzMzOTJkOWFjMmRkYzY0YTgzOSIsInVzZXJfaWQiOjEwfQ.BvIIdm1jp9FIKA3aip4YzwauuK4SbC2JpcQv3WxaLUE','2025-03-06 04:49:16.428491','2025-03-13 04:49:16.000000',10,'d7b86d94c6cb4c3392d9ac2ddc64a839'),(340,'eyJhbGciOiJIUzI1NiIsInR5cCI6IkpXVCJ9.eyJ0b2tlbl90eXBlIjoicmVmcmVzaCIsImV4cCI6MTc0MTg0MjU4MCwiaWF0IjoxNzQxMjM3NzgwLCJqdGkiOiJiNmExOGQ4YTUwYmQ0NmFlOWNiMDQ4NzBkNmY2NzdhNSIsInVzZXJfaWQiOjF9.38UjbclXhyuav-lm--PZ0o6FDfX-ogpVme48BHHzcGU','2025-03-06 05:09:40.813362','2025-03-13 05:09:40.000000',1,'b6a18d8a50bd46ae9cb04870d6f677a5'),(341,'eyJhbGciOiJIUzI1NiIsInR5cCI6IkpXVCJ9.eyJ0b2tlbl90eXBlIjoicmVmcmVzaCIsImV4cCI6MTc0MTg0MjgwNCwiaWF0IjoxNzQxMjM4MDA0LCJqdGkiOiJiZjI4NWM3YTliMzM0NzAxYjllMTE1ODcyMWI2ODc1YSIsInVzZXJfaWQiOjEwfQ.Sg3hvPfccQZLBv8H1oVEhPq8DYe6UKmPuiAgwr1Bb60','2025-03-06 05:13:24.337002','2025-03-13 05:13:24.000000',10,'bf285c7a9b334701b9e1158721b6875a'),(342,'eyJhbGciOiJIUzI1NiIsInR5cCI6IkpXVCJ9.eyJ0b2tlbl90eXBlIjoicmVmcmVzaCIsImV4cCI6MTc0MjAxODI0OSwiaWF0IjoxNzQxNDEzNDQ5LCJqdGkiOiJmNmM2Mzc5YjJkNmU0MTdiYWVlZTEzMWU2ZDA0Yjg3MyIsInVzZXJfaWQiOjEwfQ.d5TrCs4GZU0yCRVryI1Vl01pweqJNsJrNRtfjEZ_ya0',NULL,'2025-03-15 05:57:29.000000',NULL,'f6c6379b2d6e417baeee131e6d04b873'),(343,'eyJhbGciOiJIUzI1NiIsInR5cCI6IkpXVCJ9.eyJ0b2tlbl90eXBlIjoicmVmcmVzaCIsImV4cCI6MTc0MjAyMTE0MCwiaWF0IjoxNzQxNDE2MzQwLCJqdGkiOiI0ZjhlYmNkNTdjZjg0ZTE5YjFjZTQ4ODU5Mjc2YjgxZSIsInVzZXJfaWQiOjE4fQ.t1Mllh7PM3y0DktIyiXmzSCYRYTQAhEGQjsuBszsmV0','2025-03-08 06:45:40.760143','2025-03-15 06:45:40.000000',18,'4f8ebcd57cf84e19b1ce48859276b81e'),(344,'eyJhbGciOiJIUzI1NiIsInR5cCI6IkpXVCJ9.eyJ0b2tlbl90eXBlIjoicmVmcmVzaCIsImV4cCI6MTc0MjAyMTM2MSwiaWF0IjoxNzQxNDE2NTYxLCJqdGkiOiJlMzU2NGRiYTIxMDM0MjcwOTZmMzk2ODJkNTgxMDE5MyIsInVzZXJfaWQiOjExfQ.M54Bg7G_9TBTYWfADSGZZl6IVxalbRn77UOsk7OCQec','2025-03-08 06:49:21.890766','2025-03-15 06:49:21.000000',11,'e3564dba2103427096f39682d5810193'),(345,'eyJhbGciOiJIUzI1NiIsInR5cCI6IkpXVCJ9.eyJ0b2tlbl90eXBlIjoicmVmcmVzaCIsImV4cCI6MTc0MjAyMTU5MSwiaWF0IjoxNzQxNDE2NzkxLCJqdGkiOiI0YjU1MmQyNzkxODg0NWI0ODc0YjI5YTE3NmY1MTYxNiIsInVzZXJfaWQiOjF9.WA0OBs6AGa0_NB7lfuGt95EFb4qFasn357JFtcpwq2U','2025-03-08 06:53:11.906394','2025-03-15 06:53:11.000000',1,'4b552d27918845b4874b29a176f51616'),(346,'eyJhbGciOiJIUzI1NiIsInR5cCI6IkpXVCJ9.eyJ0b2tlbl90eXBlIjoicmVmcmVzaCIsImV4cCI6MTc0MjAyMTYxMSwiaWF0IjoxNzQxNDE2ODExLCJqdGkiOiIzN2EwZDBlYTliNDI0NjZkYjJlNTVlOWRhMmM1Yjk5NyIsInVzZXJfaWQiOjE4fQ.TqSE4way1sahubCe0dHDbcH7jXEdWvEmwLbh_8u1QeU','2025-03-08 06:53:31.552973','2025-03-15 06:53:31.000000',18,'37a0d0ea9b42466db2e55e9da2c5b997'),(347,'eyJhbGciOiJIUzI1NiIsInR5cCI6IkpXVCJ9.eyJ0b2tlbl90eXBlIjoicmVmcmVzaCIsImV4cCI6MTc0MjAyMTgyMSwiaWF0IjoxNzQxNDE3MDIxLCJqdGkiOiJlNmZhZjYyZTQ5ODE0YjZhYjAwYmQ4Y2ViNGUzOWNkNiIsInVzZXJfaWQiOjExfQ.Yvawj4VBV9xRc9HQuJbAz4T3QWH6yobgMt9Chc25EPU','2025-03-08 06:57:01.073940','2025-03-15 06:57:01.000000',11,'e6faf62e49814b6ab00bd8ceb4e39cd6'),(348,'eyJhbGciOiJIUzI1NiIsInR5cCI6IkpXVCJ9.eyJ0b2tlbl90eXBlIjoicmVmcmVzaCIsImV4cCI6MTc0MjAyMjM3OCwiaWF0IjoxNzQxNDE3NTc4LCJqdGkiOiIwMWJhMWM1MjIxYmY0MmY2OWExZWViNWYwYmIxMjFlMiIsInVzZXJfaWQiOjE2fQ.yvRvSs3yXzjQKIUCt1UbB8bdXkPa8yyUkXIYYUKl3B4','2025-03-08 07:06:18.449225','2025-03-15 07:06:18.000000',16,'01ba1c5221bf42f69a1eeb5f0bb121e2'),(349,'eyJhbGciOiJIUzI1NiIsInR5cCI6IkpXVCJ9.eyJ0b2tlbl90eXBlIjoicmVmcmVzaCIsImV4cCI6MTc0MjAyMjQ1NiwiaWF0IjoxNzQxNDE3NjU2LCJqdGkiOiIzZGFmMjBjODIwNmM0YzgyYmQ0M2I5MmIyNzE4ZDg0ZSIsInVzZXJfaWQiOjE2fQ.zzUSIMGfmMqxiitxprS9TeNtQkVt4GM2k-t7EUxsXHM','2025-03-08 07:07:36.572517','2025-03-15 07:07:36.000000',16,'3daf20c8206c4c82bd43b92b2718d84e'),(350,'eyJhbGciOiJIUzI1NiIsInR5cCI6IkpXVCJ9.eyJ0b2tlbl90eXBlIjoicmVmcmVzaCIsImV4cCI6MTc0MjAyMjUwMywiaWF0IjoxNzQxNDE3NzAzLCJqdGkiOiIwMDljMTM1ZmY1NGI0N2NkODI2M2M1OTNkOTdkY2VmMSIsInVzZXJfaWQiOjExfQ.nH_EOjdB3dP6M4YYao8qWk5ixP9mpEq2VQQ-6423wqY','2025-03-08 07:08:23.220197','2025-03-15 07:08:23.000000',11,'009c135ff54b47cd8263c593d97dcef1'),(351,'eyJhbGciOiJIUzI1NiIsInR5cCI6IkpXVCJ9.eyJ0b2tlbl90eXBlIjoicmVmcmVzaCIsImV4cCI6MTc0MjAyMjY0MywiaWF0IjoxNzQxNDE3ODQzLCJqdGkiOiI1Y2IyOWE3MGIwY2E0NjVmOWViZTNkOTllY2QxZmRjZiIsInVzZXJfaWQiOjE2fQ.hdDWSgKdj-nQ3ayqTcQCMKQo2txEYec4v6yPNLxSNdw','2025-03-08 07:10:43.938432','2025-03-15 07:10:43.000000',16,'5cb29a70b0ca465f9ebe3d99ecd1fdcf'),(352,'eyJhbGciOiJIUzI1NiIsInR5cCI6IkpXVCJ9.eyJ0b2tlbl90eXBlIjoicmVmcmVzaCIsImV4cCI6MTc0MjAyMjY5OSwiaWF0IjoxNzQxNDE3ODk5LCJqdGkiOiIyNDMwM2RmMGNhNGE0MDIxOTk2NDVhN2RhZmQ4ZDVjNCIsInVzZXJfaWQiOjExfQ.J3Z5M-80U-Lz8GpTHguI2xx_ZgKrCOR2_VdtJ55-Xwg','2025-03-08 07:11:39.850716','2025-03-15 07:11:39.000000',11,'24303df0ca4a402199645a7dafd8d5c4'),(353,'eyJhbGciOiJIUzI1NiIsInR5cCI6IkpXVCJ9.eyJ0b2tlbl90eXBlIjoicmVmcmVzaCIsImV4cCI6MTc0MjAyMjcyNCwiaWF0IjoxNzQxNDE3OTI0LCJqdGkiOiIzODY1Yzk4NTA5MDA0OWNlOTZlYWQ3NjM2ZjI2YTBmMCIsInVzZXJfaWQiOjEwfQ.i49pBXMuZso3c3XdTJqZ1GDYlhtAgWa1pCFkw6zmwYQ','2025-03-08 07:12:04.145346','2025-03-15 07:12:04.000000',10,'3865c985090049ce96ead7636f26a0f0'),(354,'eyJhbGciOiJIUzI1NiIsInR5cCI6IkpXVCJ9.eyJ0b2tlbl90eXBlIjoicmVmcmVzaCIsImV4cCI6MTc0MjAyMjk5MiwiaWF0IjoxNzQxNDE4MTkyLCJqdGkiOiI2ZDJlM2ZkNjkwNDA0ZTc0YTBiMjJjMTRmMjRkMDMzZSIsInVzZXJfaWQiOjE2fQ.Haj3_ydrZC23yu5tYhiYG7AoBQ6e3CHVpjYtbLetNQU','2025-03-08 07:16:32.036670','2025-03-15 07:16:32.000000',16,'6d2e3fd690404e74a0b22c14f24d033e'),(355,'eyJhbGciOiJIUzI1NiIsInR5cCI6IkpXVCJ9.eyJ0b2tlbl90eXBlIjoicmVmcmVzaCIsImV4cCI6MTc0MjAyMzc0MSwiaWF0IjoxNzQxNDE4OTQxLCJqdGkiOiIyZjgzZTY0N2U1MTQ0YjkzYmU0ODE4Y2Q5OGE4Y2E4MSIsInVzZXJfaWQiOjEwfQ.wZqgEXTzGjLAE4Mr4fGo4rDjyAWs_fhByxozdCbKEOs','2025-03-08 07:29:01.967985','2025-03-15 07:29:01.000000',10,'2f83e647e5144b93be4818cd98a8ca81'),(356,'eyJhbGciOiJIUzI1NiIsInR5cCI6IkpXVCJ9.eyJ0b2tlbl90eXBlIjoicmVmcmVzaCIsImV4cCI6MTc0MjAxODkyMSwiaWF0IjoxNzQxNDE0MTIxLCJqdGkiOiI2YzhkYTM5Zjc3Mzk0NjljOThjODlkNGRkNzQ3ODU5NCIsInVzZXJfaWQiOjE2fQ.UP8V9U3me55cSh0_c3fgXojWPkSv_dAvG6X1ZtVs0N0',NULL,'2025-03-15 06:08:41.000000',NULL,'6c8da39f7739469c98c89d4dd7478594'),(357,'eyJhbGciOiJIUzI1NiIsInR5cCI6IkpXVCJ9.eyJ0b2tlbl90eXBlIjoicmVmcmVzaCIsImV4cCI6MTc0MjAyNDUzNSwiaWF0IjoxNzQxNDE5NzM1LCJqdGkiOiJhMDdlMDZhMjllZjM0Zjg1YjU3MWNmZjFhMzM2NzQ0NCIsInVzZXJfaWQiOjExfQ.TTWDPBpWSgG-3PjYmMYchtfesLHzu2diO9mJPqlyIRE','2025-03-08 07:42:15.901179','2025-03-15 07:42:15.000000',11,'a07e06a29ef34f85b571cff1a3367444'),(358,'eyJhbGciOiJIUzI1NiIsInR5cCI6IkpXVCJ9.eyJ0b2tlbl90eXBlIjoicmVmcmVzaCIsImV4cCI6MTc0MjAyNDU1MywiaWF0IjoxNzQxNDE5NzUzLCJqdGkiOiJiN2E2ZTdmY2JhYzM0ZTQ3YTgxOTk0ZDQ2ZTljYmIxYiIsInVzZXJfaWQiOjE2fQ.hUN3ks7vInr8XOLcfFckYRHMp1syV9C7LlP1v0ixm0M','2025-03-08 07:42:33.963306','2025-03-15 07:42:33.000000',16,'b7a6e7fcbac34e47a81994d46e9cbb1b'),(359,'eyJhbGciOiJIUzI1NiIsInR5cCI6IkpXVCJ9.eyJ0b2tlbl90eXBlIjoicmVmcmVzaCIsImV4cCI6MTc0MjAyNjk4MCwiaWF0IjoxNzQxNDIyMTgwLCJqdGkiOiI5MDdlMTMzNjg3YmM0NDg4YjI4MjlkY2Y0M2Q0MWJlYSIsInVzZXJfaWQiOjE2fQ.PPSfLxygCpTi0opkOhHf6WW6qJ44JBKJZPL7TYqurSg','2025-03-08 08:23:00.312690','2025-03-15 08:23:00.000000',16,'907e133687bc4488b2829dcf43d41bea'),(360,'eyJhbGciOiJIUzI1NiIsInR5cCI6IkpXVCJ9.eyJ0b2tlbl90eXBlIjoicmVmcmVzaCIsImV4cCI6MTc0MjAyOTk5MCwiaWF0IjoxNzQxNDI1MTkwLCJqdGkiOiJlM2E5ODE4Mzg2NGQ0M2JjYWIwM2NiOTBmNDU4ZDY3OSIsInVzZXJfaWQiOjEwfQ.UGoufBtJKEBmEBQAjoE3B4S7vduM9qb9n83RDDwwtBw','2025-03-08 09:13:10.922677','2025-03-15 09:13:10.000000',10,'e3a98183864d43bcab03cb90f458d679'),(361,'eyJhbGciOiJIUzI1NiIsInR5cCI6IkpXVCJ9.eyJ0b2tlbl90eXBlIjoicmVmcmVzaCIsImV4cCI6MTc0MjAzMDM0OCwiaWF0IjoxNzQxNDI1NTQ4LCJqdGkiOiJmYWUzOTEzMzg1NTA0ZTE1OTc3ODkyZDdkOGRmMGQ1ZCIsInVzZXJfaWQiOjExfQ.W2GXiwkocGpBiEiWymSJRqsLz3J5REvB6B9j9TUql3g','2025-03-08 09:19:08.400226','2025-03-15 09:19:08.000000',11,'fae3913385504e15977892d7d8df0d5d'),(362,'eyJhbGciOiJIUzI1NiIsInR5cCI6IkpXVCJ9.eyJ0b2tlbl90eXBlIjoicmVmcmVzaCIsImV4cCI6MTc0MjAzMTA4NiwiaWF0IjoxNzQxNDI2Mjg2LCJqdGkiOiJiYzZkMjUxYmIwNmY0MmNhOTkyMjdjOWZkMmJlZTdkZiIsInVzZXJfaWQiOjExfQ.FDArFgGBG-Yq7r2bzIrTqEs22Kcnw9zShdcnHlbNfyE','2025-03-08 09:31:26.219719','2025-03-15 09:31:26.000000',11,'bc6d251bb06f42ca99227c9fd2bee7df'),(363,'eyJhbGciOiJIUzI1NiIsInR5cCI6IkpXVCJ9.eyJ0b2tlbl90eXBlIjoicmVmcmVzaCIsImV4cCI6MTc0MjAzMzc1OSwiaWF0IjoxNzQxNDI4OTU5LCJqdGkiOiI1ZDcyOGZlNmRmNWE0OWQxOGNjZjQ3NzA5NTIwNGM1ZiIsInVzZXJfaWQiOjEwfQ.5lXkiYLzldg1XW5Vd0p_Cmtyfyfj98V_6OmCvit1nOo','2025-03-08 10:15:59.889611','2025-03-15 10:15:59.000000',10,'5d728fe6df5a49d18ccf477095204c5f'),(364,'eyJhbGciOiJIUzI1NiIsInR5cCI6IkpXVCJ9.eyJ0b2tlbl90eXBlIjoicmVmcmVzaCIsImV4cCI6MTc0MjAzMzk4NywiaWF0IjoxNzQxNDI5MTg3LCJqdGkiOiI3YWQ5Y2VhYWQzNjg0Nzk4OTk0ZGY4NjhmNDIzNTc4MiIsInVzZXJfaWQiOjExfQ.u-VG33a7d05jSroo_Zj75vUQet6KO1wXc0ZJFLu2f_A','2025-03-08 10:19:47.206820','2025-03-15 10:19:47.000000',11,'7ad9ceaad3684798994df868f4235782'),(365,'eyJhbGciOiJIUzI1NiIsInR5cCI6IkpXVCJ9.eyJ0b2tlbl90eXBlIjoicmVmcmVzaCIsImV4cCI6MTc0MjAzNDIwMiwiaWF0IjoxNzQxNDI5NDAyLCJqdGkiOiJhNTRlODY5YmJiNmI0MWI4OTU5YzY5YjlhN2ZiYmJiZSIsInVzZXJfaWQiOjEwfQ.uU5KDDrJwRTGQlxjzMtjcyZkQyx8h3aNA5icZpYQcv8','2025-03-08 10:23:22.645845','2025-03-15 10:23:22.000000',10,'a54e869bbb6b41b8959c69b9a7fbbbbe'),(366,'eyJhbGciOiJIUzI1NiIsInR5cCI6IkpXVCJ9.eyJ0b2tlbl90eXBlIjoicmVmcmVzaCIsImV4cCI6MTc0MjE4NDcxNywiaWF0IjoxNzQxNTc5OTE3LCJqdGkiOiIwOTA5YmVhMmRiNjY0MTRiOGMwNGJhOTQ3MTM5NDE1YiIsInVzZXJfaWQiOjF9.4G-gSV4GNX1Id0VpUeqHDWetV9tOeeNIbVdel2T9ZS0','2025-03-10 04:11:57.717379','2025-03-17 04:11:57.000000',1,'0909bea2db66414b8c04ba947139415b'),(367,'eyJhbGciOiJIUzI1NiIsInR5cCI6IkpXVCJ9.eyJ0b2tlbl90eXBlIjoicmVmcmVzaCIsImV4cCI6MTc0MjE4NTIwMSwiaWF0IjoxNzQxNTgwNDAxLCJqdGkiOiJmZTRlYTUxZjM4YzA0YmFhYjUyNDNjYzJjMGE5ZmM5MCIsInVzZXJfaWQiOjF9.PbpmXn17tvha850Z41jdZ1HOeFrecapYlm0A5XnmVGU','2025-03-10 04:20:01.283225','2025-03-17 04:20:01.000000',1,'fe4ea51f38c04baab5243cc2c0a9fc90'),(368,'eyJhbGciOiJIUzI1NiIsInR5cCI6IkpXVCJ9.eyJ0b2tlbl90eXBlIjoicmVmcmVzaCIsImV4cCI6MTc0MjE4NTIzMSwiaWF0IjoxNzQxNTgwNDMxLCJqdGkiOiI4NDUzZDlmZGNlNzk0YzhiOWQ3NDY2MWQ5ZDNiZmI1NCIsInVzZXJfaWQiOjF9.0wPW3gLZNYh1jdqSqVI22ogfUlsgWhCLZ7Z68SzmA08','2025-03-10 04:20:31.494799','2025-03-17 04:20:31.000000',1,'8453d9fdce794c8b9d74661d9d3bfb54'),(369,'eyJhbGciOiJIUzI1NiIsInR5cCI6IkpXVCJ9.eyJ0b2tlbl90eXBlIjoicmVmcmVzaCIsImV4cCI6MTc0MjE4NTUyNywiaWF0IjoxNzQxNTgwNzI3LCJqdGkiOiI1ZjQ3ZWVhOWJiYTI0M2I1OTg2MGNmMGRlYmFhMWY4NiIsInVzZXJfaWQiOjExfQ.VOYjVZcxPWNFd4g9S6dFP3yfAjOJrfl8ezN4i8Sy3j0','2025-03-10 04:25:27.110246','2025-03-17 04:25:27.000000',11,'5f47eea9bba243b59860cf0debaa1f86'),(370,'eyJhbGciOiJIUzI1NiIsInR5cCI6IkpXVCJ9.eyJ0b2tlbl90eXBlIjoicmVmcmVzaCIsImV4cCI6MTc0MjE4NTc0MywiaWF0IjoxNzQxNTgwOTQzLCJqdGkiOiI2NzNhZmU0YjU1OGI0OWQ2YTNiNDNiYjU2NjY1MjE5ZiIsInVzZXJfaWQiOjF9.FiV8hYlYFD-d_k7sHUD6pCgCLp6bpROJtV0y5B_8zGg','2025-03-10 04:29:03.680743','2025-03-17 04:29:03.000000',1,'673afe4b558b49d6a3b43bb56665219f'),(371,'eyJhbGciOiJIUzI1NiIsInR5cCI6IkpXVCJ9.eyJ0b2tlbl90eXBlIjoicmVmcmVzaCIsImV4cCI6MTc0MjE4NjAyNywiaWF0IjoxNzQxNTgxMjI3LCJqdGkiOiIzYWNiMDFiYjQ3MDM0ODg5YTQ3YzJiMDdiNmZiZDY5YyIsInVzZXJfaWQiOjEwfQ.4bYpHpGp2cHt_92_2EvG-tzlmvvBjOUT_D9G_duzUb0','2025-03-10 04:33:47.509887','2025-03-17 04:33:47.000000',10,'3acb01bb47034889a47c2b07b6fbd69c'),(372,'eyJhbGciOiJIUzI1NiIsInR5cCI6IkpXVCJ9.eyJ0b2tlbl90eXBlIjoicmVmcmVzaCIsImV4cCI6MTc0MjE4NjYyMCwiaWF0IjoxNzQxNTgxODIwLCJqdGkiOiI0MDg2MGQ2MWJjOGI0YTFkOWExYjBlMjI3NWRmY2FiNyIsInVzZXJfaWQiOjEwfQ.7jMu1ubntMBsIc0CAGqnuNopxGL7GCFJqglNBZdp7F8','2025-03-10 04:43:40.048663','2025-03-17 04:43:40.000000',10,'40860d61bc8b4a1d9a1b0e2275dfcab7'),(373,'eyJhbGciOiJIUzI1NiIsInR5cCI6IkpXVCJ9.eyJ0b2tlbl90eXBlIjoicmVmcmVzaCIsImV4cCI6MTc0MjE4NjY2MywiaWF0IjoxNzQxNTgxODYzLCJqdGkiOiI3YjkzODE2NTc0YTQ0YjIxYTNlODQ4ZTc0OWZlZDgzZSIsInVzZXJfaWQiOjE4fQ.GeYALHI9qEZJpzUBffX0DQeY-_ZDjubZ30SBo3LY73c','2025-03-10 04:44:23.320822','2025-03-17 04:44:23.000000',18,'7b93816574a44b21a3e848e749fed83e'),(374,'eyJhbGciOiJIUzI1NiIsInR5cCI6IkpXVCJ9.eyJ0b2tlbl90eXBlIjoicmVmcmVzaCIsImV4cCI6MTc0MjE4NjcxNywiaWF0IjoxNzQxNTgxOTE3LCJqdGkiOiJlYTY4NGNkNjBiMjE0YjNiODM4NGY0M2U3MTgyMzlmMSIsInVzZXJfaWQiOjExfQ.__NcDW6m5nObBBoc5NFaBJEu6C64_uNxaHgxsFQPHH0','2025-03-10 04:45:17.723459','2025-03-17 04:45:17.000000',11,'ea684cd60b214b3b8384f43e718239f1'),(375,'eyJhbGciOiJIUzI1NiIsInR5cCI6IkpXVCJ9.eyJ0b2tlbl90eXBlIjoicmVmcmVzaCIsImV4cCI6MTc0MjE4Njc0NSwiaWF0IjoxNzQxNTgxOTQ1LCJqdGkiOiI4NTYyZjY0YzA3ODU0YTgxODY5NmJlNDNlZWExMjQyYyIsInVzZXJfaWQiOjEwfQ.qezNqGsGazmhL08oqhE-buYbuSFAoQATm651SYL3Y_4','2025-03-10 04:45:45.428144','2025-03-17 04:45:45.000000',10,'8562f64c07854a818696be43eea1242c'),(376,'eyJhbGciOiJIUzI1NiIsInR5cCI6IkpXVCJ9.eyJ0b2tlbl90eXBlIjoicmVmcmVzaCIsImV4cCI6MTc0MjE4NzAwNywiaWF0IjoxNzQxNTgyMjA3LCJqdGkiOiIwNDUzNzJmMTVhYmM0OWYzYmY1OWQ5M2E4ZWNhMzI3NyIsInVzZXJfaWQiOjExfQ.KwE8y_3n6mvlxKPW5buQ3NBduWqwiDvbqdSr2FY0OXI','2025-03-10 04:50:07.811277','2025-03-17 04:50:07.000000',11,'045372f15abc49f3bf59d93a8eca3277'),(377,'eyJhbGciOiJIUzI1NiIsInR5cCI6IkpXVCJ9.eyJ0b2tlbl90eXBlIjoicmVmcmVzaCIsImV4cCI6MTc0MjE4Nzc3NSwiaWF0IjoxNzQxNTgyOTc1LCJqdGkiOiJkNTFkYTUxOThhNjY0MDU0YjdmYjhkMzZlNDc3ODQ0MSIsInVzZXJfaWQiOjExfQ.vKqQ1ks-ntawzJp5SdHhkHHdHZ-vXVr9EX0BjTkraBo','2025-03-10 05:02:55.508403','2025-03-17 05:02:55.000000',11,'d51da5198a664054b7fb8d36e4778441'),(378,'eyJhbGciOiJIUzI1NiIsInR5cCI6IkpXVCJ9.eyJ0b2tlbl90eXBlIjoicmVmcmVzaCIsImV4cCI6MTc0MjE4NzgzNywiaWF0IjoxNzQxNTgzMDM3LCJqdGkiOiI5YzY1M2U5NmQ0YmU0NjcwOTMyNjI0NGQ2MzY0ZWZlMSIsInVzZXJfaWQiOjE2fQ.ohopLRzTXsA0fOYNXe78szgD0dnbK7lkjJMoHSxlStY','2025-03-10 05:03:57.700782','2025-03-17 05:03:57.000000',16,'9c653e96d4be46709326244d6364efe1'),(379,'eyJhbGciOiJIUzI1NiIsInR5cCI6IkpXVCJ9.eyJ0b2tlbl90eXBlIjoicmVmcmVzaCIsImV4cCI6MTc0MjE4OTE3MiwiaWF0IjoxNzQxNTg0MzcyLCJqdGkiOiI5ODQzZDI3YTdjMzY0ODhmOTkxOGI2YmFiZjY1MDUzOSIsInVzZXJfaWQiOjF9.uGO2ijph4XScySDKPaqZsLVpKzPUop7R-rpgXPrFocY','2025-03-10 05:26:12.340288','2025-03-17 05:26:12.000000',1,'9843d27a7c36488f9918b6babf650539'),(380,'eyJhbGciOiJIUzI1NiIsInR5cCI6IkpXVCJ9.eyJ0b2tlbl90eXBlIjoicmVmcmVzaCIsImV4cCI6MTc0MjIwMTA1MiwiaWF0IjoxNzQxNTk2MjUyLCJqdGkiOiIzODRkYjEzOWFkMGM0NGZhYjA1MDRiMDExMmJhYzA4ZSIsInVzZXJfaWQiOjExfQ.TYx3s_eO8kfaL8fo91RoK7fQPavAY479IV6R0myFXd8','2025-03-10 08:44:12.375184','2025-03-17 08:44:12.000000',11,'384db139ad0c44fab0504b0112bac08e'),(381,'eyJhbGciOiJIUzI1NiIsInR5cCI6IkpXVCJ9.eyJ0b2tlbl90eXBlIjoicmVmcmVzaCIsImV4cCI6MTc0MjIwNDY1MCwiaWF0IjoxNzQxNTk5ODUwLCJqdGkiOiI2MWJiNDhiZWYyZTg0MzA5YjI5NDE2N2M5ZGJhMDRiZSIsInVzZXJfaWQiOjF9.FcYLIqFzulMVprgKaOJg7qLaVan92zvZdv5sYJDsYVw','2025-03-10 09:44:10.026880','2025-03-17 09:44:10.000000',1,'61bb48bef2e84309b294167c9dba04be'),(382,'eyJhbGciOiJIUzI1NiIsInR5cCI6IkpXVCJ9.eyJ0b2tlbl90eXBlIjoicmVmcmVzaCIsImV4cCI6MTc0MjIwNDcyNSwiaWF0IjoxNzQxNTk5OTI1LCJqdGkiOiJkZWJmODQxYTA1YjA0N2E3OGNhOTVmZDkzYTU5MDQ3MCIsInVzZXJfaWQiOjExfQ.KfMZNjhuhquCMu9A_h4nVHgIl7pJG4DmAwlmoarp0Ww','2025-03-10 09:45:25.010343','2025-03-17 09:45:25.000000',11,'debf841a05b047a78ca95fd93a590470'),(383,'eyJhbGciOiJIUzI1NiIsInR5cCI6IkpXVCJ9.eyJ0b2tlbl90eXBlIjoicmVmcmVzaCIsImV4cCI6MTc0MjIwNDczNywiaWF0IjoxNzQxNTk5OTM3LCJqdGkiOiIwODM2OTJjYjRjNjM0NDlkYjdhNjJhMjdiZjcyZDRiMSIsInVzZXJfaWQiOjEwfQ.bP6Il6hfLNSgqjvuTMe5G_s0iydGoiNE1k9u35kCWh4','2025-03-10 09:45:37.305439','2025-03-17 09:45:37.000000',10,'083692cb4c63449db7a62a27bf72d4b1'),(384,'eyJhbGciOiJIUzI1NiIsInR5cCI6IkpXVCJ9.eyJ0b2tlbl90eXBlIjoicmVmcmVzaCIsImV4cCI6MTc0MjIwNTM1MSwiaWF0IjoxNzQxNjAwNTUxLCJqdGkiOiIxMjNhZmQzNTcwZjQ0NDhiOThlMGQ4MzJiNmY3MzZiYSIsInVzZXJfaWQiOjExfQ.MHbmUVMKpVIKIg_7LMneqI8w-vykg4I05UXCUxy7aB8','2025-03-10 09:55:51.486234','2025-03-17 09:55:51.000000',11,'123afd3570f4448b98e0d832b6f736ba'),(385,'eyJhbGciOiJIUzI1NiIsInR5cCI6IkpXVCJ9.eyJ0b2tlbl90eXBlIjoicmVmcmVzaCIsImV4cCI6MTc0MjIwNTczMiwiaWF0IjoxNzQxNjAwOTMyLCJqdGkiOiIyODljODhjNWE1YjY0MTM0OGY0Y2IxOGY0YWM0YzNhMiIsInVzZXJfaWQiOjEwfQ.JG7rM8ofL4pe0Q9cQRRtVhDuqcFdAxxHG-6vVAvQYLA','2025-03-10 10:02:12.683086','2025-03-17 10:02:12.000000',10,'289c88c5a5b641348f4cb18f4ac4c3a2'),(386,'eyJhbGciOiJIUzI1NiIsInR5cCI6IkpXVCJ9.eyJ0b2tlbl90eXBlIjoicmVmcmVzaCIsImV4cCI6MTc0MjIwNzMyMiwiaWF0IjoxNzQxNjAyNTIyLCJqdGkiOiI2NjQxMWYzYWMwMmU0OWU0OWQ4YzUyNzYyOGIxNmY0NSIsInVzZXJfaWQiOjF9.0H9pp_VYxJKuihDPvYxzjljxGaMffKYvUDG8akGc-F8','2025-03-10 10:28:42.544579','2025-03-17 10:28:42.000000',1,'66411f3ac02e49e49d8c527628b16f45'),(387,'eyJhbGciOiJIUzI1NiIsInR5cCI6IkpXVCJ9.eyJ0b2tlbl90eXBlIjoicmVmcmVzaCIsImV4cCI6MTc0MjIxNjExMCwiaWF0IjoxNzQxNjExMzEwLCJqdGkiOiI1YWUzMzI0YzcyYmU0MjhmOWYwZDg2MTU2ODhjOGY0OSIsInVzZXJfaWQiOjExfQ.0XZGDjvtmadArnMju4AcFg8B2wV1HifZDBoW7uq657I','2025-03-10 12:55:10.184186','2025-03-17 12:55:10.000000',11,'5ae3324c72be428f9f0d8615688c8f49'),(388,'eyJhbGciOiJIUzI1NiIsInR5cCI6IkpXVCJ9.eyJ0b2tlbl90eXBlIjoicmVmcmVzaCIsImV4cCI6MTc0MjIxNjEzNywiaWF0IjoxNzQxNjExMzM3LCJqdGkiOiJlZDhhNGM0ZjgxZTc0Nzc3OTJmYWEzY2M4N2RiN2Y5MSIsInVzZXJfaWQiOjEwfQ.EQKEv86gQj5873jjnTmgTM7-qZ0UA1p3LA3eRKJMpXM','2025-03-10 12:55:37.289077','2025-03-17 12:55:37.000000',10,'ed8a4c4f81e7477792faa3cc87db7f91'),(389,'eyJhbGciOiJIUzI1NiIsInR5cCI6IkpXVCJ9.eyJ0b2tlbl90eXBlIjoicmVmcmVzaCIsImV4cCI6MTc0MjIxNjc3MSwiaWF0IjoxNzQxNjExOTcxLCJqdGkiOiIzOTVmNTY0NDZjNjk0ZmE4ODgxZGMyN2JjM2U5MTlkNSIsInVzZXJfaWQiOjE2fQ.t7QKHbwvQLf2G2YFKgsgrl6FTEiAm9JdHX8psZ3wuKs','2025-03-10 13:06:11.934703','2025-03-17 13:06:11.000000',16,'395f56446c694fa8881dc27bc3e919d5'),(390,'eyJhbGciOiJIUzI1NiIsInR5cCI6IkpXVCJ9.eyJ0b2tlbl90eXBlIjoicmVmcmVzaCIsImV4cCI6MTc0MjIxNjgwMCwiaWF0IjoxNzQxNjEyMDAwLCJqdGkiOiI4MTYwMTFkYThhYWY0YjQwYmNjMmYyYzJkZGIwOWM1MCIsInVzZXJfaWQiOjEwfQ.tP4gyLwF2kLaW0b4P3uEak77trS3E89ZCUA7HJGYQYM','2025-03-10 13:06:40.244220','2025-03-17 13:06:40.000000',10,'816011da8aaf4b40bcc2f2c2ddb09c50'),(391,'eyJhbGciOiJIUzI1NiIsInR5cCI6IkpXVCJ9.eyJ0b2tlbl90eXBlIjoicmVmcmVzaCIsImV4cCI6MTc0MjIxNjg0OSwiaWF0IjoxNzQxNjEyMDQ5LCJqdGkiOiIxMTYzNWQ4OTA1OTY0ZDc5ODQ3Y2MyOTk0MTdhYTBkMyIsInVzZXJfaWQiOjE2fQ.FxPfFR_vEFNdbRZZY7DhZWj0mbSu7bDDYIMxCKqp_-0','2025-03-10 13:07:29.485578','2025-03-17 13:07:29.000000',16,'11635d8905964d79847cc299417aa0d3'),(392,'eyJhbGciOiJIUzI1NiIsInR5cCI6IkpXVCJ9.eyJ0b2tlbl90eXBlIjoicmVmcmVzaCIsImV4cCI6MTc0MjIxNzA1NSwiaWF0IjoxNzQxNjEyMjU1LCJqdGkiOiI5NzQ0ZjAyZWE2ZGM0MTI0OWEyMmU1N2E0NmNmZWYzMCIsInVzZXJfaWQiOjEwfQ.16dQdqOUFlajZvWufvgpbsNajMGehBye_nYiUVQ5QvU','2025-03-10 13:10:55.233015','2025-03-17 13:10:55.000000',10,'9744f02ea6dc41249a22e57a46cfef30'),(393,'eyJhbGciOiJIUzI1NiIsInR5cCI6IkpXVCJ9.eyJ0b2tlbl90eXBlIjoicmVmcmVzaCIsImV4cCI6MTc0MjI3MTYwNCwiaWF0IjoxNzQxNjY2ODA0LCJqdGkiOiI2Y2UzMjJhNzBiYWU0NTY3YTQ5OGZkMzk1N2JiODJlZCIsInVzZXJfaWQiOjEwfQ.BQ7bE1XRbd_GDdwcFQzjcuxfCs7jxA_dMEM8HOcp570','2025-03-11 04:20:04.237718','2025-03-18 04:20:04.000000',10,'6ce322a70bae4567a498fd3957bb82ed'),(394,'eyJhbGciOiJIUzI1NiIsInR5cCI6IkpXVCJ9.eyJ0b2tlbl90eXBlIjoicmVmcmVzaCIsImV4cCI6MTc0MjI3MTY1MiwiaWF0IjoxNzQxNjY2ODUyLCJqdGkiOiI1M2UwZTU5MGIyODU0OTA0YTM3ZTQ3OTE4YmU3ZWE0ZiIsInVzZXJfaWQiOjExfQ.VbHR3lYew1JBqC-0sMvVK8ctbTtRBaTunIF2FN0DetY','2025-03-11 04:20:52.001677','2025-03-18 04:20:52.000000',11,'53e0e590b2854904a37e47918be7ea4f'),(395,'eyJhbGciOiJIUzI1NiIsInR5cCI6IkpXVCJ9.eyJ0b2tlbl90eXBlIjoicmVmcmVzaCIsImV4cCI6MTc0MjI3MTUwMiwiaWF0IjoxNzQxNjY2NzAyLCJqdGkiOiJhYWUyOGY1ZmExMzA0MGJjOGFjZjYzOGMzOTY5YzY1YSIsInVzZXJfaWQiOjF9.TnEOhmaeHaW0dxaud-qY2Tw2K9weGJjWxwXvjX55MM8',NULL,'2025-03-18 04:18:22.000000',NULL,'aae28f5fa13040bc8acf638c3969c65a'),(396,'eyJhbGciOiJIUzI1NiIsInR5cCI6IkpXVCJ9.eyJ0b2tlbl90eXBlIjoicmVmcmVzaCIsImV4cCI6MTc0MjI3MjEzMSwiaWF0IjoxNzQxNjY3MzMxLCJqdGkiOiI4OGZkYTcxNzhmNzY0MGMzODI2NWRiODE0OWYzMjBiZiIsInVzZXJfaWQiOjEwfQ.uvoj3UiLyb32r0q3H2cJvUEoSu3qrwYGeGtQWCosHqU','2025-03-11 04:28:51.401749','2025-03-18 04:28:51.000000',10,'88fda7178f7640c38265db8149f320bf'),(397,'eyJhbGciOiJIUzI1NiIsInR5cCI6IkpXVCJ9.eyJ0b2tlbl90eXBlIjoicmVmcmVzaCIsImV4cCI6MTc0MjI3MjQ5NywiaWF0IjoxNzQxNjY3Njk3LCJqdGkiOiJiZjdlZGRmZjVmNmY0ODE1ODg5N2RmYTcwYTY3NjA4MiIsInVzZXJfaWQiOjEwfQ.92tIe5z-HSnOJ5uWphB7ntwJB0ixGTwypgQcz0FIbfY','2025-03-11 04:34:57.977891','2025-03-18 04:34:57.000000',10,'bf7eddff5f6f48158897dfa70a676082'),(398,'eyJhbGciOiJIUzI1NiIsInR5cCI6IkpXVCJ9.eyJ0b2tlbl90eXBlIjoicmVmcmVzaCIsImV4cCI6MTc0MjI3NDYzNywiaWF0IjoxNzQxNjY5ODM3LCJqdGkiOiI4ZDkzYTJkNWQzZWU0OGJjOTg5ZTNlMzRmM2ZiZDljMCIsInVzZXJfaWQiOjE4fQ.998k78iEb2iVqJ96U4HMM1djIU37vwYnXB431dzVp9Y','2025-03-11 05:10:37.953092','2025-03-18 05:10:37.000000',18,'8d93a2d5d3ee48bc989e3e34f3fbd9c0'),(399,'eyJhbGciOiJIUzI1NiIsInR5cCI6IkpXVCJ9.eyJ0b2tlbl90eXBlIjoicmVmcmVzaCIsImV4cCI6MTc0MjI3NTg5MiwiaWF0IjoxNzQxNjcxMDkyLCJqdGkiOiI4ZTBkMDE0ZWZlYzM0YTVjOTIxOWQ5YWNiNTllOTMwZiIsInVzZXJfaWQiOjEwfQ.S6Q7Apw8niWt176Arxzgw3b32Ps9Gjg2Z4r3p7AkUqs','2025-03-11 05:31:32.513270','2025-03-18 05:31:32.000000',10,'8e0d014efec34a5c9219d9acb59e930f'),(400,'eyJhbGciOiJIUzI1NiIsInR5cCI6IkpXVCJ9.eyJ0b2tlbl90eXBlIjoicmVmcmVzaCIsImV4cCI6MTc0MjI3NjEwNywiaWF0IjoxNzQxNjcxMzA3LCJqdGkiOiIxNTdlN2E0MmMzYjY0YTA1OGZmYzBkMWMwNTUwNjc2YiIsInVzZXJfaWQiOjE4fQ.P8GMeKG-VlE1h-LK9nlJ0wfo2B16FTqDaBrhIFyjUUY','2025-03-11 05:35:07.569213','2025-03-18 05:35:07.000000',18,'157e7a42c3b64a058ffc0d1c0550676b'),(401,'eyJhbGciOiJIUzI1NiIsInR5cCI6IkpXVCJ9.eyJ0b2tlbl90eXBlIjoicmVmcmVzaCIsImV4cCI6MTc0MjI4MTk0MiwiaWF0IjoxNzQxNjc3MTQyLCJqdGkiOiJhZGUzMWRhMWI1N2Y0MWUxOTc3Y2JkYTlhMDdmNmIyZCIsInVzZXJfaWQiOjEwfQ.MeZgumslIjIMsw6mW-s021zkCMcdCw2UKaBw2okO2jg','2025-03-11 07:12:22.945495','2025-03-18 07:12:22.000000',10,'ade31da1b57f41e1977cbda9a07f6b2d'),(402,'eyJhbGciOiJIUzI1NiIsInR5cCI6IkpXVCJ9.eyJ0b2tlbl90eXBlIjoicmVmcmVzaCIsImV4cCI6MTc0MjI4MjAyMCwiaWF0IjoxNzQxNjc3MjIwLCJqdGkiOiI0ZWVjMWRiZjBlOWI0ZWUxYTA5ZDkwYzY1YThmZWQ1NSIsInVzZXJfaWQiOjE2fQ.iR0LjMG9Yl-Xc9IWG5_9b3XC74jEGUpNj6AC_3H4bZc','2025-03-11 07:13:40.602947','2025-03-18 07:13:40.000000',16,'4eec1dbf0e9b4ee1a09d90c65a8fed55'),(403,'eyJhbGciOiJIUzI1NiIsInR5cCI6IkpXVCJ9.eyJ0b2tlbl90eXBlIjoicmVmcmVzaCIsImV4cCI6MTc0MjI4MjA3NCwiaWF0IjoxNzQxNjc3Mjc0LCJqdGkiOiIxZWU0YTUxNDQ0Mjg0MjYxOGM1ZDM3NGMxY2JkNTllYyIsInVzZXJfaWQiOjEwfQ.jF3kqOyUfpYVX_Bjqmw2vz9UXOkE2XQvmQteH42bIHQ','2025-03-11 07:14:34.107944','2025-03-18 07:14:34.000000',10,'1ee4a514442842618c5d374c1cbd59ec'),(404,'eyJhbGciOiJIUzI1NiIsInR5cCI6IkpXVCJ9.eyJ0b2tlbl90eXBlIjoicmVmcmVzaCIsImV4cCI6MTc0MjI4ODM0MSwiaWF0IjoxNzQxNjgzNTQxLCJqdGkiOiIxMmJkZTgwOGE4Yjk0NTRmOTBkNGRkNjAwNTUxYTYyNSIsInVzZXJfaWQiOjF9.iVwdCuoPoQkseRBoIhMhvZHC0MBgu_U2u2XIKxQsOE4','2025-03-11 08:59:01.513260','2025-03-18 08:59:01.000000',1,'12bde808a8b9454f90d4dd600551a625'),(405,'eyJhbGciOiJIUzI1NiIsInR5cCI6IkpXVCJ9.eyJ0b2tlbl90eXBlIjoicmVmcmVzaCIsImV4cCI6MTc0MjI4ODYzNiwiaWF0IjoxNzQxNjgzODM2LCJqdGkiOiI1YjJhYWMxYWI1MGU0OTA0YjIxZmE0YjYyNDU1Y2ZkMCIsInVzZXJfaWQiOjExfQ.Vt8j5daUdCv_XwhvkYMSmCGYLWg4RegERReF39-HSWU','2025-03-11 09:03:56.058796','2025-03-18 09:03:56.000000',11,'5b2aac1ab50e4904b21fa4b62455cfd0'),(406,'eyJhbGciOiJIUzI1NiIsInR5cCI6IkpXVCJ9.eyJ0b2tlbl90eXBlIjoicmVmcmVzaCIsImV4cCI6MTc0MjI4OTcwNSwiaWF0IjoxNzQxNjg0OTA1LCJqdGkiOiIyYmRlYTcxMmE0NDg0MTFjOTNjZTE0OGY4OTA1MTQ4YSIsInVzZXJfaWQiOjF9.8PBsTFThp385w8Epb3B6wASITvQoW8nwOaM0AoH5KQw','2025-03-11 09:21:45.396740','2025-03-18 09:21:45.000000',1,'2bdea712a448411c93ce148f8905148a'),(407,'eyJhbGciOiJIUzI1NiIsInR5cCI6IkpXVCJ9.eyJ0b2tlbl90eXBlIjoicmVmcmVzaCIsImV4cCI6MTc0MjI5MTU1OSwiaWF0IjoxNzQxNjg2NzU5LCJqdGkiOiI5ODhlNmQwOGE0YmQ0ZGEzYjczOWM3NTA5NGZhZDk0ZiIsInVzZXJfaWQiOjEwfQ.2k_3xs7kxozDW9kbWA0ZBMizlG727q0pIcA13JapoMA','2025-03-11 09:52:39.708783','2025-03-18 09:52:39.000000',10,'988e6d08a4bd4da3b739c75094fad94f'),(408,'eyJhbGciOiJIUzI1NiIsInR5cCI6IkpXVCJ9.eyJ0b2tlbl90eXBlIjoicmVmcmVzaCIsImV4cCI6MTc0MjI5MTYyMywiaWF0IjoxNzQxNjg2ODIzLCJqdGkiOiJiZjUwOWM4Y2FmNDM0MjkwOGI5YTU5NzA5MjBkODYzOCIsInVzZXJfaWQiOjExfQ.W6291bvqP86yBXTzxvdriTvu_Qz8DX0Dq_M3XH9n9yQ','2025-03-11 09:53:43.151876','2025-03-18 09:53:43.000000',11,'bf509c8caf4342908b9a5970920d8638'),(409,'eyJhbGciOiJIUzI1NiIsInR5cCI6IkpXVCJ9.eyJ0b2tlbl90eXBlIjoicmVmcmVzaCIsImV4cCI6MTc0MjMwMDEyNCwiaWF0IjoxNzQxNjk1MzI0LCJqdGkiOiJiZTkzNTRhMjYzZmI0Njk1OWRkN2RjNWYxZTg4NGE2YSIsInVzZXJfaWQiOjF9.vKJDqTjrxIjLCP65cv1QXzSGHymzFK0PEziZrAwl940','2025-03-11 12:15:24.954823','2025-03-18 12:15:24.000000',1,'be9354a263fb46959dd7dc5f1e884a6a'),(410,'eyJhbGciOiJIUzI1NiIsInR5cCI6IkpXVCJ9.eyJ0b2tlbl90eXBlIjoicmVmcmVzaCIsImV4cCI6MTc0MjM2MjAzMiwiaWF0IjoxNzQxNzU3MjMyLCJqdGkiOiI5NDNmOTRlY2JjOWI0NjdkOTQ1NWI2Y2UzYjQxYTQxYSIsInVzZXJfaWQiOjF9.OPCP2VLnscz8cyjo78EYE03b1N-73m-eNJjcqU3de4E','2025-03-12 05:27:12.681885','2025-03-19 05:27:12.000000',1,'943f94ecbc9b467d9455b6ce3b41a41a'),(411,'eyJhbGciOiJIUzI1NiIsInR5cCI6IkpXVCJ9.eyJ0b2tlbl90eXBlIjoicmVmcmVzaCIsImV4cCI6MTc0MjM2MjE1MiwiaWF0IjoxNzQxNzU3MzUyLCJqdGkiOiJlNmI1MGNlZDk2YWI0ZDM0OGNkZDdlNGQxZDA3YmE5OCIsInVzZXJfaWQiOjEwfQ._-H94UUmydnI4kBUkMpAbNFdmqAjVpCSSqRtE5MO870','2025-03-12 05:29:12.222712','2025-03-19 05:29:12.000000',10,'e6b50ced96ab4d348cdd7e4d1d07ba98'),(412,'eyJhbGciOiJIUzI1NiIsInR5cCI6IkpXVCJ9.eyJ0b2tlbl90eXBlIjoicmVmcmVzaCIsImV4cCI6MTc0MjM2MjIwNywiaWF0IjoxNzQxNzU3NDA3LCJqdGkiOiI5YmNiOTllZjc4NTE0ZDMxOWI4MWRlNzY0NTg1MmE1OSIsInVzZXJfaWQiOjE2fQ.R1VXM3QqlRhlZWQHnXfWafgoWFhCFwLnGA1cZdXdZpM','2025-03-12 05:30:07.019648','2025-03-19 05:30:07.000000',16,'9bcb99ef78514d319b81de7645852a59'),(413,'eyJhbGciOiJIUzI1NiIsInR5cCI6IkpXVCJ9.eyJ0b2tlbl90eXBlIjoicmVmcmVzaCIsImV4cCI6MTc0MjM2MjIzNiwiaWF0IjoxNzQxNzU3NDM2LCJqdGkiOiI5YTc2NWUzYjQ0NzE0ZTllOWZiYzgzNzllNzM3MmUzYiIsInVzZXJfaWQiOjF9.HL19QIZzVNZTlNWATaa2R70Mu5y6bzWk4l7Sj3ezDxM','2025-03-12 05:30:36.678283','2025-03-19 05:30:36.000000',1,'9a765e3b44714e9e9fbc8379e7372e3b'),(414,'eyJhbGciOiJIUzI1NiIsInR5cCI6IkpXVCJ9.eyJ0b2tlbl90eXBlIjoicmVmcmVzaCIsImV4cCI6MTc0MjM2MjMxOCwiaWF0IjoxNzQxNzU3NTE4LCJqdGkiOiJmODkxMzM4N2NlMzc0Y2ZlODdmYjkwYzVmMTY1MTcyMyIsInVzZXJfaWQiOjE2fQ.dov9xIJZ2yzTu5NkssXq27-CLDOY4LeEbS092VKoPag','2025-03-12 05:31:58.657494','2025-03-19 05:31:58.000000',16,'f8913387ce374cfe87fb90c5f1651723'),(415,'eyJhbGciOiJIUzI1NiIsInR5cCI6IkpXVCJ9.eyJ0b2tlbl90eXBlIjoicmVmcmVzaCIsImV4cCI6MTc0MjM2MjU5MywiaWF0IjoxNzQxNzU3NzkzLCJqdGkiOiJmNGYxMjgzOTNmNTA0ZjE1ODFiYzcyN2JkYjNmNjY2NiIsInVzZXJfaWQiOjF9.6uzsSN6QDz3oiMNi98yuprVYRKJkmX3g5cnK6pSOzRk','2025-03-12 05:36:33.658134','2025-03-19 05:36:33.000000',1,'f4f128393f504f1581bc727bdb3f6666'),(416,'eyJhbGciOiJIUzI1NiIsInR5cCI6IkpXVCJ9.eyJ0b2tlbl90eXBlIjoicmVmcmVzaCIsImV4cCI6MTc0MjM2Mjg1MywiaWF0IjoxNzQxNzU4MDUzLCJqdGkiOiIxOTI3NDdkMDNkY2M0OTkwYmE2YzJmY2JiZGRjM2RiYSIsInVzZXJfaWQiOjF9.y3DI3ck3EWwK19mfCavDPbu1UXkOnxcAIcVevxUhLk4','2025-03-12 05:40:53.791907','2025-03-19 05:40:53.000000',1,'192747d03dcc4990ba6c2fcbbddc3dba'),(417,'eyJhbGciOiJIUzI1NiIsInR5cCI6IkpXVCJ9.eyJ0b2tlbl90eXBlIjoicmVmcmVzaCIsImV4cCI6MTc0MjM2MzE3OCwiaWF0IjoxNzQxNzU4Mzc4LCJqdGkiOiI2MmMyNjc0ZDJiZDI0NzY2ODMyYzExZGJmYWRiYWM5OSIsInVzZXJfaWQiOjExfQ.Xti5gkdC-S42qo6-E0WnxUYTuZBHcyf6bdt_B4Gtlt4','2025-03-12 05:46:18.477953','2025-03-19 05:46:18.000000',11,'62c2674d2bd24766832c11dbfadbac99'),(418,'eyJhbGciOiJIUzI1NiIsInR5cCI6IkpXVCJ9.eyJ0b2tlbl90eXBlIjoicmVmcmVzaCIsImV4cCI6MTc0MjM2MzI4MywiaWF0IjoxNzQxNzU4NDgzLCJqdGkiOiJhODU5Y2FkZWE0ODQ0MzRhYTlkYWNhMzVhZGQ0YTk2NCIsInVzZXJfaWQiOjF9.q2gKJE7UnEekROnAY5buN2vy2l_axhKs4xnUtPgJ0PY','2025-03-12 05:48:03.514288','2025-03-19 05:48:03.000000',1,'a859cadea484434aa9daca35add4a964'),(419,'eyJhbGciOiJIUzI1NiIsInR5cCI6IkpXVCJ9.eyJ0b2tlbl90eXBlIjoicmVmcmVzaCIsImV4cCI6MTc0MjM2MzU0OCwiaWF0IjoxNzQxNzU4NzQ4LCJqdGkiOiJjM2IwMTc0ZTJlMGM0NTg5OTBhYjk4ODY0NGEwMDllZiIsInVzZXJfaWQiOjEwfQ.ZdPCWnEoEIrmkxoH-E5Ca8ogI1lvWdzstGuPCkKX8HE','2025-03-12 05:52:28.699609','2025-03-19 05:52:28.000000',10,'c3b0174e2e0c458990ab988644a009ef'),(420,'eyJhbGciOiJIUzI1NiIsInR5cCI6IkpXVCJ9.eyJ0b2tlbl90eXBlIjoicmVmcmVzaCIsImV4cCI6MTc0MjM2NDg5MywiaWF0IjoxNzQxNzYwMDkzLCJqdGkiOiJiY2Q1YWQ3Y2NkOWU0MjBiOWE1MmRiMzA1ODg2OWM2OCIsInVzZXJfaWQiOjExfQ.V2ELMartXIqMtcxtsK-S1GtQl2EQ9JsOKkwL1KgDsm4','2025-03-12 06:14:53.861880','2025-03-19 06:14:53.000000',11,'bcd5ad7ccd9e420b9a52db3058869c68'),(421,'eyJhbGciOiJIUzI1NiIsInR5cCI6IkpXVCJ9.eyJ0b2tlbl90eXBlIjoicmVmcmVzaCIsImV4cCI6MTc0MjM2NDk4MSwiaWF0IjoxNzQxNzYwMTgxLCJqdGkiOiJlMzdkMzNhODc2ODY0MjgxYjkwMDA2YjRiMDU1ZmU5YSIsInVzZXJfaWQiOjEwfQ.8-Xmjzv8PXQvnYmHhsr_j4jyfo4U5DbNdnOo6eIAKFI','2025-03-12 06:16:21.375418','2025-03-19 06:16:21.000000',10,'e37d33a876864281b90006b4b055fe9a'),(422,'eyJhbGciOiJIUzI1NiIsInR5cCI6IkpXVCJ9.eyJ0b2tlbl90eXBlIjoicmVmcmVzaCIsImV4cCI6MTc0MjM2NTE3MCwiaWF0IjoxNzQxNzYwMzcwLCJqdGkiOiI4YjUxODVhYzIxZGY0MjliYmUxNjMyZWM4Y2U4NjhhYyIsInVzZXJfaWQiOjEyfQ.wVwt-RqgtRORNlgbmnNmh9vpOhP-ffHikDHHEQ9nKQc','2025-03-12 06:19:30.482172','2025-03-19 06:19:30.000000',12,'8b5185ac21df429bbe1632ec8ce868ac'),(423,'eyJhbGciOiJIUzI1NiIsInR5cCI6IkpXVCJ9.eyJ0b2tlbl90eXBlIjoicmVmcmVzaCIsImV4cCI6MTc0MjM2NTI1MiwiaWF0IjoxNzQxNzYwNDUyLCJqdGkiOiJiZmQyNzMzNWU5Njk0N2IxOGQ0OWQ3NzFkMjI2YTgwMyIsInVzZXJfaWQiOjF9.tOLunUTjGCkJgEwbeu5cCQzdIBdMsaX4RV78Y24oy-Q','2025-03-12 06:20:52.633542','2025-03-19 06:20:52.000000',1,'bfd27335e96947b18d49d771d226a803'),(424,'eyJhbGciOiJIUzI1NiIsInR5cCI6IkpXVCJ9.eyJ0b2tlbl90eXBlIjoicmVmcmVzaCIsImV4cCI6MTc0MjM2NTQxMywiaWF0IjoxNzQxNzYwNjEzLCJqdGkiOiI2OTgxYjIzMGQ3MjY0Nzk3OTRhMzVlMTA0ODA1M2MxYyIsInVzZXJfaWQiOjEwfQ.wKlRc6tvxiqmfRmNPh9N7-7yFrvHDomP0muM2hjn_rI','2025-03-12 06:23:33.214156','2025-03-19 06:23:33.000000',10,'6981b230d726479794a35e1048053c1c'),(425,'eyJhbGciOiJIUzI1NiIsInR5cCI6IkpXVCJ9.eyJ0b2tlbl90eXBlIjoicmVmcmVzaCIsImV4cCI6MTc0MjM2NTUxNywiaWF0IjoxNzQxNzYwNzE3LCJqdGkiOiJmYTc2Mzg4OGRiMmQ0OTg5ODZmOTlkNmQ4YTMyMzEzMiIsInVzZXJfaWQiOjExfQ.54IU4qEE2Z-K32L7KdYWl-eU3tj_1VAz6_KDGF-hbNQ','2025-03-12 06:25:17.224504','2025-03-19 06:25:17.000000',11,'fa763888db2d498986f99d6d8a323132'),(426,'eyJhbGciOiJIUzI1NiIsInR5cCI6IkpXVCJ9.eyJ0b2tlbl90eXBlIjoicmVmcmVzaCIsImV4cCI6MTc0MjM2NTY1NSwiaWF0IjoxNzQxNzYwODU1LCJqdGkiOiIzMmY2OTQ1NTkzNmE0MDc5YmE4ZTNlNmI4NGI3ZWVmZiIsInVzZXJfaWQiOjF9.ibXxiCQEZJPyJ63bGUljbH6-ivnimVijLMrmnchqd_s','2025-03-12 06:27:35.628180','2025-03-19 06:27:35.000000',1,'32f69455936a4079ba8e3e6b84b7eeff'),(427,'eyJhbGciOiJIUzI1NiIsInR5cCI6IkpXVCJ9.eyJ0b2tlbl90eXBlIjoicmVmcmVzaCIsImV4cCI6MTc0MjM2NjExOSwiaWF0IjoxNzQxNzYxMzE5LCJqdGkiOiI2NmE3MjY0Yjg0YTU0YzUyOTNhMmU1YTY5MjNkMmQzZiIsInVzZXJfaWQiOjF9.a9pMvoWzLUKd0oOaUJLS3twXr2S8yGwaBdTnPh_30g0','2025-03-12 06:35:19.729573','2025-03-19 06:35:19.000000',1,'66a7264b84a54c5293a2e5a6923d2d3f'),(428,'eyJhbGciOiJIUzI1NiIsInR5cCI6IkpXVCJ9.eyJ0b2tlbl90eXBlIjoicmVmcmVzaCIsImV4cCI6MTc0MjM2NjIxNCwiaWF0IjoxNzQxNzYxNDE0LCJqdGkiOiI0YTM2NWNiYmU4YTE0ODY4YWNkZjVjYjUxNTNlZTc0ZSIsInVzZXJfaWQiOjE2fQ.vdpEPOdb_IG5a2cqsUJnJ4EFUiTBxfiLhbJ61K7yLtg','2025-03-12 06:36:54.736280','2025-03-19 06:36:54.000000',16,'4a365cbbe8a14868acdf5cb5153ee74e'),(429,'eyJhbGciOiJIUzI1NiIsInR5cCI6IkpXVCJ9.eyJ0b2tlbl90eXBlIjoicmVmcmVzaCIsImV4cCI6MTc0MjM2NjMxNywiaWF0IjoxNzQxNzYxNTE3LCJqdGkiOiJhZmMwMmEzODY2Yjk0ODAxOTY1OTQxOGM2NTczN2YwMCIsInVzZXJfaWQiOjExfQ.AmDC6UdeSdRmLThpbjbcw1ndVRpgrsd-pUzkTJSMgLg','2025-03-12 06:38:37.189841','2025-03-19 06:38:37.000000',11,'afc02a3866b948019659418c65737f00'),(430,'eyJhbGciOiJIUzI1NiIsInR5cCI6IkpXVCJ9.eyJ0b2tlbl90eXBlIjoicmVmcmVzaCIsImV4cCI6MTc0MjM2NjM4NywiaWF0IjoxNzQxNzYxNTg3LCJqdGkiOiI0ZGU1N2JlOWY5YzU0Yjg2YTkxMmQ4ZDJjNjgzNDM5NyIsInVzZXJfaWQiOjExfQ.rg7sM-9r4scL2623gYhxFhUKl6woST-FhXdeQIRxlz8','2025-03-12 06:39:47.602502','2025-03-19 06:39:47.000000',11,'4de57be9f9c54b86a912d8d2c6834397'),(431,'eyJhbGciOiJIUzI1NiIsInR5cCI6IkpXVCJ9.eyJ0b2tlbl90eXBlIjoicmVmcmVzaCIsImV4cCI6MTc0MjM2NjY0OSwiaWF0IjoxNzQxNzYxODQ5LCJqdGkiOiIxZmQ5YWZiZjZjNzQ0ZGE2ODQ3MjZmM2YwNTQ4ODVjMSIsInVzZXJfaWQiOjF9.79ElKn9Tuq7RkOsD9yIgiDMBkRUdT-mhBhRLpDAVCr4','2025-03-12 06:44:09.745481','2025-03-19 06:44:09.000000',1,'1fd9afbf6c744da684726f3f054885c1'),(432,'eyJhbGciOiJIUzI1NiIsInR5cCI6IkpXVCJ9.eyJ0b2tlbl90eXBlIjoicmVmcmVzaCIsImV4cCI6MTc0MjM2NjcxOSwiaWF0IjoxNzQxNzYxOTE5LCJqdGkiOiJjOGJhZGRiYjJiYjk0MDM4YTUyZDU3YWFmNDVkODYyOCIsInVzZXJfaWQiOjE2fQ.byI5CtECFTupZzfiWpibBPIDbQvdGB5Rz_1vgwPt5NQ','2025-03-12 06:45:19.470696','2025-03-19 06:45:19.000000',16,'c8baddbb2bb94038a52d57aaf45d8628'),(433,'eyJhbGciOiJIUzI1NiIsInR5cCI6IkpXVCJ9.eyJ0b2tlbl90eXBlIjoicmVmcmVzaCIsImV4cCI6MTc0MjM2Njg1NywiaWF0IjoxNzQxNzYyMDU3LCJqdGkiOiJiZDIxMTQ4NzE4YmI0NDRhOTA3ZDdhZjExMDBjZTFkNiIsInVzZXJfaWQiOjExfQ.OknvATvGUC-_gqJUZSAQmCuxIk0y7eKmPXmcA7uulz8','2025-03-12 06:47:37.707612','2025-03-19 06:47:37.000000',11,'bd21148718bb444a907d7af1100ce1d6'),(434,'eyJhbGciOiJIUzI1NiIsInR5cCI6IkpXVCJ9.eyJ0b2tlbl90eXBlIjoicmVmcmVzaCIsImV4cCI6MTc0MjM2ODA1MCwiaWF0IjoxNzQxNzYzMjUwLCJqdGkiOiIwNzA1ZjMyN2VmYWQ0YmEzODAyMjliOTkzOTQ2ZDdhZSIsInVzZXJfaWQiOjEwfQ.xx6mXzqMeZDlBrh_3GDfvF9ZUCXiinm_ipmFgIU634g','2025-03-12 07:07:30.907289','2025-03-19 07:07:30.000000',10,'0705f327efad4ba380229b993946d7ae'),(435,'eyJhbGciOiJIUzI1NiIsInR5cCI6IkpXVCJ9.eyJ0b2tlbl90eXBlIjoicmVmcmVzaCIsImV4cCI6MTc0MjM2ODMzNiwiaWF0IjoxNzQxNzYzNTM2LCJqdGkiOiJlYjRjZWJhNTY1ZDc0ZGIyOWI4MTZiNTNmZGJmZDRiNyIsInVzZXJfaWQiOjEwfQ.m4WJREg3KGBgxh-ZV84uNeCKOpbmbMDbS56emjGJTno','2025-03-12 07:12:16.102447','2025-03-19 07:12:16.000000',10,'eb4ceba565d74db29b816b53fdbfd4b7'),(436,'eyJhbGciOiJIUzI1NiIsInR5cCI6IkpXVCJ9.eyJ0b2tlbl90eXBlIjoicmVmcmVzaCIsImV4cCI6MTc0MjM2ODc4NSwiaWF0IjoxNzQxNzYzOTg1LCJqdGkiOiJlNmExN2MzOWU4OGE0ZDE0OTY4MjM4OWVkZGRjNjE1NyIsInVzZXJfaWQiOjExfQ.nU-WTibZN34VSYst5hx7MHMbqbAJZmjOYTnBQpPL5QU','2025-03-12 07:19:45.899070','2025-03-19 07:19:45.000000',11,'e6a17c39e88a4d149682389edddc6157'),(437,'eyJhbGciOiJIUzI1NiIsInR5cCI6IkpXVCJ9.eyJ0b2tlbl90eXBlIjoicmVmcmVzaCIsImV4cCI6MTc0MjM2ODkwMiwiaWF0IjoxNzQxNzY0MTAyLCJqdGkiOiIzZDYxZThhNTg0MTI0ZWMwYjczMDE0Y2UzNGJmMjE1ZSIsInVzZXJfaWQiOjEwfQ.datiowgvvyPU6RKeD-E-8c36UTz9E9MIOBXNMjaoSHY','2025-03-12 07:21:42.672763','2025-03-19 07:21:42.000000',10,'3d61e8a584124ec0b73014ce34bf215e'),(438,'eyJhbGciOiJIUzI1NiIsInR5cCI6IkpXVCJ9.eyJ0b2tlbl90eXBlIjoicmVmcmVzaCIsImV4cCI6MTc0MjM2OTIyNCwiaWF0IjoxNzQxNzY0NDI0LCJqdGkiOiJmNTYyYTFmYWNjNGI0MzhkYWQ1YmIxMzllMTIyMGM5OCIsInVzZXJfaWQiOjEwfQ.P4rCkasz5-riiXcRinQUiyZKfhIA6SmzuFwuFst9A0A','2025-03-12 07:27:04.090820','2025-03-19 07:27:04.000000',10,'f562a1facc4b438dad5bb139e1220c98'),(439,'eyJhbGciOiJIUzI1NiIsInR5cCI6IkpXVCJ9.eyJ0b2tlbl90eXBlIjoicmVmcmVzaCIsImV4cCI6MTc0MjM3MjkwOCwiaWF0IjoxNzQxNzY4MTA4LCJqdGkiOiI3N2U2NmZmNjM5NTM0MjQ5OGZiYjgwMzA5YzE1NzA3MCIsInVzZXJfaWQiOjF9.8PmTlw15GQD2rjlTcYIehsVaq5GB6Iw7rDpZyIBgiro','2025-03-12 08:28:28.646574','2025-03-19 08:28:28.000000',1,'77e66ff6395342498fbb80309c157070'),(440,'eyJhbGciOiJIUzI1NiIsInR5cCI6IkpXVCJ9.eyJ0b2tlbl90eXBlIjoicmVmcmVzaCIsImV4cCI6MTc0MjM3Mjk0NiwiaWF0IjoxNzQxNzY4MTQ2LCJqdGkiOiJkMmFhZmYwNzY2MWY0YTZmYmMwMDljMzJhOGU4MWYxOSIsInVzZXJfaWQiOjF9.aKoRrBlTgWjEMvkFIgoHcz29lnpJG5iUeEa9zRxU7uc','2025-03-12 08:29:06.085370','2025-03-19 08:29:06.000000',1,'d2aaff07661f4a6fbc009c32a8e81f19'),(441,'eyJhbGciOiJIUzI1NiIsInR5cCI6IkpXVCJ9.eyJ0b2tlbl90eXBlIjoicmVmcmVzaCIsImV4cCI6MTc0MjM3MzE5NSwiaWF0IjoxNzQxNzY4Mzk1LCJqdGkiOiI1NGRjYzkyNjM2Zjg0NTNiODVlZjRiOWMyMjg4M2YwYiIsInVzZXJfaWQiOjEwfQ.78zfsmHX1gLP7Klwelr2ErlqiWmC2FuRsxBW4uLE57c','2025-03-12 08:33:15.065315','2025-03-19 08:33:15.000000',10,'54dcc92636f8453b85ef4b9c22883f0b'),(442,'eyJhbGciOiJIUzI1NiIsInR5cCI6IkpXVCJ9.eyJ0b2tlbl90eXBlIjoicmVmcmVzaCIsImV4cCI6MTc0MjM3MzU2MywiaWF0IjoxNzQxNzY4NzYzLCJqdGkiOiJlY2MzYjk3NTcxOWQ0MmI1OTBiMGNlNzc2ZjdmZmRkNSIsInVzZXJfaWQiOjF9.O1agkTZCWoSu50wKrXwFj-amPST_BA98PEZD0Q6T25o','2025-03-12 08:39:23.937572','2025-03-19 08:39:23.000000',1,'ecc3b975719d42b590b0ce776f7ffdd5'),(443,'eyJhbGciOiJIUzI1NiIsInR5cCI6IkpXVCJ9.eyJ0b2tlbl90eXBlIjoicmVmcmVzaCIsImV4cCI6MTc0MjM1OTE3NywiaWF0IjoxNzQxNzU0Mzc3LCJqdGkiOiJhNTcyMzNlMmQxNmE0YjExYmM2Yjk4ZWUwM2FiOGM0ZCIsInVzZXJfaWQiOjEyfQ.DhPjfONZoMtIuEpPkibyU_icVTUMMpNV2EvA3cQnFn8',NULL,'2025-03-19 04:39:37.000000',NULL,'a57233e2d16a4b11bc6b98ee03ab8c4d'),(444,'eyJhbGciOiJIUzI1NiIsInR5cCI6IkpXVCJ9.eyJ0b2tlbl90eXBlIjoicmVmcmVzaCIsImV4cCI6MTc0MjM3NDEwOSwiaWF0IjoxNzQxNzY5MzA5LCJqdGkiOiI1Y2ViNjZhZWQ2NzY0NDU0OTBhYTg4NTkyNmY4NmZkYiIsInVzZXJfaWQiOjExfQ.QPO9DsCrKSQmCBicH0jprHLt1T-w_HzaU_bBanlN3Ug','2025-03-12 08:48:29.174282','2025-03-19 08:48:29.000000',11,'5ceb66aed676445490aa885926f86fdb'),(445,'eyJhbGciOiJIUzI1NiIsInR5cCI6IkpXVCJ9.eyJ0b2tlbl90eXBlIjoicmVmcmVzaCIsImV4cCI6MTc0MjM3NDExOSwiaWF0IjoxNzQxNzY5MzE5LCJqdGkiOiJiMTY5ZjcxYWY3MDE0YWFkYjY3NjJhMzMyZWEyZDEyNiIsInVzZXJfaWQiOjExfQ.bvHq_5Bed-AEW6gNO8nSOvpen0J1hAJvFo90q9gZkW4','2025-03-12 08:48:39.507387','2025-03-19 08:48:39.000000',11,'b169f71af7014aadb6762a332ea2d126'),(446,'eyJhbGciOiJIUzI1NiIsInR5cCI6IkpXVCJ9.eyJ0b2tlbl90eXBlIjoicmVmcmVzaCIsImV4cCI6MTc0MjM3NDE4MiwiaWF0IjoxNzQxNzY5MzgyLCJqdGkiOiJmYzhjMjIyMmVhMGU0OThjODMxM2EyODdiMGQxYzAyMCIsInVzZXJfaWQiOjEwfQ.vqnCBAtTISjHQgjTIawaqXFu2kw8WNwcCyA1UADjJ5Q','2025-03-12 08:49:42.313553','2025-03-19 08:49:42.000000',10,'fc8c2222ea0e498c8313a287b0d1c020'),(447,'eyJhbGciOiJIUzI1NiIsInR5cCI6IkpXVCJ9.eyJ0b2tlbl90eXBlIjoicmVmcmVzaCIsImV4cCI6MTc0MjM2OTc5OCwiaWF0IjoxNzQxNzY0OTk4LCJqdGkiOiIzOWMxMDkzZjM0NzI0MmY3YTA5MWUxMjM1ZDhlOTJjZSIsInVzZXJfaWQiOjE4fQ.4kiP3im_KV54KnUbOXb1eaEpFJckf7wJHVI8ReDMXeE',NULL,'2025-03-19 07:36:38.000000',NULL,'39c1093f347242f7a091e1235d8e92ce'),(448,'eyJhbGciOiJIUzI1NiIsInR5cCI6IkpXVCJ9.eyJ0b2tlbl90eXBlIjoicmVmcmVzaCIsImV4cCI6MTc0MjM3NDIxMywiaWF0IjoxNzQxNzY5NDEzLCJqdGkiOiI0MjA1ZDg5YTJlZGI0MmM1YjJhYjBiMDU5YTQxYmJhMiIsInVzZXJfaWQiOjExfQ.IMPB5PpUo-5wDXPsCDUoeTdEd5QbDHkkeumLzoQUqPE','2025-03-12 08:50:13.086544','2025-03-19 08:50:13.000000',11,'4205d89a2edb42c5b2ab0b059a41bba2'),(449,'eyJhbGciOiJIUzI1NiIsInR5cCI6IkpXVCJ9.eyJ0b2tlbl90eXBlIjoicmVmcmVzaCIsImV4cCI6MTc0MjM3NDkxNywiaWF0IjoxNzQxNzcwMTE3LCJqdGkiOiJjMDc5NDU1MWUzNzQ0NDdhYmI2YmZjMjM1NmQ4MGJlOSIsInVzZXJfaWQiOjExfQ.nST-B_YkQifRM_4uu1Qy3OhVeddyUZ0iSfvR8gLfCw4','2025-03-12 09:01:57.096722','2025-03-19 09:01:57.000000',11,'c0794551e374447abb6bfc2356d80be9'),(450,'eyJhbGciOiJIUzI1NiIsInR5cCI6IkpXVCJ9.eyJ0b2tlbl90eXBlIjoicmVmcmVzaCIsImV4cCI6MTc0MjM3NTEwOCwiaWF0IjoxNzQxNzcwMzA4LCJqdGkiOiIyYTZiMmY4ZDk3MGE0M2QzYWEyYjFjNzFjMGMzNzU5OSIsInVzZXJfaWQiOjE2fQ.v5JCG8eU2la75hR7m28XgSxxt_SIb9eu6FpOp08QiEI','2025-03-12 09:05:08.931946','2025-03-19 09:05:08.000000',16,'2a6b2f8d970a43d3aa2b1c71c0c37599'),(451,'eyJhbGciOiJIUzI1NiIsInR5cCI6IkpXVCJ9.eyJ0b2tlbl90eXBlIjoicmVmcmVzaCIsImV4cCI6MTc0MjM3NTE4MywiaWF0IjoxNzQxNzcwMzgzLCJqdGkiOiI2ODVjODM0Nzg5OWE0N2E5OGE2MTFmZGIzNjZlMzU4ZCIsInVzZXJfaWQiOjF9.3FJAIFcSRJ9wnMvt5igaw3-Q8td68zPT85CRD8wIl74','2025-03-12 09:06:23.113104','2025-03-19 09:06:23.000000',1,'685c8347899a47a98a611fdb366e358d'),(452,'eyJhbGciOiJIUzI1NiIsInR5cCI6IkpXVCJ9.eyJ0b2tlbl90eXBlIjoicmVmcmVzaCIsImV4cCI6MTc0MjM3NTI3NSwiaWF0IjoxNzQxNzcwNDc1LCJqdGkiOiJhNzc2ZWIzNWM4NTM0NmJkODQ1NTMyN2U1ZTUxMDg0MyIsInVzZXJfaWQiOjF9.Bob2qakty6r0_Jd2xgG1a35bXpJ63nrM6b0nHsbmPWA','2025-03-12 09:07:55.670375','2025-03-19 09:07:55.000000',1,'a776eb35c85346bd8455327e5e510843'),(453,'eyJhbGciOiJIUzI1NiIsInR5cCI6IkpXVCJ9.eyJ0b2tlbl90eXBlIjoicmVmcmVzaCIsImV4cCI6MTc0MjM3NTMxOSwiaWF0IjoxNzQxNzcwNTE5LCJqdGkiOiIxNGJmNTdmZTVlOTc0MGU2YmI3OTkzODliZjliM2M3NSIsInVzZXJfaWQiOjF9.cb5ub7zKFUrrOTb5wXjOGp1ds4EpCO_TzPsJQC8n5Bc','2025-03-12 09:08:39.485784','2025-03-19 09:08:39.000000',1,'14bf57fe5e9740e6bb799389bf9b3c75'),(454,'eyJhbGciOiJIUzI1NiIsInR5cCI6IkpXVCJ9.eyJ0b2tlbl90eXBlIjoicmVmcmVzaCIsImV4cCI6MTc0MjM3NTM5OSwiaWF0IjoxNzQxNzcwNTk5LCJqdGkiOiI2ZWUwYTQ3ZjVkMTc0N2UzYjUzZmZiNWIzM2Q3MjVjYSIsInVzZXJfaWQiOjExfQ.M_5C25FMmW54_4iClW2gwX4YOVKGYVf-YbDwwfJ52hE','2025-03-12 09:09:59.883255','2025-03-19 09:09:59.000000',11,'6ee0a47f5d1747e3b53ffb5b33d725ca'),(455,'eyJhbGciOiJIUzI1NiIsInR5cCI6IkpXVCJ9.eyJ0b2tlbl90eXBlIjoicmVmcmVzaCIsImV4cCI6MTc0MjM3NTYwNSwiaWF0IjoxNzQxNzcwODA1LCJqdGkiOiI0MWI2ZWMwM2QzYjk0ZmNiODI5YWFiNDM4ZTE0YTA2ZiIsInVzZXJfaWQiOjEwfQ.k9423aq3pnAvrPgs0vBqmXihrr4wdpg_vMqqh57l9Qk','2025-03-12 09:13:25.313844','2025-03-19 09:13:25.000000',10,'41b6ec03d3b94fcb829aab438e14a06f'),(456,'eyJhbGciOiJIUzI1NiIsInR5cCI6IkpXVCJ9.eyJ0b2tlbl90eXBlIjoicmVmcmVzaCIsImV4cCI6MTc0MjM3NTc0NywiaWF0IjoxNzQxNzcwOTQ3LCJqdGkiOiIzNTBiMTExODA1MzQ0YWMxYWMwMzhjYjFlZjAwNDQ4NiIsInVzZXJfaWQiOjExfQ.fqXEDwaXY6LlEiJt4I9EF-9JF3HA3Oxu1L3fTDyIzMk','2025-03-12 09:15:47.786911','2025-03-19 09:15:47.000000',11,'350b111805344ac1ac038cb1ef004486'),(457,'eyJhbGciOiJIUzI1NiIsInR5cCI6IkpXVCJ9.eyJ0b2tlbl90eXBlIjoicmVmcmVzaCIsImV4cCI6MTc0MjM3NjkyNCwiaWF0IjoxNzQxNzcyMTI0LCJqdGkiOiJlODFlMDIxZTQ4ZTU0MGM4YWFhMGUwZDQyMDdmY2E5OSIsInVzZXJfaWQiOjEwfQ.UCQ7x6TZSXx22g1yNAcCN1WKma2KZRUuGX8_bqbWfbk','2025-03-12 09:35:24.442791','2025-03-19 09:35:24.000000',10,'e81e021e48e540c8aaa0e0d4207fca99'),(458,'eyJhbGciOiJIUzI1NiIsInR5cCI6IkpXVCJ9.eyJ0b2tlbl90eXBlIjoicmVmcmVzaCIsImV4cCI6MTc0MjM3NzQyNywiaWF0IjoxNzQxNzcyNjI3LCJqdGkiOiIyNGUxNzk0YzUwZTk0MWI4OWNiNmJlMjIzMDNhZjdiNCIsInVzZXJfaWQiOjExfQ.HXUcXszG1IYu3huFCwGz5QPuO0ITTBW9kAme-MPmwLg','2025-03-12 09:43:47.853419','2025-03-19 09:43:47.000000',11,'24e1794c50e941b89cb6be22303af7b4'),(459,'eyJhbGciOiJIUzI1NiIsInR5cCI6IkpXVCJ9.eyJ0b2tlbl90eXBlIjoicmVmcmVzaCIsImV4cCI6MTc0MjM4MjQyMSwiaWF0IjoxNzQxNzc3NjIxLCJqdGkiOiJlMzgxOTE5NjU1ODU0ZjNlYjQ4NDA0N2JhNWYwNzA4OSIsInVzZXJfaWQiOjF9.DVoGmVXyldIXZFSctAc07q23yS08lriW5V81fg_uKL4','2025-03-12 11:07:01.229748','2025-03-19 11:07:01.000000',1,'e381919655854f3eb484047ba5f07089'),(460,'eyJhbGciOiJIUzI1NiIsInR5cCI6IkpXVCJ9.eyJ0b2tlbl90eXBlIjoicmVmcmVzaCIsImV4cCI6MTc0MjM4MjUxNCwiaWF0IjoxNzQxNzc3NzE0LCJqdGkiOiJhZDFlNjZkMjc3Nzc0OGI1ODk4M2U1YmJhN2Q2ZTFmYSIsInVzZXJfaWQiOjExfQ.Tk5iTEdb-QKEqAsYUsABMUcSYlt3KoVWrmeBKFeOXsM','2025-03-12 11:08:34.718688','2025-03-19 11:08:34.000000',11,'ad1e66d2777748b58983e5bba7d6e1fa'),(461,'eyJhbGciOiJIUzI1NiIsInR5cCI6IkpXVCJ9.eyJ0b2tlbl90eXBlIjoicmVmcmVzaCIsImV4cCI6MTc0MjM4MjcwMywiaWF0IjoxNzQxNzc3OTAzLCJqdGkiOiJiNzRkYzYxMzA4NTg0NTM3YjA4ZjA5YjlmMWYyNDQxNyIsInVzZXJfaWQiOjF9.l4T82QSxSOXAWgTCDQLlrsLxd82mAertgvOSt5K8hQw','2025-03-12 11:11:43.526073','2025-03-19 11:11:43.000000',1,'b74dc61308584537b08f09b9f1f24417'),(462,'eyJhbGciOiJIUzI1NiIsInR5cCI6IkpXVCJ9.eyJ0b2tlbl90eXBlIjoicmVmcmVzaCIsImV4cCI6MTc0MjM4Mjc2OCwiaWF0IjoxNzQxNzc3OTY4LCJqdGkiOiJkNWJjMGUzNDM1ZDg0OTg5OTIyNWM3MDJmNGUwMzc0MSIsInVzZXJfaWQiOjExfQ.FY-5GC0t6C5RE2kTrZ1no4jsbxlg6ETkHKTQJ1jke1s','2025-03-12 11:12:48.557530','2025-03-19 11:12:48.000000',11,'d5bc0e3435d849899225c702f4e03741'),(463,'eyJhbGciOiJIUzI1NiIsInR5cCI6IkpXVCJ9.eyJ0b2tlbl90eXBlIjoicmVmcmVzaCIsImV4cCI6MTc0MjM4Mjc4MiwiaWF0IjoxNzQxNzc3OTgyLCJqdGkiOiI3ZThkZDhiNjQ3ZmQ0MjM0OGM1YTk1NjAzODI5YmNlYiIsInVzZXJfaWQiOjExfQ.91bJZJkE26VG8BE-eCLsDsadl2N91cWjv2Yw90w85nQ','2025-03-12 11:13:02.547686','2025-03-19 11:13:02.000000',11,'7e8dd8b647fd42348c5a95603829bceb'),(464,'eyJhbGciOiJIUzI1NiIsInR5cCI6IkpXVCJ9.eyJ0b2tlbl90eXBlIjoicmVmcmVzaCIsImV4cCI6MTc0MjM4NDE5NSwiaWF0IjoxNzQxNzc5Mzk1LCJqdGkiOiI5M2Q2N2FjNmQyNTI0MmU4YjExZGFhMDBhYzQ2YjE0YSIsInVzZXJfaWQiOjExfQ.Qj1VwG53V9-9VaNfxmEVFVFvBvzqpzCFODxYPCOTgOc','2025-03-12 11:36:35.013185','2025-03-19 11:36:35.000000',11,'93d67ac6d25242e8b11daa00ac46b14a'),(465,'eyJhbGciOiJIUzI1NiIsInR5cCI6IkpXVCJ9.eyJ0b2tlbl90eXBlIjoicmVmcmVzaCIsImV4cCI6MTc0MjM4NDU4NywiaWF0IjoxNzQxNzc5Nzg3LCJqdGkiOiIzMjc5OTJiZTVhOTc0NzRjOTQ4NTg1MDhmZDcwMzBlMiIsInVzZXJfaWQiOjExfQ.lpWYOTuNVQz40zuGcAbRU5j4KHMVc4OKf2AQd03e5AM','2025-03-12 11:43:07.659390','2025-03-19 11:43:07.000000',11,'327992be5a97474c94858508fd7030e2'),(466,'eyJhbGciOiJIUzI1NiIsInR5cCI6IkpXVCJ9.eyJ0b2tlbl90eXBlIjoicmVmcmVzaCIsImV4cCI6MTc0MjM4NDYxNCwiaWF0IjoxNzQxNzc5ODE0LCJqdGkiOiI4NDA5OTE2YzE1ZDU0OTk3OTdjZDUxYTJmZWNlYjU4YiIsInVzZXJfaWQiOjF9.xMl9y2a1enIc50lov-FF3gRK1tHtpp_jsptnbN5D3OY','2025-03-12 11:43:34.200198','2025-03-19 11:43:34.000000',1,'8409916c15d5499797cd51a2feceb58b'),(467,'eyJhbGciOiJIUzI1NiIsInR5cCI6IkpXVCJ9.eyJ0b2tlbl90eXBlIjoicmVmcmVzaCIsImV4cCI6MTc0MjM4NjEwOCwiaWF0IjoxNzQxNzgxMzA4LCJqdGkiOiJlNThiOTcyOWM3YWQ0NjBjYjU2NDQ5OTQzZmZlNmI5OCIsInVzZXJfaWQiOjExfQ.U4wQmI6yegwl-4DliwKvUOInE4_4ofGFIfaLVTiIVJM','2025-03-12 12:08:28.288220','2025-03-19 12:08:28.000000',11,'e58b9729c7ad460cb56449943ffe6b98'),(468,'eyJhbGciOiJIUzI1NiIsInR5cCI6IkpXVCJ9.eyJ0b2tlbl90eXBlIjoicmVmcmVzaCIsImV4cCI6MTc0MjM4NjI1OSwiaWF0IjoxNzQxNzgxNDU5LCJqdGkiOiIxY2M1MzY2NjQ1NzY0YzE4OTMzMTdjZTEwYzc5ODE2MSIsInVzZXJfaWQiOjExfQ.t95Q9gER2mr2LHoACSv1HcWaCkF3pQedTwG-uckz_MU','2025-03-12 12:10:59.016359','2025-03-19 12:10:59.000000',11,'1cc5366645764c1893317ce10c798161'),(469,'eyJhbGciOiJIUzI1NiIsInR5cCI6IkpXVCJ9.eyJ0b2tlbl90eXBlIjoicmVmcmVzaCIsImV4cCI6MTc0MjM4ODA0NSwiaWF0IjoxNzQxNzgzMjQ1LCJqdGkiOiJhZWE2OTAyNDM0MGE0ZmJiODJkMzc2YTBiYzQ3YjI3ZiIsInVzZXJfaWQiOjE4fQ.iCcX-2RgGErb1_3YsJS0DNzqE-PKwwxMN5NTCYSTsjI','2025-03-12 12:40:45.309541','2025-03-19 12:40:45.000000',18,'aea69024340a4fbb82d376a0bc47b27f'),(470,'eyJhbGciOiJIUzI1NiIsInR5cCI6IkpXVCJ9.eyJ0b2tlbl90eXBlIjoicmVmcmVzaCIsImV4cCI6MTc0MjM5MDM3NSwiaWF0IjoxNzQxNzg1NTc1LCJqdGkiOiI0YjMyNWZmNzA5ODI0YzliYjZlOGRlMWE0MGJiMmNhNyIsInVzZXJfaWQiOjF9._R5MuNxhsxnM9KfJOmZIjC89jXlnDRWOBeelfGdnvS0','2025-03-12 13:19:35.072313','2025-03-19 13:19:35.000000',1,'4b325ff709824c9bb6e8de1a40bb2ca7'),(471,'eyJhbGciOiJIUzI1NiIsInR5cCI6IkpXVCJ9.eyJ0b2tlbl90eXBlIjoicmVmcmVzaCIsImV4cCI6MTc0MjM5MTIwMCwiaWF0IjoxNzQxNzg2NDAwLCJqdGkiOiI5YTRhM2NjNWIzNTc0YjYzYTY5YzViZWM1OGFkYmQ1ZiIsInVzZXJfaWQiOjF9.DiM-LSVyQh9Jumf5XvAEFIKSEWKCY8tg8GgDM3NJ5So','2025-03-12 13:33:20.417591','2025-03-19 13:33:20.000000',1,'9a4a3cc5b3574b63a69c5bec58adbd5f'),(472,'eyJhbGciOiJIUzI1NiIsInR5cCI6IkpXVCJ9.eyJ0b2tlbl90eXBlIjoicmVmcmVzaCIsImV4cCI6MTc0MjQ0MjU5OSwiaWF0IjoxNzQxODM3Nzk5LCJqdGkiOiIwZjg3MjVhMWYwNWM0MGVlYmJlNzQxOWRiMzQ3MWI4YyIsInVzZXJfaWQiOjF9.gwxZCIqfv0_-jN5H1ntjTTzJYo4DOmFWKwNDi72hop4','2025-03-13 03:49:59.962775','2025-03-20 03:49:59.000000',1,'0f8725a1f05c40eebbe7419db3471b8c'),(473,'eyJhbGciOiJIUzI1NiIsInR5cCI6IkpXVCJ9.eyJ0b2tlbl90eXBlIjoicmVmcmVzaCIsImV4cCI6MTc0MjQ0NDA0NSwiaWF0IjoxNzQxODM5MjQ1LCJqdGkiOiIzMTkwY2JjYWE3Nzk0YzUzOWYxODdlNDEyMjExMDc5YSIsInVzZXJfaWQiOjE4fQ.9PDKA37KW4NHLnvxCFRF3gyDhiB-V9W7qZA9rtb6Rwg','2025-03-13 04:14:05.049844','2025-03-20 04:14:05.000000',18,'3190cbcaa7794c539f187e412211079a'),(474,'eyJhbGciOiJIUzI1NiIsInR5cCI6IkpXVCJ9.eyJ0b2tlbl90eXBlIjoicmVmcmVzaCIsImV4cCI6MTc0MjQ0NDQ0OSwiaWF0IjoxNzQxODM5NjQ5LCJqdGkiOiI3YzgxNzdjZGIyYmE0NDllOTdiMzdkZDUwM2Y3YzdjMSIsInVzZXJfaWQiOjF9.rpYrnkvTMfMhKCTP9WF9E-iz5FG-FcmR_q-QyaMN8lM','2025-03-13 04:20:49.585999','2025-03-20 04:20:49.000000',1,'7c8177cdb2ba449e97b37dd503f7c7c1'),(475,'eyJhbGciOiJIUzI1NiIsInR5cCI6IkpXVCJ9.eyJ0b2tlbl90eXBlIjoicmVmcmVzaCIsImV4cCI6MTc0MjQ0NTMwMywiaWF0IjoxNzQxODQwNTAzLCJqdGkiOiJhMTNmZGRhMDkzNjg0YjFjOGRmNGM1YWJjNjA3YjE4MCIsInVzZXJfaWQiOjE4fQ.7DB-PdCVj1lVh_FJpdh_LLwdGpMEl4KG03uA0dPHIbE','2025-03-13 04:35:03.306667','2025-03-20 04:35:03.000000',18,'a13fdda093684b1c8df4c5abc607b180'),(476,'eyJhbGciOiJIUzI1NiIsInR5cCI6IkpXVCJ9.eyJ0b2tlbl90eXBlIjoicmVmcmVzaCIsImV4cCI6MTc0MjQ0NzUzNywiaWF0IjoxNzQxODQyNzM3LCJqdGkiOiI0MGU0ODUxYzVmYzA0MWNkOTY4YzI3OTZkMDU5NDY0MiIsInVzZXJfaWQiOjEyfQ.BG1FjT14hFL3ioZxNG3r3rrjCuyQ1-4iMA027EotcV4','2025-03-13 05:12:17.999096','2025-03-20 05:12:17.000000',12,'40e4851c5fc041cd968c2796d0594642'),(477,'eyJhbGciOiJIUzI1NiIsInR5cCI6IkpXVCJ9.eyJ0b2tlbl90eXBlIjoicmVmcmVzaCIsImV4cCI6MTc0MjQ0NzYyOCwiaWF0IjoxNzQxODQyODI4LCJqdGkiOiIzNjA4ZjEyMDQxNTQ0YTMxOWNkZjVhODZjZjE5OTcwYSIsInVzZXJfaWQiOjE4fQ.RPKQ9LuEZ8vqKZMW10l5q25PjAGZYuwpFdOEomaUTM8','2025-03-13 05:13:48.126983','2025-03-20 05:13:48.000000',18,'3608f12041544a319cdf5a86cf19970a'),(478,'eyJhbGciOiJIUzI1NiIsInR5cCI6IkpXVCJ9.eyJ0b2tlbl90eXBlIjoicmVmcmVzaCIsImV4cCI6MTc0MjQ0ODQwNCwiaWF0IjoxNzQxODQzNjA0LCJqdGkiOiI1MTI1ZjIzMzkwZTk0YTEwODM4NmRkMzRiOGM2MjE4YSIsInVzZXJfaWQiOjF9.keWVDb-kOrXbmjB4Ew4NHn2hplY8fAnEwORiNl6DShY','2025-03-13 05:26:44.852054','2025-03-20 05:26:44.000000',1,'5125f23390e94a108386dd34b8c6218a'),(479,'eyJhbGciOiJIUzI1NiIsInR5cCI6IkpXVCJ9.eyJ0b2tlbl90eXBlIjoicmVmcmVzaCIsImV4cCI6MTc0MjQ0OTYzOSwiaWF0IjoxNzQxODQ0ODM5LCJqdGkiOiI2OTIzOTNlYjg2Nzk0ZjVlYjAwYjk4NjJmOGMwOGY2MCIsInVzZXJfaWQiOjE4fQ.jhpKeWdCumis6JeHRPhGUItoT_ilWuMnGrDXPDcAG00','2025-03-13 05:47:19.459821','2025-03-20 05:47:19.000000',18,'692393eb86794f5eb00b9862f8c08f60'),(480,'eyJhbGciOiJIUzI1NiIsInR5cCI6IkpXVCJ9.eyJ0b2tlbl90eXBlIjoicmVmcmVzaCIsImV4cCI6MTc0MjQ1MTk0MiwiaWF0IjoxNzQxODQ3MTQyLCJqdGkiOiI5NjJkYTIzZDQ1ZDI0MzBlYWE4MTIzOTUzNzg3MDk5OCIsInVzZXJfaWQiOjExfQ.eARW7u9p_KYWxaNLZrMug1gnGFBHit71Si532-kNChw','2025-03-13 06:25:42.887429','2025-03-20 06:25:42.000000',11,'962da23d45d2430eaa81239537870998'),(481,'eyJhbGciOiJIUzI1NiIsInR5cCI6IkpXVCJ9.eyJ0b2tlbl90eXBlIjoicmVmcmVzaCIsImV4cCI6MTc0MjQ1MjM4MCwiaWF0IjoxNzQxODQ3NTgwLCJqdGkiOiIyN2U0M2I2NDY1M2I0MWYwYjc4M2FhZWQ4M2RhMDY5MyIsInVzZXJfaWQiOjF9.YR4HB_pQN4lwv8Eb9IVSN-O9uyGm0BdBE8A8x3AlA4I','2025-03-13 06:33:00.851907','2025-03-20 06:33:00.000000',1,'27e43b64653b41f0b783aaed83da0693'),(482,'eyJhbGciOiJIUzI1NiIsInR5cCI6IkpXVCJ9.eyJ0b2tlbl90eXBlIjoicmVmcmVzaCIsImV4cCI6MTc0MjQ1Mjg2NywiaWF0IjoxNzQxODQ4MDY3LCJqdGkiOiI1OTBiMTA5OTkxOWU0OTI0OTZlYzQ0ZDlhMWU0MDgzNSIsInVzZXJfaWQiOjExfQ.9tMLhgE7oi8xs5pYTf6tdSZPZPZRuymIKbhkQVd6Y9A','2025-03-13 06:41:07.199374','2025-03-20 06:41:07.000000',11,'590b1099919e492496ec44d9a1e40835'),(483,'eyJhbGciOiJIUzI1NiIsInR5cCI6IkpXVCJ9.eyJ0b2tlbl90eXBlIjoicmVmcmVzaCIsImV4cCI6MTc0MjQ1MzE2NSwiaWF0IjoxNzQxODQ4MzY1LCJqdGkiOiIyMzlmODkyMjBmYzI0NjE1OWQ0ZmQ1MTgzOWRhNzFkNCIsInVzZXJfaWQiOjExfQ.VKnJlKnXCEiR5B-PI_xArjqkRM4t45vYHKJLHAey2AM','2025-03-13 06:46:05.743107','2025-03-20 06:46:05.000000',11,'239f89220fc246159d4fd51839da71d4'),(484,'eyJhbGciOiJIUzI1NiIsInR5cCI6IkpXVCJ9.eyJ0b2tlbl90eXBlIjoicmVmcmVzaCIsImV4cCI6MTc0MjQ1MzcwNiwiaWF0IjoxNzQxODQ4OTA2LCJqdGkiOiIyNzVkZGRlNGY1NGE0MmUzOWRhNzlmZjcxZTU4OTkzNCIsInVzZXJfaWQiOjExfQ.h27MWP7FUR9alWGwLA9xNSAVHPZGMbX7tPNS9rlGpUc','2025-03-13 06:55:06.301532','2025-03-20 06:55:06.000000',11,'275ddde4f54a42e39da79ff71e589934'),(485,'eyJhbGciOiJIUzI1NiIsInR5cCI6IkpXVCJ9.eyJ0b2tlbl90eXBlIjoicmVmcmVzaCIsImV4cCI6MTc0MjQ2MjU0MywiaWF0IjoxNzQxODU3NzQzLCJqdGkiOiI3MTdkNDEzZDE1MWI0NGUxYThmYzQxYjM5ODhmYTlkZCIsInVzZXJfaWQiOjExfQ.VX82-2uhSTKGZFfFq5raPcX4xqoHQEBc7d4eJM7EyD8','2025-03-13 09:22:23.998720','2025-03-20 09:22:23.000000',11,'717d413d151b44e1a8fc41b3988fa9dd'),(486,'eyJhbGciOiJIUzI1NiIsInR5cCI6IkpXVCJ9.eyJ0b2tlbl90eXBlIjoicmVmcmVzaCIsImV4cCI6MTc0MjUzMzYwOCwiaWF0IjoxNzQxOTI4ODA4LCJqdGkiOiJjNTg1ZDM1ZDJlMmI0OTNkODlhYjRmNWMwZWM4OGU2NCIsInVzZXJfaWQiOjE4fQ.dL7CCXJUsaWmM2_H4CYKxvjOiPlP83oUB74hgGRftQM','2025-03-14 05:06:48.280850','2025-03-21 05:06:48.000000',18,'c585d35d2e2b493d89ab4f5c0ec88e64'),(487,'eyJhbGciOiJIUzI1NiIsInR5cCI6IkpXVCJ9.eyJ0b2tlbl90eXBlIjoicmVmcmVzaCIsImV4cCI6MTc0MjUzMzY2OCwiaWF0IjoxNzQxOTI4ODY4LCJqdGkiOiIwZmIxMWU1MGNhNGU0ZTU1YjJjZmFmYzhiYjFlYmQ3NyIsInVzZXJfaWQiOjE4fQ.ZVbqWxJHlNK4_ymecfpEj2GYF0pSFXDwcIxD1XTkLrs','2025-03-14 05:07:48.243687','2025-03-21 05:07:48.000000',18,'0fb11e50ca4e4e55b2cfafc8bb1ebd77'),(488,'eyJhbGciOiJIUzI1NiIsInR5cCI6IkpXVCJ9.eyJ0b2tlbl90eXBlIjoicmVmcmVzaCIsImV4cCI6MTc0MjUzMTk4NywiaWF0IjoxNzQxOTI3MTg3LCJqdGkiOiI1NTEyYzRmYjIwMjA0Y2QzOTE2YmY5ODNmMzMxMzQyMyIsInVzZXJfaWQiOjF9.Hjq_9oPZHGBEWeb94CZGp8jpIv2YA7mBHtovsEanYgM',NULL,'2025-03-21 04:39:47.000000',NULL,'5512c4fb20204cd3916bf983f3313423'),(489,'eyJhbGciOiJIUzI1NiIsInR5cCI6IkpXVCJ9.eyJ0b2tlbl90eXBlIjoicmVmcmVzaCIsImV4cCI6MTc0MjUzNDE0MCwiaWF0IjoxNzQxOTI5MzQwLCJqdGkiOiI1N2ZmYWJmNzEzZjM0OWIxOWIxZWJhM2IzNWRiMTg2ZSIsInVzZXJfaWQiOjEyfQ.aRq6Wg_AwqehjOZvvnx9vBRWZUm8queaB1_PZLcFDFk','2025-03-14 05:15:40.447476','2025-03-21 05:15:40.000000',12,'57ffabf713f349b19b1eba3b35db186e'),(490,'eyJhbGciOiJIUzI1NiIsInR5cCI6IkpXVCJ9.eyJ0b2tlbl90eXBlIjoicmVmcmVzaCIsImV4cCI6MTc0MjUzNDI0NCwiaWF0IjoxNzQxOTI5NDQ0LCJqdGkiOiI0Y2Q0MzExMzE2MGU0ZTUwOWE3MGRjM2U1YTQ1YTNiOSIsInVzZXJfaWQiOjE4fQ.tIPnxICh2jrbljH3IIdxkwM320WytZYPxt8xaT-Ms3c','2025-03-14 05:17:24.480153','2025-03-21 05:17:24.000000',18,'4cd43113160e4e509a70dc3e5a45a3b9'),(491,'eyJhbGciOiJIUzI1NiIsInR5cCI6IkpXVCJ9.eyJ0b2tlbl90eXBlIjoicmVmcmVzaCIsImV4cCI6MTc0MjUzNDYzMywiaWF0IjoxNzQxOTI5ODMzLCJqdGkiOiIyMTE1ZWYwMTdmYjM0MjQ5YjFiMWY3NTI2NGVkM2Q5ZCIsInVzZXJfaWQiOjEwfQ.97HoJEuoYK5gNtdhMYtZasEPVXPGPKmdmGnDqkQ-0MU','2025-03-14 05:23:53.455731','2025-03-21 05:23:53.000000',10,'2115ef017fb34249b1b1f75264ed3d9d'),(492,'eyJhbGciOiJIUzI1NiIsInR5cCI6IkpXVCJ9.eyJ0b2tlbl90eXBlIjoicmVmcmVzaCIsImV4cCI6MTc0MjUzODY5OSwiaWF0IjoxNzQxOTMzODk5LCJqdGkiOiIxODdkOTg4MDhhNmY0Yjk0YmI0ZTBkYjBmZTJlOGUzYyIsInVzZXJfaWQiOjE4fQ.lqrRHNS_OdCy0_7lsBAqoGaytPRNO3wTQ9ormqlq9TY','2025-03-14 06:31:39.584279','2025-03-21 06:31:39.000000',18,'187d98808a6f4b94bb4e0db0fe2e8e3c'),(493,'eyJhbGciOiJIUzI1NiIsInR5cCI6IkpXVCJ9.eyJ0b2tlbl90eXBlIjoicmVmcmVzaCIsImV4cCI6MTc0MjU1Nzk5NSwiaWF0IjoxNzQxOTUzMTk1LCJqdGkiOiIzNGQwYjJjODBkMjM0MTExYjNkMTE5OWQyODUxZDEyOSIsInVzZXJfaWQiOjEyfQ.04W9BJTQt7yT_t22kSb6JN5_yRnRTg6Wj-aaLxE2pW0','2025-03-14 11:53:15.831671','2025-03-21 11:53:15.000000',12,'34d0b2c80d234111b3d1199d2851d129'),(494,'eyJhbGciOiJIUzI1NiIsInR5cCI6IkpXVCJ9.eyJ0b2tlbl90eXBlIjoicmVmcmVzaCIsImV4cCI6MTc0MjU1ODA0NCwiaWF0IjoxNzQxOTUzMjQ0LCJqdGkiOiI1OGY0ZDA3NjlkYmY0NTk5YTZmMWQzZTRkMDFjYzAxNyIsInVzZXJfaWQiOjF9.RtHX6I-1JhyXM5Wtxb11wTYBs7tyX8ehxM47zwsXyXc','2025-03-14 11:54:04.513520','2025-03-21 11:54:04.000000',1,'58f4d0769dbf4599a6f1d3e4d01cc017'),(495,'eyJhbGciOiJIUzI1NiIsInR5cCI6IkpXVCJ9.eyJ0b2tlbl90eXBlIjoicmVmcmVzaCIsImV4cCI6MTc0Mjc5MTM3MCwiaWF0IjoxNzQyMTg2NTcwLCJqdGkiOiJmOTIwNTE2YmJkNzk0ODU3OGIwZDAxYzcyMGM5MmNiMSIsInVzZXJfaWQiOjEwfQ.mUIM-kqNM2rUPMj6SihVQwDNcI4Su9rB16ODUsfhjgY','2025-03-17 04:42:50.891455','2025-03-24 04:42:50.000000',10,'f920516bbd7948578b0d01c720c92cb1'),(496,'eyJhbGciOiJIUzI1NiIsInR5cCI6IkpXVCJ9.eyJ0b2tlbl90eXBlIjoicmVmcmVzaCIsImV4cCI6MTc0Mjc5NTE3NCwiaWF0IjoxNzQyMTkwMzc0LCJqdGkiOiJmN2M5Y2ZjYjdjYTc0ZDQ5OWFkZTYyZjVkMzNhM2Q0NCIsInVzZXJfaWQiOjExfQ.9o56Z8VB24S5MYPqBf3bRtG5jzD77x29FYshNoynKwo','2025-03-17 05:46:14.220653','2025-03-24 05:46:14.000000',11,'f7c9cfcb7ca74d499ade62f5d33a3d44'),(497,'eyJhbGciOiJIUzI1NiIsInR5cCI6IkpXVCJ9.eyJ0b2tlbl90eXBlIjoicmVmcmVzaCIsImV4cCI6MTc0Mjg3Njg5MiwiaWF0IjoxNzQyMjcyMDkyLCJqdGkiOiIzMmZjNGExOGJhNzc0MjZhOWQ3NmExNzM4OGU4NjhiMCIsInVzZXJfaWQiOjE4fQ.H8ogZUtsiT-zcuEDlBhb_pcFIUgEHDdsHRDCjl3UUv4',NULL,'2025-03-25 04:28:12.000000',NULL,'32fc4a18ba77426a9d76a17388e868b0'),(498,'eyJhbGciOiJIUzI1NiIsInR5cCI6IkpXVCJ9.eyJ0b2tlbl90eXBlIjoicmVmcmVzaCIsImV4cCI6MTc0Mjg3NzM1NSwiaWF0IjoxNzQyMjcyNTU1LCJqdGkiOiI5ZDA0NjVhYTAyYWY0NDI0ODg2NTkxMTQ1ZTI5Njk2YiIsInVzZXJfaWQiOjF9.hISn3eCiF7CdTj_iyjpF73e3xgqncqGRaA3OmnbbRrg','2025-03-18 04:35:55.052894','2025-03-25 04:35:55.000000',1,'9d0465aa02af4424886591145e29696b'),(499,'eyJhbGciOiJIUzI1NiIsInR5cCI6IkpXVCJ9.eyJ0b2tlbl90eXBlIjoicmVmcmVzaCIsImV4cCI6MTc0Mjg3NzQ4OSwiaWF0IjoxNzQyMjcyNjg5LCJqdGkiOiIyZWNlZjZiNjEwN2Q0NTIzODAyNDM1NGQyOWEyMjM4OSIsInVzZXJfaWQiOjE4fQ.w51Wol1oMry653b23ApUSaHtbtjwh7hZ71DANwIIHoU','2025-03-18 04:38:09.560108','2025-03-25 04:38:09.000000',18,'2ecef6b6107d45238024354d29a22389'),(500,'eyJhbGciOiJIUzI1NiIsInR5cCI6IkpXVCJ9.eyJ0b2tlbl90eXBlIjoicmVmcmVzaCIsImV4cCI6MTc0Mjg3NzMyMCwiaWF0IjoxNzQyMjcyNTIwLCJqdGkiOiI0N2I5ZDFlMTVjNTg0Yjk2YjEzZjU4ZjdlMTU3OGQwZiIsInVzZXJfaWQiOjEyfQ.WEPUufmJC1u91yQFu17cJ9v9pPFjixJXygb7cPm_BN0',NULL,'2025-03-25 04:35:20.000000',NULL,'47b9d1e15c584b96b13f58f7e1578d0f'),(501,'eyJhbGciOiJIUzI1NiIsInR5cCI6IkpXVCJ9.eyJ0b2tlbl90eXBlIjoicmVmcmVzaCIsImV4cCI6MTc0Mjg3NzYyNywiaWF0IjoxNzQyMjcyODI3LCJqdGkiOiJiMmVmNTg2NzI4OTE0M2UyYjZhNTA2MzdiNzAxNWZiMCIsInVzZXJfaWQiOjEyfQ.8fZNpELhYmL94TiCUo3yy9LIKTEdfmuBIR8OIA1rVQQ','2025-03-18 04:40:27.426461','2025-03-25 04:40:27.000000',12,'b2ef5867289143e2b6a50637b7015fb0'),(502,'eyJhbGciOiJIUzI1NiIsInR5cCI6IkpXVCJ9.eyJ0b2tlbl90eXBlIjoicmVmcmVzaCIsImV4cCI6MTc0Mjg3NzgwNywiaWF0IjoxNzQyMjczMDA3LCJqdGkiOiI1MDJmYzJjYTExZDY0MjRkOTJhZDVmM2ZkMTg3MDA4NyIsInVzZXJfaWQiOjEyfQ.hRiNUihuo62p8Yi-0V_HJq1fB33vR_5KKvao0MPTpNI','2025-03-18 04:43:27.129680','2025-03-25 04:43:27.000000',12,'502fc2ca11d6424d92ad5f3fd1870087'),(503,'eyJhbGciOiJIUzI1NiIsInR5cCI6IkpXVCJ9.eyJ0b2tlbl90eXBlIjoicmVmcmVzaCIsImV4cCI6MTc0Mjg3OTMzMSwiaWF0IjoxNzQyMjc0NTMxLCJqdGkiOiJjZTY5NTYxYWViOTQ0Y2FjOTZkODk5N2Q1ODA0NTUyNyIsInVzZXJfaWQiOjE4fQ.pSpzhUg3ML8ONFh-qKb5fFJB4LvcDnrViZtg4Gm9oHU','2025-03-18 05:08:51.023051','2025-03-25 05:08:51.000000',18,'ce69561aeb944cac96d8997d58045527'),(504,'eyJhbGciOiJIUzI1NiIsInR5cCI6IkpXVCJ9.eyJ0b2tlbl90eXBlIjoicmVmcmVzaCIsImV4cCI6MTc0Mjg4MDQ4MywiaWF0IjoxNzQyMjc1NjgzLCJqdGkiOiIwZGQ3YjJjZWVlYWE0NTNlOGZmZjgyOTJmZjlmMjYxMCIsInVzZXJfaWQiOjE4fQ.6QqJylw-h3YEyCMUgLNT47CVQctdtYp1DWPLxuqSs1U',NULL,'2025-03-25 05:28:03.000000',NULL,'0dd7b2ceeeaa453e8fff8292ff9f2610'),(505,'eyJhbGciOiJIUzI1NiIsInR5cCI6IkpXVCJ9.eyJ0b2tlbl90eXBlIjoicmVmcmVzaCIsImV4cCI6MTc0Mjg4MDkxNiwiaWF0IjoxNzQyMjc2MTE2LCJqdGkiOiIxNThlOTVlNjYwYTE0N2I1OGMxMTViODg0OTUyZGRjZiIsInVzZXJfaWQiOjF9.un4KQYuoUDgEmb1W6rmD--p_Qx7ht2LyMyu7MU3WM-g','2025-03-18 05:35:16.732584','2025-03-25 05:35:16.000000',1,'158e95e660a147b58c115b884952ddcf'),(506,'eyJhbGciOiJIUzI1NiIsInR5cCI6IkpXVCJ9.eyJ0b2tlbl90eXBlIjoicmVmcmVzaCIsImV4cCI6MTc0Mjg4MDk2MSwiaWF0IjoxNzQyMjc2MTYxLCJqdGkiOiI4ZTlkOGRjOGNmNmU0ZDczODVjMzVjMTliODcxNTQ2YiIsInVzZXJfaWQiOjExfQ.LatTGIlXTSFMk3ugNhlwFlaL3KpzIVAwhy_WGMWBcTY','2025-03-18 05:36:01.936170','2025-03-25 05:36:01.000000',11,'8e9d8dc8cf6e4d7385c35c19b871546b'),(507,'eyJhbGciOiJIUzI1NiIsInR5cCI6IkpXVCJ9.eyJ0b2tlbl90eXBlIjoicmVmcmVzaCIsImV4cCI6MTc0Mjg4MTAxNCwiaWF0IjoxNzQyMjc2MjE0LCJqdGkiOiI1YmQ4MWViZTk1YTg0ZDkxYTg3OGVjODI5M2IyYmRkZSIsInVzZXJfaWQiOjEwfQ.IEPxEAgi9Ug42GWz8WM4x7ICrzKcY2UUeR63rhWoFF0','2025-03-18 05:36:54.558285','2025-03-25 05:36:54.000000',10,'5bd81ebe95a84d91a878ec8293b2bdde'),(508,'eyJhbGciOiJIUzI1NiIsInR5cCI6IkpXVCJ9.eyJ0b2tlbl90eXBlIjoicmVmcmVzaCIsImV4cCI6MTc0MjkwNTc3NSwiaWF0IjoxNzQyMzAwOTc1LCJqdGkiOiJiMjI5ZmVhMzI5N2E0YmYzYTJkYTM4YmU5MTQwNmYwMyIsInVzZXJfaWQiOjEyfQ.kaiCNeWlNw_obHNsziLWvnQ68yg6DnnG7ghqE5xRppM','2025-03-18 12:29:35.460029','2025-03-25 12:29:35.000000',12,'b229fea3297a4bf3a2da38be91406f03'),(509,'eyJhbGciOiJIUzI1NiIsInR5cCI6IkpXVCJ9.eyJ0b2tlbl90eXBlIjoicmVmcmVzaCIsImV4cCI6MTc0MzA1MDc4NSwiaWF0IjoxNzQyNDQ1OTg1LCJqdGkiOiJmMWM3MzJiYTQ1MDg0NmI0YjQ0ZWVmYzc3YjFhYzM1MSIsInVzZXJfaWQiOjExfQ.ALSG9AjvMwRrFmHwSG7BlGJglkj_T2ZJzVyjYOFdw4Y','2025-03-20 04:46:25.076043','2025-03-27 04:46:25.000000',11,'f1c732ba450846b4b44eefc77b1ac351'),(510,'eyJhbGciOiJIUzI1NiIsInR5cCI6IkpXVCJ9.eyJ0b2tlbl90eXBlIjoicmVmcmVzaCIsImV4cCI6MTc0MzA1MjU2MSwiaWF0IjoxNzQyNDQ3NzYxLCJqdGkiOiI3MmJhM2I4ZmE1YzE0YTgzOTAwNDU1ZjcxOTRkZGM1MyIsInVzZXJfaWQiOjF9.AKMcNx1WZky2adsRXqWgcRLxZYCd8iP40T5NTICp520','2025-03-20 05:16:01.997229','2025-03-27 05:16:01.000000',1,'72ba3b8fa5c14a83900455f7194ddc53'),(511,'eyJhbGciOiJIUzI1NiIsInR5cCI6IkpXVCJ9.eyJ0b2tlbl90eXBlIjoicmVmcmVzaCIsImV4cCI6MTc0MzA1Mjc4NCwiaWF0IjoxNzQyNDQ3OTg0LCJqdGkiOiIyMWNlMjYzZjY0YjY0NzllOTQyNzMzYjMxZDJiZjZmYiIsInVzZXJfaWQiOjE4fQ.v5Y3MNE5YVvdI6v3hiDOVyAacM4ZmBGvj7AasAGwMos','2025-03-20 05:19:44.386567','2025-03-27 05:19:44.000000',18,'21ce263f64b6479e942733b31d2bf6fb'),(512,'eyJhbGciOiJIUzI1NiIsInR5cCI6IkpXVCJ9.eyJ0b2tlbl90eXBlIjoicmVmcmVzaCIsImV4cCI6MTc0MzA1MjgxMiwiaWF0IjoxNzQyNDQ4MDEyLCJqdGkiOiJmM2VlN2ZhOWUyYWI0ZjVjOWNkNDkyNjM3YTVlYmJjMiIsInVzZXJfaWQiOjE4fQ.MbZpPW61PoSaek-TU0V4aYsj3Kfg5QpsOgZ1RkdGOJg','2025-03-20 05:20:12.938155','2025-03-27 05:20:12.000000',18,'f3ee7fa9e2ab4f5c9cd492637a5ebbc2'),(513,'eyJhbGciOiJIUzI1NiIsInR5cCI6IkpXVCJ9.eyJ0b2tlbl90eXBlIjoicmVmcmVzaCIsImV4cCI6MTc0MzA1MzE0MywiaWF0IjoxNzQyNDQ4MzQzLCJqdGkiOiI1ZjM2YTk1YWZhMGU0ZDg4YTRiYjZmMzJkYjNhZDc0YSIsInVzZXJfaWQiOjE4fQ.Hb0OUm-mdvntCsfCqmWs9AnqA2xbr88O8qSKs87C-3w',NULL,'2025-03-27 05:25:43.000000',NULL,'5f36a95afa0e4d88a4bb6f32db3ad74a'),(514,'eyJhbGciOiJIUzI1NiIsInR5cCI6IkpXVCJ9.eyJ0b2tlbl90eXBlIjoicmVmcmVzaCIsImV4cCI6MTc0MzA1MzU1NSwiaWF0IjoxNzQyNDQ4NzU1LCJqdGkiOiJiZGY5MzA3YTU5OTc0MTJkODE3MTMwYjc1NGQ3YTlmOSIsInVzZXJfaWQiOjEyfQ.sufNcoHNMvSdGcD0JbClgRFXHIr0wWZeOccEb6DiIH0','2025-03-20 05:32:35.685344','2025-03-27 05:32:35.000000',12,'bdf9307a5997412d817130b754d7a9f9'),(515,'eyJhbGciOiJIUzI1NiIsInR5cCI6IkpXVCJ9.eyJ0b2tlbl90eXBlIjoicmVmcmVzaCIsImV4cCI6MTc0MzE0NDk5NSwiaWF0IjoxNzQyNTQwMTk1LCJqdGkiOiJlODljOTVhMDgwYzI0MmFlYWIwMmQwOTcwMGRiNzg0YyIsInVzZXJfaWQiOjI0fQ.z8FinPHxg8rZOA72dqJezU0Jjajo-VlkYTkxD_6ZxYg','2025-03-21 06:56:35.782275','2025-03-28 06:56:35.000000',24,'e89c95a080c242aeab02d09700db784c'),(516,'eyJhbGciOiJIUzI1NiIsInR5cCI6IkpXVCJ9.eyJ0b2tlbl90eXBlIjoicmVmcmVzaCIsImV4cCI6MTc0MzE0Njc1OCwiaWF0IjoxNzQyNTQxOTU4LCJqdGkiOiJkODhiMDNlNjM2YTc0NmM1ODIwYjQ5NjRhNWEyNzliOSIsInVzZXJfaWQiOjI0fQ.pFppxVzmOHxkx8ut3xSmP1ShC6Rf1hc7Mi_vL0F0f0s','2025-03-21 07:25:58.452226','2025-03-28 07:25:58.000000',24,'d88b03e636a746c5820b4964a5a279b9'),(517,'eyJhbGciOiJIUzI1NiIsInR5cCI6IkpXVCJ9.eyJ0b2tlbl90eXBlIjoicmVmcmVzaCIsImV4cCI6MTc0MzE1MDA5MSwiaWF0IjoxNzQyNTQ1MjkxLCJqdGkiOiJjZWM4MWYwZGNhNjU0NDA0YjRkODlmNjlmMjczYjcyMyIsInVzZXJfaWQiOjI0fQ.mRlqaAso1R1dR5-wbBmwVHvnndNadkbVoxCWTUUXNBo','2025-03-21 08:21:31.243716','2025-03-28 08:21:31.000000',24,'cec81f0dca654404b4d89f69f273b723'),(518,'eyJhbGciOiJIUzI1NiIsInR5cCI6IkpXVCJ9.eyJ0b2tlbl90eXBlIjoicmVmcmVzaCIsImV4cCI6MTc0MzE1MDgwNywiaWF0IjoxNzQyNTQ2MDA3LCJqdGkiOiIyMDY5OGU1NjgwZTE0OTkzOGFkNGQ5NmY2OWY5ODc4MiIsInVzZXJfaWQiOjI0fQ.M9DLQ_qcQkmqdxpVoKuE655VaK8CJuPITJRlJ6Zge1w','2025-03-21 08:33:27.914124','2025-03-28 08:33:27.000000',24,'20698e5680e149938ad4d96f69f98782'),(519,'eyJhbGciOiJIUzI1NiIsInR5cCI6IkpXVCJ9.eyJ0b2tlbl90eXBlIjoicmVmcmVzaCIsImV4cCI6MTc0MzIyNTc0NCwiaWF0IjoxNzQyNjIwOTQ0LCJqdGkiOiI3Y2E2Yzg3N2ExODc0OWRjYTZmZGIzMDI4MDJhZDg2NyIsInVzZXJfaWQiOjEyfQ.M701M9CuYjuQ-LWJGXNTrx0U11dNYn9KJRzGjXnp2TE',NULL,'2025-03-29 05:22:24.000000',NULL,'7ca6c877a18749dca6fdb302802ad867'),(520,'eyJhbGciOiJIUzI1NiIsInR5cCI6IkpXVCJ9.eyJ0b2tlbl90eXBlIjoicmVmcmVzaCIsImV4cCI6MTc0MzIyNTc4NSwiaWF0IjoxNzQyNjIwOTg1LCJqdGkiOiJlNzNlOGE1Y2QxNjk0NmIyOGUzOTk2OGU4ODE0ZjJlOCIsInVzZXJfaWQiOjE4fQ.mwhcNy5JJbThrZqORgtxy93aLKECqWGpI0KOugDEoqs','2025-03-22 05:23:05.241971','2025-03-29 05:23:05.000000',18,'e73e8a5cd16946b28e39968e8814f2e8'),(521,'eyJhbGciOiJIUzI1NiIsInR5cCI6IkpXVCJ9.eyJ0b2tlbl90eXBlIjoicmVmcmVzaCIsImV4cCI6MTc0MzQwNDkwMywiaWF0IjoxNzQyODAwMTAzLCJqdGkiOiJhYmY3MDQ3YjIzYmY0ZThkYjRlMmEwOWViY2ExZmMwOSIsInVzZXJfaWQiOjE4fQ.fCGXIlh8o0N8ovjsbmpsxm-AKjUuNmI2AWXgkKrpD2A',NULL,'2025-03-31 07:08:23.000000',NULL,'abf7047b23bf4e8db4e2a09ebca1fc09'),(522,'eyJhbGciOiJIUzI1NiIsInR5cCI6IkpXVCJ9.eyJ0b2tlbl90eXBlIjoicmVmcmVzaCIsImV4cCI6MTc0MzQwNDkyOCwiaWF0IjoxNzQyODAwMTI4LCJqdGkiOiIyMGUyZmE0OTVlMjI0MTRkOWE0MDVhNGM2OGI5ZmU5MCIsInVzZXJfaWQiOjExfQ.Bv4MtkKHBD4YkQnwTJqTeqYiM0dEFZ2LuaQon5XaxCY','2025-03-24 07:08:48.257223','2025-03-31 07:08:48.000000',11,'20e2fa495e22414d9a405a4c68b9fe90'),(523,'eyJhbGciOiJIUzI1NiIsInR5cCI6IkpXVCJ9.eyJ0b2tlbl90eXBlIjoicmVmcmVzaCIsImV4cCI6MTc0MzQwNTEyNiwiaWF0IjoxNzQyODAwMzI2LCJqdGkiOiJiNjgyYmFkMDAwOGI0NGYzYTRhY2MyZjI5YTE3YTQ4OCIsInVzZXJfaWQiOjExfQ.SLfMMtn--Va2z3Od46fbRZBFDET_AVdEETZ0hj7pCRg','2025-03-24 07:12:06.772915','2025-03-31 07:12:06.000000',11,'b682bad0008b44f3a4acc2f29a17a488'),(524,'eyJhbGciOiJIUzI1NiIsInR5cCI6IkpXVCJ9.eyJ0b2tlbl90eXBlIjoicmVmcmVzaCIsImV4cCI6MTc0MzQ3OTM5MywiaWF0IjoxNzQyODc0NTkzLCJqdGkiOiI0MjdiYTdlNDAzMGI0OWQ1OTMwYjQ2MDZhODYzODc2MyIsInVzZXJfaWQiOjF9.8aNM59eN-NTox4TquBSEMFluP9EkB2LveAujmC182D0','2025-03-25 03:49:53.696703','2025-04-01 03:49:53.000000',1,'427ba7e4030b49d5930b4606a8638763'),(525,'eyJhbGciOiJIUzI1NiIsInR5cCI6IkpXVCJ9.eyJ0b2tlbl90eXBlIjoicmVmcmVzaCIsImV4cCI6MTc0MzQ3OTQ2NSwiaWF0IjoxNzQyODc0NjY1LCJqdGkiOiI2MWNiZWU0MjYxNzk0NGJkYjFiOGFmNTI1NTY1NmEyYSIsInVzZXJfaWQiOjExfQ.QdnAlnZHPMSMChC06fCsJ4ybXzP2i7pK9ShhTWnLtr8','2025-03-25 03:51:05.799024','2025-04-01 03:51:05.000000',11,'61cbee42617944bdb1b8af5255656a2a'),(526,'eyJhbGciOiJIUzI1NiIsInR5cCI6IkpXVCJ9.eyJ0b2tlbl90eXBlIjoicmVmcmVzaCIsImV4cCI6MTc0MzQ4MDMzNSwiaWF0IjoxNzQyODc1NTM1LCJqdGkiOiJhYjUxMzM5NDBmMzg0N2Q5OGJmOGQ4NjIxNGM1MDkyYiIsInVzZXJfaWQiOjI0fQ.csv9YRSzv656LOda-Q20tQCFc97BwbjDT_bfAlrmOF0','2025-03-25 04:05:35.467407','2025-04-01 04:05:35.000000',24,'ab5133940f3847d98bf8d86214c5092b'),(527,'eyJhbGciOiJIUzI1NiIsInR5cCI6IkpXVCJ9.eyJ0b2tlbl90eXBlIjoicmVmcmVzaCIsImV4cCI6MTc0MzQ4MDg0NCwiaWF0IjoxNzQyODc2MDQ0LCJqdGkiOiI1Y2E5OTk2OThjOWE0Mzk1YTA3YmUxYmUzZTA1YzU0ZiIsInVzZXJfaWQiOjEyfQ._gTUNSXYsiCrQwhAh3z9yO2YQ7NCNcf1TM0WYPSkkg8','2025-03-25 04:14:04.255087','2025-04-01 04:14:04.000000',12,'5ca999698c9a4395a07be1be3e05c54f'),(528,'eyJhbGciOiJIUzI1NiIsInR5cCI6IkpXVCJ9.eyJ0b2tlbl90eXBlIjoicmVmcmVzaCIsImV4cCI6MTc0MzQ4MTA4OSwiaWF0IjoxNzQyODc2Mjg5LCJqdGkiOiIyM2FhNmM2MDMzYzU0NmEzYTIxMGQ3MTk2ODBlNzQxOCIsInVzZXJfaWQiOjEyfQ.qz1MR01NCkdqjUiQdlCdprwHvPkozj9Rlqr7HwSpozc','2025-03-25 04:18:09.429270','2025-04-01 04:18:09.000000',12,'23aa6c6033c546a3a210d719680e7418'),(529,'eyJhbGciOiJIUzI1NiIsInR5cCI6IkpXVCJ9.eyJ0b2tlbl90eXBlIjoicmVmcmVzaCIsImV4cCI6MTc0MzQ4MTI1OCwiaWF0IjoxNzQyODc2NDU4LCJqdGkiOiI2ZGU0OWI4YTBmYmQ0MWZmYTAwMzI3NGRkZjU2YTg2ZSIsInVzZXJfaWQiOjEwfQ.ewp-K43HLwNOgI9WkowinI-MGE4DY_pUYz3DhkwODeI',NULL,'2025-04-01 04:20:58.000000',NULL,'6de49b8a0fbd41ffa003274ddf56a86e'),(530,'eyJhbGciOiJIUzI1NiIsInR5cCI6IkpXVCJ9.eyJ0b2tlbl90eXBlIjoicmVmcmVzaCIsImV4cCI6MTc0MzQ4MTMwNSwiaWF0IjoxNzQyODc2NTA1LCJqdGkiOiJmYWEzMjM1MDc0ZmQ0MmM1YTljODc5YzEzYmU4ZTFiZSIsInVzZXJfaWQiOjEyfQ.1NzFtmKjDH8iN69bv1FC3PduPUQxSR0-nqpl-ANDv0g','2025-03-25 04:21:45.750526','2025-04-01 04:21:45.000000',12,'faa3235074fd42c5a9c879c13be8e1be'),(531,'eyJhbGciOiJIUzI1NiIsInR5cCI6IkpXVCJ9.eyJ0b2tlbl90eXBlIjoicmVmcmVzaCIsImV4cCI6MTc0MzQ4OTA4OSwiaWF0IjoxNzQyODg0Mjg5LCJqdGkiOiI0NWIzNjliZGU0NTg0NjhlYmM2NTg5MjE1ZDZmYTY1NSIsInVzZXJfaWQiOjEyfQ.ILSAFSCqpspaQCNVON-wj1pR8CRcpWEsriiJ-H0Uzxk','2025-03-25 06:31:29.189158','2025-04-01 06:31:29.000000',12,'45b369bde458468ebc6589215d6fa655'),(532,'eyJhbGciOiJIUzI1NiIsInR5cCI6IkpXVCJ9.eyJ0b2tlbl90eXBlIjoicmVmcmVzaCIsImV4cCI6MTc0MzQ5NzY3MCwiaWF0IjoxNzQyODkyODcwLCJqdGkiOiI1Yjc1NjBhMjUzOTE0MWM3OWVhMjJiZTMyZWVjYzE3YyIsInVzZXJfaWQiOjI0fQ.JV0turzKEkcmw1VqbRxEw4_AuF__T1mETLDuo-ZErrY','2025-03-25 08:54:30.096004','2025-04-01 08:54:30.000000',24,'5b7560a2539141c79ea22be32eecc17c'),(533,'eyJhbGciOiJIUzI1NiIsInR5cCI6IkpXVCJ9.eyJ0b2tlbl90eXBlIjoicmVmcmVzaCIsImV4cCI6MTc0MzUwMjc5NiwiaWF0IjoxNzQyODk3OTk2LCJqdGkiOiI2NDAxYTE0OGVkMmE0ZDgwYmFiYTVkODdjMTNiY2E2ZiIsInVzZXJfaWQiOjI0fQ.OuTAwpi6RIJl3dMaLAeSnCVUbTLDWO4NF1NUzUSGpb0','2025-03-25 10:19:56.680807','2025-04-01 10:19:56.000000',24,'6401a148ed2a4d80baba5d87c13bca6f'),(534,'eyJhbGciOiJIUzI1NiIsInR5cCI6IkpXVCJ9.eyJ0b2tlbl90eXBlIjoicmVmcmVzaCIsImV4cCI6MTc0MzUwNDg4MywiaWF0IjoxNzQyOTAwMDgzLCJqdGkiOiJmNmFkZGE1NjUyNDc0YzVhYjU5OTZlMjg0YThiM2NkZCIsInVzZXJfaWQiOjF9.4IzxUEbLeVgth8zU7WNDIJ-r63XbgRLQ5XC1kOGAfCY','2025-03-25 10:54:43.826779','2025-04-01 10:54:43.000000',1,'f6adda5652474c5ab5996e284a8b3cdd'),(535,'eyJhbGciOiJIUzI1NiIsInR5cCI6IkpXVCJ9.eyJ0b2tlbl90eXBlIjoicmVmcmVzaCIsImV4cCI6MTc0MzUwNTA3MCwiaWF0IjoxNzQyOTAwMjcwLCJqdGkiOiI3N2QxYzc4ZTBlYjA0MWIzYjdiY2NkOTFjZTE0Y2YzYSIsInVzZXJfaWQiOjEwfQ.uip8cBK-O7B_MQ7VQY5ZFMcY49RjphPkw9VfnrJuzbw','2025-03-25 10:57:50.574860','2025-04-01 10:57:50.000000',10,'77d1c78e0eb041b3b7bccd91ce14cf3a'),(536,'eyJhbGciOiJIUzI1NiIsInR5cCI6IkpXVCJ9.eyJ0b2tlbl90eXBlIjoicmVmcmVzaCIsImV4cCI6MTc0MzUwNTE4MSwiaWF0IjoxNzQyOTAwMzgxLCJqdGkiOiJmZjE3M2FkZGNiNjg0ZGNhOTY3NTY5ZmJmNTRhYzczZSIsInVzZXJfaWQiOjExfQ.9a7j4z0CQNKrG_4CoSLPWWZa2_7hc9f3bAf0Y4MgBgA','2025-03-25 10:59:41.357118','2025-04-01 10:59:41.000000',11,'ff173addcb684dca967569fbf54ac73e'),(537,'eyJhbGciOiJIUzI1NiIsInR5cCI6IkpXVCJ9.eyJ0b2tlbl90eXBlIjoicmVmcmVzaCIsImV4cCI6MTc0MzUwNjM2OSwiaWF0IjoxNzQyOTAxNTY5LCJqdGkiOiI1MTlmNjNkNzdiN2M0N2U3OGIwZGVhYjkwZWIxZDUwZiIsInVzZXJfaWQiOjE2fQ.qetMNgbvM61pZ_Hz2DmeRGcWRz2iWZmaCS09-0I_0ac','2025-03-25 11:19:29.117213','2025-04-01 11:19:29.000000',16,'519f63d77b7c47e78b0deab90eb1d50f'),(538,'eyJhbGciOiJIUzI1NiIsInR5cCI6IkpXVCJ9.eyJ0b2tlbl90eXBlIjoicmVmcmVzaCIsImV4cCI6MTc0MzUwODc5NywiaWF0IjoxNzQyOTAzOTk3LCJqdGkiOiJkOGQ2ZGE4ZTZlYzc0NWExODRjYmI5NGJkMDFkM2QwMyIsInVzZXJfaWQiOjExfQ.ZmiXgxKL7W9unF44JrmJpFq7uuaOUCae8fVFRU736cA','2025-03-25 11:59:57.544295','2025-04-01 11:59:57.000000',11,'d8d6da8e6ec745a184cbb94bd01d3d03'),(539,'eyJhbGciOiJIUzI1NiIsInR5cCI6IkpXVCJ9.eyJ0b2tlbl90eXBlIjoicmVmcmVzaCIsImV4cCI6MTc0MzUwODk5OSwiaWF0IjoxNzQyOTA0MTk5LCJqdGkiOiJmZWY3ZjU1MjQ0ZWQ0YjdkOGRhZjcwM2IzNDU5OTQwYiIsInVzZXJfaWQiOjEwfQ.k5BFo0Zqv99wbcuDOef4QpYSwjYxbajv1r_ZtXw8BIM','2025-03-25 12:03:19.907182','2025-04-01 12:03:19.000000',10,'fef7f55244ed4b7d8daf703b3459940b'),(540,'eyJhbGciOiJIUzI1NiIsInR5cCI6IkpXVCJ9.eyJ0b2tlbl90eXBlIjoicmVmcmVzaCIsImV4cCI6MTc0MzUwOTU3MCwiaWF0IjoxNzQyOTA0NzcwLCJqdGkiOiJjZmJiOGJhNjJkMGU0NTQwYWQ5ODFiMTE2NWRjMGZjOCIsInVzZXJfaWQiOjExfQ.d8zwrRtwlOX6ZkHVOagxxYbqUFWspyCCz4ZjwZzKE-U','2025-03-25 12:12:50.920748','2025-04-01 12:12:50.000000',11,'cfbb8ba62d0e4540ad981b1165dc0fc8'),(541,'eyJhbGciOiJIUzI1NiIsInR5cCI6IkpXVCJ9.eyJ0b2tlbl90eXBlIjoicmVmcmVzaCIsImV4cCI6MTc0MzUxMDgzOCwiaWF0IjoxNzQyOTA2MDM4LCJqdGkiOiIwMWU4MmZlY2NiYzA0MTE5YWFlZWIzMTc1ZmQ5NmI5ZCIsInVzZXJfaWQiOjExfQ.zKdsTnNK-8jWqkzw3j5S5rzVJ7uSXGApFUslKSOW_BQ','2025-03-25 12:33:58.171437','2025-04-01 12:33:58.000000',11,'01e82feccbc04119aaeeb3175fd96b9d'),(542,'eyJhbGciOiJIUzI1NiIsInR5cCI6IkpXVCJ9.eyJ0b2tlbl90eXBlIjoicmVmcmVzaCIsImV4cCI6MTc0MzUxMDkwOSwiaWF0IjoxNzQyOTA2MTA5LCJqdGkiOiJjYjBkZjdlZjc4ZGY0ZGY2OGU2OWY3NDlhZDk2ZGEzMCIsInVzZXJfaWQiOjE4fQ.uzOz-jv2_Eo0WNlXvcz_cba3Y57sHakgdyB6FZDJpyc','2025-03-25 12:35:09.336633','2025-04-01 12:35:09.000000',18,'cb0df7ef78df4df68e69f749ad96da30'),(543,'eyJhbGciOiJIUzI1NiIsInR5cCI6IkpXVCJ9.eyJ0b2tlbl90eXBlIjoicmVmcmVzaCIsImV4cCI6MTc0MzU4MjU4NCwiaWF0IjoxNzQyOTc3Nzg0LCJqdGkiOiJhNTdkZWVjM2RlMzU0MmY1ODM1N2RiZjY5MTQ2M2QzNyIsInVzZXJfaWQiOjE4fQ.5qLVzlH8IGnUC7zXM2id9jSeSa0NzKbB6vdqZRdWXkY','2025-03-26 08:29:44.603587','2025-04-02 08:29:44.000000',18,'a57deec3de3542f58357dbf691463d37'),(544,'eyJhbGciOiJIUzI1NiIsInR5cCI6IkpXVCJ9.eyJ0b2tlbl90eXBlIjoicmVmcmVzaCIsImV4cCI6MTc0MzU5NDAwOCwiaWF0IjoxNzQyOTg5MjA4LCJqdGkiOiI4MDczMTU1MGVkNTE0MjU0YTE1ZTgxOTYzNmNmYjI2YiIsInVzZXJfaWQiOjEwfQ.uIcl8kEI8D56gYZ8-bYREhw-xE00Ulba2TT28byka8U','2025-03-26 11:40:08.837815','2025-04-02 11:40:08.000000',10,'80731550ed514254a15e819636cfb26b'),(545,'eyJhbGciOiJIUzI1NiIsInR5cCI6IkpXVCJ9.eyJ0b2tlbl90eXBlIjoicmVmcmVzaCIsImV4cCI6MTc0MzU5NDc2NiwiaWF0IjoxNzQyOTg5OTY2LCJqdGkiOiI4NWExNTIwYmVkNjM0Y2UwYWQyNjI5M2NkNDJiZDA3YyIsInVzZXJfaWQiOjF9.PkCJPs0nyeiw6tcEnloivLvI_ftEzwFUu7p3uh1vOk0','2025-03-26 11:52:46.200121','2025-04-02 11:52:46.000000',1,'85a1520bed634ce0ad26293cd42bd07c'),(546,'eyJhbGciOiJIUzI1NiIsInR5cCI6IkpXVCJ9.eyJ0b2tlbl90eXBlIjoicmVmcmVzaCIsImV4cCI6MTc0MzY1Mzk1MCwiaWF0IjoxNzQzMDQ5MTUwLCJqdGkiOiI1MDFmZGQ5NmU2NTI0ZjMzYThhZWEyNjBkNDBjODU4YSIsInVzZXJfaWQiOjI0fQ.rQN3zcg5TM0ozqbw7QBylBrreYSvzWIRmUMc1XXQBiU','2025-03-27 04:19:10.375937','2025-04-03 04:19:10.000000',24,'501fdd96e6524f33a8aea260d40c858a'),(547,'eyJhbGciOiJIUzI1NiIsInR5cCI6IkpXVCJ9.eyJ0b2tlbl90eXBlIjoicmVmcmVzaCIsImV4cCI6MTc0Mzc0MzI2MywiaWF0IjoxNzQzMTM4NDYzLCJqdGkiOiJjNjQ5MDA1NTU3MWI0MTczYmM5ZGNkZTY4Nzc5ZGRkMyIsInVzZXJfaWQiOjEwfQ.QkXpB_-_kgcxp6Js_AIuyo0D6IZjJyNl__qGjuKX4BA','2025-03-28 05:07:43.204671','2025-04-04 05:07:43.000000',10,'c6490055571b4173bc9dcde68779ddd3'),(548,'eyJhbGciOiJIUzI1NiIsInR5cCI6IkpXVCJ9.eyJ0b2tlbl90eXBlIjoicmVmcmVzaCIsImV4cCI6MTc0MzgyNzU3MCwiaWF0IjoxNzQzMjIyNzcwLCJqdGkiOiJkMDVmNDNhNTg0ZWY0ZTM2OTE2NzI5Y2Q3NzU5MTk4NCIsInVzZXJfaWQiOjExfQ.rX-82DrSkJVcFdmET6ouN-3awOeeI9HuDyP6DfORyZs','2025-03-29 04:32:50.793844','2025-04-05 04:32:50.000000',11,'d05f43a584ef4e36916729cd77591984'),(549,'eyJhbGciOiJIUzI1NiIsInR5cCI6IkpXVCJ9.eyJ0b2tlbl90eXBlIjoicmVmcmVzaCIsImV4cCI6MTc0MzgyOTQ1NiwiaWF0IjoxNzQzMjI0NjU2LCJqdGkiOiI5OTY0OTFkY2ZhM2M0NTZlODcyNWQ0NzRhZGVmYjg5OSIsInVzZXJfaWQiOjEyfQ.AbF-K2eekgG3PwyHqdSKMPQp8b9ExicOU6lbjh9FjQo','2025-03-29 05:04:16.195173','2025-04-05 05:04:16.000000',12,'996491dcfa3c456e8725d474adefb899'),(550,'eyJhbGciOiJIUzI1NiIsInR5cCI6IkpXVCJ9.eyJ0b2tlbl90eXBlIjoicmVmcmVzaCIsImV4cCI6MTc0MzgyOTQ5MiwiaWF0IjoxNzQzMjI0NjkyLCJqdGkiOiJlNDJkZTdmYzQxYzE0NTlkYWQ4YzEwOGYzOTcxNTljZiIsInVzZXJfaWQiOjE4fQ.kgMJB8E5cX8Iw_Zmpph2vlmzv_xXtRO-zD0xjseqbog','2025-03-29 05:04:52.012093','2025-04-05 05:04:52.000000',18,'e42de7fc41c1459dad8c108f397159cf'),(551,'eyJhbGciOiJIUzI1NiIsInR5cCI6IkpXVCJ9.eyJ0b2tlbl90eXBlIjoicmVmcmVzaCIsImV4cCI6MTc0MzgyOTU3MCwiaWF0IjoxNzQzMjI0NzcwLCJqdGkiOiI4M2VhMzA0MmY2NjQ0YzgxYTBjODZkY2ZkYmJlZDA1MyIsInVzZXJfaWQiOjEwfQ.Qe68Ecw9DI24YsRO4nb4K4aWC1g_EIry45MHeLCE_jw','2025-03-29 05:06:10.372741','2025-04-05 05:06:10.000000',10,'83ea3042f6644c81a0c86dcfdbbed053'),(552,'eyJhbGciOiJIUzI1NiIsInR5cCI6IkpXVCJ9.eyJ0b2tlbl90eXBlIjoicmVmcmVzaCIsImV4cCI6MTc0MzgyOTY3MSwiaWF0IjoxNzQzMjI0ODcxLCJqdGkiOiI3MGE5Yjc5ZGY3ZmI0ZjRjYjFmOTk0NzZkZWQ5MmZmZSIsInVzZXJfaWQiOjF9.2VlQ6fOzH98usorbF0cXJTPz6L6uZFslY-lqcllCRHA','2025-03-29 05:07:51.492237','2025-04-05 05:07:51.000000',1,'70a9b79df7fb4f4cb1f99476ded92ffe'),(553,'eyJhbGciOiJIUzI1NiIsInR5cCI6IkpXVCJ9.eyJ0b2tlbl90eXBlIjoicmVmcmVzaCIsImV4cCI6MTc0NDA4NjI5MiwiaWF0IjoxNzQzNDgxNDkyLCJqdGkiOiIxNDllODA3ODRhMDQ0MzQzOTIxOTcxOWZjODEyZTNkMCIsInVzZXJfaWQiOjEwfQ.78RDhylBWEvLQjExreVsyR93e7zZbFOGU6vePXYAQjc','2025-04-01 04:24:52.000228','2025-04-08 04:24:52.000000',10,'149e80784a0443439219719fc812e3d0'),(554,'eyJhbGciOiJIUzI1NiIsInR5cCI6IkpXVCJ9.eyJ0b2tlbl90eXBlIjoicmVmcmVzaCIsImV4cCI6MTc0NDA4NjMxNCwiaWF0IjoxNzQzNDgxNTE0LCJqdGkiOiI0MTI1MzNhZjdjYzI0YTJmODA1NzIxNTQxZjYwZjMyYiIsInVzZXJfaWQiOjExfQ.gsAHuZfcpvx80mLAbUi3Yp-V6RABV_FohgeGE93LCzQ','2025-04-01 04:25:14.001214','2025-04-08 04:25:14.000000',11,'412533af7cc24a2f805721541f60f32b'),(555,'eyJhbGciOiJIUzI1NiIsInR5cCI6IkpXVCJ9.eyJ0b2tlbl90eXBlIjoicmVmcmVzaCIsImV4cCI6MTc0NDA5NjUxMywiaWF0IjoxNzQzNDkxNzEzLCJqdGkiOiI0NTk4YjJhN2NkOTc0ZWJmOTAyYmYzZGRiMzBkNGRiYyIsInVzZXJfaWQiOjEwfQ.GNcXZy-C7-JurZFGfIUiXwAgDydiCy4FdYXb_MUcz5w','2025-04-01 07:15:13.921628','2025-04-08 07:15:13.000000',10,'4598b2a7cd974ebf902bf3ddb30d4dbc'),(556,'eyJhbGciOiJIUzI1NiIsInR5cCI6IkpXVCJ9.eyJ0b2tlbl90eXBlIjoicmVmcmVzaCIsImV4cCI6MTc0NDA5NzM2MCwiaWF0IjoxNzQzNDkyNTYwLCJqdGkiOiIyNDk0MjA0MmQyMjY0OTlkYjk2MTBkZTkxZjAyYWExYiIsInVzZXJfaWQiOjE4fQ.uMcDEnYPU8BaEiwEywyI8ROAFWhXK5tkz7w_TOQU-hM','2025-04-01 07:29:20.092529','2025-04-08 07:29:20.000000',18,'24942042d226499db9610de91f02aa1b'),(557,'eyJhbGciOiJIUzI1NiIsInR5cCI6IkpXVCJ9.eyJ0b2tlbl90eXBlIjoicmVmcmVzaCIsImV4cCI6MTc0NDEwODY1MSwiaWF0IjoxNzQzNTAzODUxLCJqdGkiOiJlY2RkZjJkOGVkMjI0MDU5YjhhNTM0NzA5MjliMTU5MCIsInVzZXJfaWQiOjEwfQ.I-O31QzkA65wjf0LvzbNsRNBagrtHne1JG7rMyqbbNc','2025-04-01 10:37:31.037656','2025-04-08 10:37:31.000000',10,'ecddf2d8ed224059b8a53470929b1590'),(558,'eyJhbGciOiJIUzI1NiIsInR5cCI6IkpXVCJ9.eyJ0b2tlbl90eXBlIjoicmVmcmVzaCIsImV4cCI6MTc0NDExMDQ5MiwiaWF0IjoxNzQzNTA1NjkyLCJqdGkiOiI2ZDFiNzU4ZjAxZGU0Y2MwYjhjOTRhMDdkM2Q5MmE2MiIsInVzZXJfaWQiOjExfQ.iAfUIMzRg4uF_iGtrdpBwZBjAhEkC3mY4CG-ePUbUbU','2025-04-01 11:08:12.869889','2025-04-08 11:08:12.000000',11,'6d1b758f01de4cc0b8c94a07d3d92a62'),(559,'eyJhbGciOiJIUzI1NiIsInR5cCI6IkpXVCJ9.eyJ0b2tlbl90eXBlIjoicmVmcmVzaCIsImV4cCI6MTc0NDExMjI0NywiaWF0IjoxNzQzNTA3NDQ3LCJqdGkiOiJmOGE2OWVkN2E1YmQ0Mzk5YjgxYzVmYjNjNmMwNWMwNSIsInVzZXJfaWQiOjExfQ.74GJO4Pae2c1NVPrt60dhtELDgKwwRkEBgJXXsFSdy4','2025-04-01 11:37:27.261545','2025-04-08 11:37:27.000000',11,'f8a69ed7a5bd4399b81c5fb3c6c05c05'),(560,'eyJhbGciOiJIUzI1NiIsInR5cCI6IkpXVCJ9.eyJ0b2tlbl90eXBlIjoicmVmcmVzaCIsImV4cCI6MTc0NDE3MjY0MiwiaWF0IjoxNzQzNTY3ODQyLCJqdGkiOiJhMjcyYTAxZWI3NzQ0YTFlYmQ0OGYzYWVkYmU3ZDcwYSIsInVzZXJfaWQiOjExfQ.9r6Y2PTqnFtq0zvg0PkkVpaGgMTEfzYrvaU_8gnAV84','2025-04-02 04:24:02.760335','2025-04-09 04:24:02.000000',11,'a272a01eb7744a1ebd48f3aedbe7d70a'),(561,'eyJhbGciOiJIUzI1NiIsInR5cCI6IkpXVCJ9.eyJ0b2tlbl90eXBlIjoicmVmcmVzaCIsImV4cCI6MTc0NDE4Njc3NCwiaWF0IjoxNzQzNTgxOTc0LCJqdGkiOiJlZWU0OTUzMTZhZmM0MmQxYjk1N2ZhY2IyNDMxZDY1YiIsInVzZXJfaWQiOjE4fQ.HcnnlZ9Lah3-nl2GRyhnXtwTa5bNwiBI-6L2_UZcG9s',NULL,'2025-04-09 08:19:34.000000',NULL,'eee495316afc42d1b957facb2431d65b'),(562,'eyJhbGciOiJIUzI1NiIsInR5cCI6IkpXVCJ9.eyJ0b2tlbl90eXBlIjoicmVmcmVzaCIsImV4cCI6MTc0NDE4ODAxMCwiaWF0IjoxNzQzNTgzMjEwLCJqdGkiOiJlNTg5ZTllYjBiMjA0NzIxYjI0YmNiZmMxNzM0MWFiMCIsInVzZXJfaWQiOjF9.d3PVIHkzo_1NIGanL9OWjyO1c1LMcEiqARMwsRfQE8Q','2025-04-02 08:40:10.501705','2025-04-09 08:40:10.000000',1,'e589e9eb0b204721b24bcbfc17341ab0'),(563,'eyJhbGciOiJIUzI1NiIsInR5cCI6IkpXVCJ9.eyJ0b2tlbl90eXBlIjoicmVmcmVzaCIsImV4cCI6MTc0NDE4OTAzNSwiaWF0IjoxNzQzNTg0MjM1LCJqdGkiOiIyNmVhMjQ0NmU1MzM0NjFhOWJlMjkyODAyNGE2NTkzZiIsInVzZXJfaWQiOjEwfQ.s1Q2pWMLfFSZoyLs4bMrdOlG90vb5uS53QVu4rSfLag','2025-04-02 08:57:15.772782','2025-04-09 08:57:15.000000',10,'26ea2446e533461a9be2928024a6593f'),(564,'eyJhbGciOiJIUzI1NiIsInR5cCI6IkpXVCJ9.eyJ0b2tlbl90eXBlIjoicmVmcmVzaCIsImV4cCI6MTc0NDE5MzgzMywiaWF0IjoxNzQzNTg5MDMzLCJqdGkiOiJjNmExZTQ2NDMzYjk0NDkzYTBmZjhkYTI3NGY5YmU4NiIsInVzZXJfaWQiOjExfQ.A8jcIKRKDdaeyChwML-NetVTI0GVlRhqxbYNRKXBg7Q','2025-04-02 10:17:13.238514','2025-04-09 10:17:13.000000',11,'c6a1e46433b94493a0ff8da274f9be86'),(565,'eyJhbGciOiJIUzI1NiIsInR5cCI6IkpXVCJ9.eyJ0b2tlbl90eXBlIjoicmVmcmVzaCIsImV4cCI6MTc0NDE5NjIyOSwiaWF0IjoxNzQzNTkxNDI5LCJqdGkiOiJmMzlmYjExMjg5MzI0OTRmOTZlYmQyOGVhYzcxMjkzMiIsInVzZXJfaWQiOjExfQ.1KEV-PEkWJPdl4s4jkcIkxodcb2HzHPeGYDmgGDAz-w','2025-04-02 10:57:09.319040','2025-04-09 10:57:09.000000',11,'f39fb1128932494f96ebd28eac712932'),(566,'eyJhbGciOiJIUzI1NiIsInR5cCI6IkpXVCJ9.eyJ0b2tlbl90eXBlIjoicmVmcmVzaCIsImV4cCI6MTc0NDE5ODI4MSwiaWF0IjoxNzQzNTkzNDgxLCJqdGkiOiIwOTAzOGQwMjkxOWY0NjcxODJmMmRhYmY4NTg2MWE4MSIsInVzZXJfaWQiOjExfQ.1PUpYLPic86QjLnDplJC7sJiSJn8Fq5KJ6djxo12GJ8','2025-04-02 11:31:21.183133','2025-04-09 11:31:21.000000',11,'09038d02919f467182f2dabf85861a81'),(567,'eyJhbGciOiJIUzI1NiIsInR5cCI6IkpXVCJ9.eyJ0b2tlbl90eXBlIjoicmVmcmVzaCIsImV4cCI6MTc0NDE5ODUzNywiaWF0IjoxNzQzNTkzNzM3LCJqdGkiOiIzMTZmMDAwOTg5MTc0YzMzYjcyN2U2MzYwYjA0ZGJiMyIsInVzZXJfaWQiOjExfQ.avUi_vBUNvA4xlex8HKtxM8R1n_-BX0rI5jHXBg4Bow','2025-04-02 11:35:37.655285','2025-04-09 11:35:37.000000',11,'316f000989174c33b727e6360b04dbb3'),(568,'eyJhbGciOiJIUzI1NiIsInR5cCI6IkpXVCJ9.eyJ0b2tlbl90eXBlIjoicmVmcmVzaCIsImV4cCI6MTc0NDE5ODcxOCwiaWF0IjoxNzQzNTkzOTE4LCJqdGkiOiI5Mzc4MGE5ZTc1OTg0Njg2YTBlZmM0NjVhZTQ5NDJlOCIsInVzZXJfaWQiOjExfQ.tnxSSQ0_OH9ykIPUtgVGIGo1Mmir39TQDmJSVLlCJr4','2025-04-02 11:38:38.609604','2025-04-09 11:38:38.000000',11,'93780a9e75984686a0efc465ae4942e8'),(569,'eyJhbGciOiJIUzI1NiIsInR5cCI6IkpXVCJ9.eyJ0b2tlbl90eXBlIjoicmVmcmVzaCIsImV4cCI6MTc0NDE5ODcxOSwiaWF0IjoxNzQzNTkzOTE5LCJqdGkiOiI1NGI1NDg5YTllNWI0YzQzOTlkYjE2YjVkOGUwMTkzNyIsInVzZXJfaWQiOjExfQ.RIt5DB3k8vKxFZyFxv_A99CXgoLPqRd5Ms41MwwTHLY','2025-04-02 11:38:39.042814','2025-04-09 11:38:39.000000',11,'54b5489a9e5b4c4399db16b5d8e01937'),(570,'eyJhbGciOiJIUzI1NiIsInR5cCI6IkpXVCJ9.eyJ0b2tlbl90eXBlIjoicmVmcmVzaCIsImV4cCI6MTc0NDE4OTI0MCwiaWF0IjoxNzQzNTg0NDQwLCJqdGkiOiJmM2UzMmQwNjU4OTA0NzA5OTVlNGM4MTEyMjcxNGUzMSIsInVzZXJfaWQiOjExfQ.MxT1H61_GjQMvHrHaNV7HpAg9u3asAm4TjB5dK7Xk40',NULL,'2025-04-09 09:00:40.000000',NULL,'f3e32d065890470995e4c81122714e31'),(571,'eyJhbGciOiJIUzI1NiIsInR5cCI6IkpXVCJ9.eyJ0b2tlbl90eXBlIjoicmVmcmVzaCIsImV4cCI6MTc0NDE5OTUwMCwiaWF0IjoxNzQzNTk0NzAwLCJqdGkiOiI2YmFjODFlYzY2NzA0ZjI0OGUzZTRiYjlkMTk5ZDIzMyIsInVzZXJfaWQiOjEyfQ.CXTFGM-3V_JF7QEFwyOduOt8SDp9HSAkmzRUVUbTzoQ','2025-04-02 11:51:40.343078','2025-04-09 11:51:40.000000',12,'6bac81ec66704f248e3e4bb9d199d233'),(572,'eyJhbGciOiJIUzI1NiIsInR5cCI6IkpXVCJ9.eyJ0b2tlbl90eXBlIjoicmVmcmVzaCIsImV4cCI6MTc0NDE5OTU0NSwiaWF0IjoxNzQzNTk0NzQ1LCJqdGkiOiIzMWRiMmNiNDEwMDY0YjFkOWEwM2VjZWYyYTk3ODVlMCIsInVzZXJfaWQiOjEyfQ.l0CksmJhLBdTAFa0PVA-JjnE08PIP0KoXVtZmRKuyUk','2025-04-02 11:52:25.578749','2025-04-09 11:52:25.000000',12,'31db2cb410064b1d9a03ecef2a9785e0'),(573,'eyJhbGciOiJIUzI1NiIsInR5cCI6IkpXVCJ9.eyJ0b2tlbl90eXBlIjoicmVmcmVzaCIsImV4cCI6MTc0NDI1NzUwOSwiaWF0IjoxNzQzNjUyNzA5LCJqdGkiOiI0MzFlZjg4MThlNTI0NDA2OTAwZThmYzc3ZTczOTg2ZiIsInVzZXJfaWQiOjExfQ.kNIcOFhDjDqW37FjSQJFcim7HF6PoQEvH2WIDWOINxM','2025-04-03 03:58:29.304221','2025-04-10 03:58:29.000000',11,'431ef8818e524406900e8fc77e73986f'),(574,'eyJhbGciOiJIUzI1NiIsInR5cCI6IkpXVCJ9.eyJ0b2tlbl90eXBlIjoicmVmcmVzaCIsImV4cCI6MTc0NDM1OTYzMCwiaWF0IjoxNzQzNzU0ODMwLCJqdGkiOiJjNjFjYzhiOThlYjg0ZGFhYWY0YmYwMDZkOWVjZWM3ZCIsInVzZXJfaWQiOjE4fQ.qt_tIy7CxauKvJyZcoCNa2fIfwskcds1PIfvpoLXWSY','2025-04-04 08:20:30.456853','2025-04-11 08:20:30.000000',18,'c61cc8b98eb84daaaf4bf006d9ecec7d'),(575,'eyJhbGciOiJIUzI1NiIsInR5cCI6IkpXVCJ9.eyJ0b2tlbl90eXBlIjoicmVmcmVzaCIsImV4cCI6MTc0NDM1OTc1NywiaWF0IjoxNzQzNzU0OTU3LCJqdGkiOiJkZmU1ZDFhMDIwM2E0MDM3YWZjZGVhMDAwYmRmMzc5MiIsInVzZXJfaWQiOjEyfQ.jBOkqv1urJNkekP5jIfirrQAiSmtTGsYs4ZQxpds2fs','2025-04-04 08:22:37.783664','2025-04-11 08:22:37.000000',12,'dfe5d1a0203a4037afcdea000bdf3792'),(576,'eyJhbGciOiJIUzI1NiIsInR5cCI6IkpXVCJ9.eyJ0b2tlbl90eXBlIjoicmVmcmVzaCIsImV4cCI6MTc0NDQzMjAwOSwiaWF0IjoxNzQzODI3MjA5LCJqdGkiOiIyYzcxMTNmZjZhNmY0MGQwYTk5NWEyMWU4ZTk4YTliNiIsInVzZXJfaWQiOjEyfQ.VFkohxS6dkzYHuBlrnDHID6QBG8tbENZxRQosaDcH9o',NULL,'2025-04-12 04:26:49.000000',NULL,'2c7113ff6a6f40d0a995a21e8e98a9b6'),(577,'eyJhbGciOiJIUzI1NiIsInR5cCI6IkpXVCJ9.eyJ0b2tlbl90eXBlIjoicmVmcmVzaCIsImV4cCI6MTc0NDQzMjEwMCwiaWF0IjoxNzQzODI3MzAwLCJqdGkiOiIwNzdiMWQ5NzZhODU0MWY2ODEwNmIzM2RkZmQ4MmM4YiIsInVzZXJfaWQiOjE4fQ.nCJMCibxhF9gnGehYy0U6zAKKDMcIMHd10DeWfqYQmw','2025-04-05 04:28:20.526637','2025-04-12 04:28:20.000000',18,'077b1d976a8541f68106b33ddfd82c8b'),(578,'eyJhbGciOiJIUzI1NiIsInR5cCI6IkpXVCJ9.eyJ0b2tlbl90eXBlIjoicmVmcmVzaCIsImV4cCI6MTc0NDQzMjEwNywiaWF0IjoxNzQzODI3MzA3LCJqdGkiOiI5ZDc3NDVkZjNlOGM0MmZkYTE2OTE2YzlhODZhNjU1OSIsInVzZXJfaWQiOjE4fQ.PudBhDYnLU5BpDIdm3AiP-SBNHx4i5Fk8I3wz29XrUY','2025-04-05 04:28:27.460373','2025-04-12 04:28:27.000000',18,'9d7745df3e8c42fda16916c9a86a6559'),(579,'eyJhbGciOiJIUzI1NiIsInR5cCI6IkpXVCJ9.eyJ0b2tlbl90eXBlIjoicmVmcmVzaCIsImV4cCI6MTc0NDQzMjMzNCwiaWF0IjoxNzQzODI3NTM0LCJqdGkiOiI2MGRiNTNhYTdhMjU0MDA0YmFhYWQxOWQyZTY3ZjU5NCIsInVzZXJfaWQiOjE4fQ.JWlR6nAyZOywpv68-Vo7bA9Zm8aRbixcbanXr-lR4Fw','2025-04-05 04:32:14.961720','2025-04-12 04:32:14.000000',18,'60db53aa7a254004baaad19d2e67f594'),(580,'eyJhbGciOiJIUzI1NiIsInR5cCI6IkpXVCJ9.eyJ0b2tlbl90eXBlIjoicmVmcmVzaCIsImV4cCI6MTc0NDQzNDgzMiwiaWF0IjoxNzQzODMwMDMyLCJqdGkiOiJjZTA3MTQ2YmYxZjE0YjM4OTBiZDIzMWYzYjY1MzEwOSIsInVzZXJfaWQiOjE4fQ.3zfLnHnpf4339QE29Gxz8awPgbLNP4eaBoXEj0w-cDo','2025-04-05 05:13:52.063481','2025-04-12 05:13:52.000000',18,'ce07146bf1f14b3890bd231f3b653109'),(581,'eyJhbGciOiJIUzI1NiIsInR5cCI6IkpXVCJ9.eyJ0b2tlbl90eXBlIjoicmVmcmVzaCIsImV4cCI6MTc0NDQ1Nzk2MCwiaWF0IjoxNzQzODUzMTYwLCJqdGkiOiI4N2E4MzA5MjFmZmY0MDg2OWYwYzhhYWJkMjU0MjYwZSIsInVzZXJfaWQiOjE4fQ.Fy0WBXSVfh2ArcyIFCh5KaLby8g8Ps1W0w4QBQ7tDB4','2025-04-05 11:39:20.958786','2025-04-12 11:39:20.000000',18,'87a830921fff40869f0c8aabd254260e'),(582,'eyJhbGciOiJIUzI1NiIsInR5cCI6IkpXVCJ9.eyJ0b2tlbl90eXBlIjoicmVmcmVzaCIsImV4cCI6MTc0NDYyODEzNCwiaWF0IjoxNzQ0MDIzMzM0LCJqdGkiOiI2ZmViZmE0YWIyYWE0N2FiYmE4MWUyNTY1ZDgxN2U5NCIsInVzZXJfaWQiOjEyfQ.ZE-s0x7DA8TmUVl7W1y-iwz-Bk3hRa7F8Rv1eBOZ4As','2025-04-07 10:55:34.769519','2025-04-14 10:55:34.000000',12,'6febfa4ab2aa47abba81e2565d817e94'),(583,'eyJhbGciOiJIUzI1NiIsInR5cCI6IkpXVCJ9.eyJ0b2tlbl90eXBlIjoicmVmcmVzaCIsImV4cCI6MTc0NDY4OTQzNCwiaWF0IjoxNzQ0MDg0NjM0LCJqdGkiOiI4NjkwZDk4M2IzYmQ0NjdiODMzYTM2OGQ4NGNkMDc3ZiIsInVzZXJfaWQiOjEyfQ.uPrpqlo3-cfGeKSxUwItaDJwvQDw6MGvkHVU81FxEFY','2025-04-08 03:57:14.355958','2025-04-15 03:57:14.000000',12,'8690d983b3bd467b833a368d84cd077f'),(584,'eyJhbGciOiJIUzI1NiIsInR5cCI6IkpXVCJ9.eyJ0b2tlbl90eXBlIjoicmVmcmVzaCIsImV4cCI6MTc0NDY5MTU4NCwiaWF0IjoxNzQ0MDg2Nzg0LCJqdGkiOiIzYzU1OTY5ODFlZTA0NjczYjE0ZThjOWJiZjJiYTEyYyIsInVzZXJfaWQiOjEyfQ.-kqEq5Uvr6aQDXdgNQdSmbGaCh3NsBCQiGAjqezQTF0','2025-04-08 04:33:04.366549','2025-04-15 04:33:04.000000',12,'3c5596981ee04673b14e8c9bbf2ba12c'),(585,'eyJhbGciOiJIUzI1NiIsInR5cCI6IkpXVCJ9.eyJ0b2tlbl90eXBlIjoicmVmcmVzaCIsImV4cCI6MTc0NDc4NjU2NCwiaWF0IjoxNzQ0MTgxNzY0LCJqdGkiOiI5NjQ2Y2ZlMGMwOGM0ZjExODlmZGFlMTE4NjBiMzIzZiIsInVzZXJfaWQiOjEwfQ.lkbYHOcCbYdd2QzKlH7KOGqEyhliwhRHJiYq2q7YA5s','2025-04-09 06:56:04.246386','2025-04-16 06:56:04.000000',10,'9646cfe0c08c4f1189fdae11860b323f'),(586,'eyJhbGciOiJIUzI1NiIsInR5cCI6IkpXVCJ9.eyJ0b2tlbl90eXBlIjoicmVmcmVzaCIsImV4cCI6MTc0NDc4Njc3MCwiaWF0IjoxNzQ0MTgxOTcwLCJqdGkiOiI0ODE1ZjQwZWMzOTg0OWY3OWJkMmMxNzU3MDExMzM3NyIsInVzZXJfaWQiOjF9.-_OfGgqQUNsGRoenTORXWBlraQxQj7tjxolE8eYnh9o','2025-04-09 06:59:30.748601','2025-04-16 06:59:30.000000',1,'4815f40ec39849f79bd2c17570113377'),(587,'eyJhbGciOiJIUzI1NiIsInR5cCI6IkpXVCJ9.eyJ0b2tlbl90eXBlIjoicmVmcmVzaCIsImV4cCI6MTc0NDg4OTEwNywiaWF0IjoxNzQ0Mjg0MzA3LCJqdGkiOiJmYWZhYTg4Nzc2YmQ0ZDA5OTAzMTNjN2ZmZjA3ZjYyNiIsInVzZXJfaWQiOjEyfQ.wFzJECZ5TmGb9SnZrXVmJA3bigBlpXvjH8Mg5XzrEcA','2025-04-10 11:25:07.889650','2025-04-17 11:25:07.000000',12,'fafaa88776bd4d0990313c7fff07f626'),(588,'eyJhbGciOiJIUzI1NiIsInR5cCI6IkpXVCJ9.eyJ0b2tlbl90eXBlIjoicmVmcmVzaCIsImV4cCI6MTc0NDk1NjIxMSwiaWF0IjoxNzQ0MzUxNDExLCJqdGkiOiI5ZDZjZTYzODI2ZDY0OGMxYmU2ZGQzYzNiMGM4NzEzZCIsInVzZXJfaWQiOjF9.pD0i_NVZQhGx5zs0QF5TviiwlCSCdiyNVzbfwoomKBE','2025-04-11 06:03:31.729778','2025-04-18 06:03:31.000000',1,'9d6ce63826d648c1be6dd3c3b0c8713d'),(589,'eyJhbGciOiJIUzI1NiIsInR5cCI6IkpXVCJ9.eyJ0b2tlbl90eXBlIjoicmVmcmVzaCIsImV4cCI6MTc0NTA0MzgzNywiaWF0IjoxNzQ0NDM5MDM3LCJqdGkiOiI1MDMxMzlkMGU3NmI0MmFjOTY1ZThlYmI2Y2QzM2JjMSIsInVzZXJfaWQiOjExfQ.bhsv9IgcdorfAKSM7YbCEAeJKDCi83YzC-N7iXBksIQ','2025-04-12 06:23:57.322250','2025-04-19 06:23:57.000000',11,'503139d0e76b42ac965e8ebb6cd33bc1'),(590,'eyJhbGciOiJIUzI1NiIsInR5cCI6IkpXVCJ9.eyJ0b2tlbl90eXBlIjoicmVmcmVzaCIsImV4cCI6MTc0NTI5NTk0NywiaWF0IjoxNzQ0NjkxMTQ3LCJqdGkiOiIyMTc5MjI2NDFlYTE0YzU1OTc4Mzk3ZDQwZDJkNTc1MyIsInVzZXJfaWQiOjE4fQ.KasICnGEjj8PXTeM2E-01MyEoOdPozpoDwTX2TT0KrU','2025-04-15 04:25:47.499695','2025-04-22 04:25:47.000000',18,'217922641ea14c55978397d40d2d5753'),(591,'eyJhbGciOiJIUzI1NiIsInR5cCI6IkpXVCJ9.eyJ0b2tlbl90eXBlIjoicmVmcmVzaCIsImV4cCI6MTc0NTMxMDg2OCwiaWF0IjoxNzQ0NzA2MDY4LCJqdGkiOiIyYTMwNDFkM2QzMDM0ZDNjOTNlZjkyZjE3MTZjNjQ0ZiIsInVzZXJfaWQiOjExfQ.wy9gYo8W2yStjgsXjiOi9QGZ4Cxuv5P4mNc0sliQmCE','2025-04-15 08:34:28.674479','2025-04-22 08:34:28.000000',11,'2a3041d3d3034d3c93ef92f1716c644f'),(592,'eyJhbGciOiJIUzI1NiIsInR5cCI6IkpXVCJ9.eyJ0b2tlbl90eXBlIjoicmVmcmVzaCIsImV4cCI6MTc0NTQwNDE3MiwiaWF0IjoxNzQ0Nzk5MzcyLCJqdGkiOiI1YzkwYTM2MTk5ZWI0YTU4YTU3MWFmNmI5ZmU0Mzk3ZiIsInVzZXJfaWQiOjEwfQ.i-Xnn0QfIvioD4Wu4Uf3SFUO9iT4Rhvtwuc5QDyWYJ8','2025-04-16 10:29:32.846084','2025-04-23 10:29:32.000000',10,'5c90a36199eb4a58a571af6b9fe4397f'),(593,'eyJhbGciOiJIUzI1NiIsInR5cCI6IkpXVCJ9.eyJ0b2tlbl90eXBlIjoicmVmcmVzaCIsImV4cCI6MTc0NTQ3MTkzNywiaWF0IjoxNzQ0ODY3MTM3LCJqdGkiOiJhN2IxNWY4Y2FjMmU0ZTNlOWJmYmI3NDdmODRkZGEyMCIsInVzZXJfaWQiOjEyfQ.3s9J5y0AwnZQkPFu5sUSWQP-b93LMbAjmhOWQuR2OAs','2025-04-17 05:18:57.785096','2025-04-24 05:18:57.000000',12,'a7b15f8cac2e4e3e9bfbb747f84dda20'),(594,'eyJhbGciOiJIUzI1NiIsInR5cCI6IkpXVCJ9.eyJ0b2tlbl90eXBlIjoicmVmcmVzaCIsImV4cCI6MTc0NTgyOTU3MiwiaWF0IjoxNzQ1MjI0NzcyLCJqdGkiOiI2M2FlNTkyYTkwYjc0MDFmOTViNTcxYzIxYzQyYTBmMyIsInVzZXJfaWQiOjEyfQ.9bddaz81pQNwHjvV5s4I89jywqlY_GVlR3r5OPtV5rQ',NULL,'2025-04-28 08:39:32.000000',NULL,'63ae592a90b7401f95b571c21c42a0f3'),(595,'eyJhbGciOiJIUzI1NiIsInR5cCI6IkpXVCJ9.eyJ0b2tlbl90eXBlIjoicmVmcmVzaCIsImV4cCI6MTc0NTgyOTU4MCwiaWF0IjoxNzQ1MjI0NzgwLCJqdGkiOiI2ZTNiMGZmMGFkNDI0ZDUxOTkwNmYzMTlhMGUxMWQ1MiIsInVzZXJfaWQiOjEwfQ.Gzvr5d2a8Ju-PkCE1uXDrVUeLbRo90IsxVOQJrn5JkU','2025-04-21 08:39:40.309760','2025-04-28 08:39:40.000000',10,'6e3b0ff0ad424d519906f319a0e11d52'),(596,'eyJhbGciOiJIUzI1NiIsInR5cCI6IkpXVCJ9.eyJ0b2tlbl90eXBlIjoicmVmcmVzaCIsImV4cCI6MTc0NTgzMDI2OCwiaWF0IjoxNzQ1MjI1NDY4LCJqdGkiOiI2Y2IwYzZmYzU0ZGY0OGQ4ODU0ZTRhODdhNTg0MGY0MiIsInVzZXJfaWQiOjF9.dkJEx69cpF0RvEuVaVf3bEiR7YONiF0wwMsIEQlY764','2025-04-21 08:51:08.141163','2025-04-28 08:51:08.000000',1,'6cb0c6fc54df48d8854e4a87a5840f42'),(597,'eyJhbGciOiJIUzI1NiIsInR5cCI6IkpXVCJ9.eyJ0b2tlbl90eXBlIjoicmVmcmVzaCIsImV4cCI6MTc0NTgzMDM3MywiaWF0IjoxNzQ1MjI1NTczLCJqdGkiOiI3ODBhZjk2MmE0NjA0NTNmODk1YWE4YjJiZjAxMGMzOSIsInVzZXJfaWQiOjF9.pk1AeKuTdZwttrFcOjFRe67RbOMyh9KWbwePlPpfutE','2025-04-21 08:52:53.835669','2025-04-28 08:52:53.000000',1,'780af962a460453f895aa8b2bf010c39'),(598,'eyJhbGciOiJIUzI1NiIsInR5cCI6IkpXVCJ9.eyJ0b2tlbl90eXBlIjoicmVmcmVzaCIsImV4cCI6MTc0NTgzMDgxOCwiaWF0IjoxNzQ1MjI2MDE4LCJqdGkiOiJmNDBjMzZiNzJkMzI0OTg4YWIzY2VhNTU3MjQzZmU2MCIsInVzZXJfaWQiOjEwfQ.Bte2kmAdP-bDoKtQIgwoz8UP9jpv3U99ugDW9iVqaXs','2025-04-21 09:00:18.701273','2025-04-28 09:00:18.000000',10,'f40c36b72d324988ab3cea557243fe60'),(599,'eyJhbGciOiJIUzI1NiIsInR5cCI6IkpXVCJ9.eyJ0b2tlbl90eXBlIjoicmVmcmVzaCIsImV4cCI6MTc0NTgzNTU3MSwiaWF0IjoxNzQ1MjMwNzcxLCJqdGkiOiI2OTIxOGI1MTViNzc0YWUyYWJiOGI5ZjNiZjhhZDAwZCIsInVzZXJfaWQiOjF9.SINBE4L2K0zMVK0GbxrWkvth1mht5eOVKvldwuguia8','2025-04-21 10:19:31.318596','2025-04-28 10:19:31.000000',1,'69218b515b774ae2abb8b9f3bf8ad00d'),(600,'eyJhbGciOiJIUzI1NiIsInR5cCI6IkpXVCJ9.eyJ0b2tlbl90eXBlIjoicmVmcmVzaCIsImV4cCI6MTc0NTkyOTMyNywiaWF0IjoxNzQ1MzI0NTI3LCJqdGkiOiJjYWIyNWJiNGJmYTU0OTkxOWVlMzFiODU2N2FmYjg0NCIsInVzZXJfaWQiOjExfQ.w1reKjyqncJOBNlsgsUA_KMOtXH3Iwb72BoNsh1tqJ0','2025-04-22 12:22:07.807413','2025-04-29 12:22:07.000000',11,'cab25bb4bfa549919ee31b8567afb844'),(601,'eyJhbGciOiJIUzI1NiIsInR5cCI6IkpXVCJ9.eyJ0b2tlbl90eXBlIjoicmVmcmVzaCIsImV4cCI6MTc0NjAxMzYwMiwiaWF0IjoxNzQ1NDA4ODAyLCJqdGkiOiI2M2RhNmMzMjU5YmU0NzQyYmUyYzlhNmNhMmVhOTdmMCIsInVzZXJfaWQiOjE4fQ.thmWpoew6KuKoTRsTjQV_oGmHUbfZndbATzfjo7BF_U','2025-04-23 11:46:42.432297','2025-04-30 11:46:42.000000',18,'63da6c3259be4742be2c9a6ca2ea97f0');
/*!40000 ALTER TABLE `token_blacklist_outstandingtoken` ENABLE KEYS */;
UNLOCK TABLES;
/*!40103 SET TIME_ZONE=@OLD_TIME_ZONE */;

/*!40101 SET SQL_MODE=@OLD_SQL_MODE */;
/*!40014 SET FOREIGN_KEY_CHECKS=@OLD_FOREIGN_KEY_CHECKS */;
/*!40014 SET UNIQUE_CHECKS=@OLD_UNIQUE_CHECKS */;
/*!40101 SET CHARACTER_SET_CLIENT=@OLD_CHARACTER_SET_CLIENT */;
/*!40101 SET CHARACTER_SET_RESULTS=@OLD_CHARACTER_SET_RESULTS */;
/*!40101 SET COLLATION_CONNECTION=@OLD_COLLATION_CONNECTION */;
/*!40111 SET SQL_NOTES=@OLD_SQL_NOTES */;

-- Dump completed on 2025-04-29 11:53:22
